AAGGAG10,1,,label,
ABASOO,1,,0,non cage non macrocycle
ABAXAG,1,,1,macrocycle
ABAXEK,1,,2,cage
ABEHEW,1,,,
ABEHIA,1,,,
ABEHOG,1,,,
ABEHUM,1,,,
ABEJAU,1,,,
ABEJEY,1,,,
ABENIF,1,,,
ABERIJ,1,,,
ABIDAQ,1,,,
ABIFEY,2,,,
ABIGOH,1,,,
ABIGUN,1,,,
ABIHIC,1,,,
ABIHOI,1,,,
ABIKUU,2,,,
ABILAB,2,,,
ABILEF,2,,,
ABILIJ,2,,,
ABILOP,2,,,
ABILUV,2,,,
ABIMAC,2,,,
ABIMEG,2,,,
ABIMIK,2,,,
ABIMUW,2,,,
ABINAD,2,,,
ABINEH,2,,,
ABINIL,2,,,
ABINUX,2,,,
ABIPAF,2,,,
ABIPEJ,2,,,
ABIQEK,2,,,
ABIQIO,2,,,
ABIVAI,1,,,
ABIVAJ,1,,,
ABIVEM,1,,,
ABIVUG,1,,,
ABOJOR,1,,,
ABOKIO,1,,,
ABOLEL,1,,,
ABOMOT,1,,,
ABOVUK,1,,,
ABOWOD,1,,,
ABOXAQ,1,,,
ABOXEU,1,,,
ABUDAC,1,,,
ABUDAD,1,,,
ABUDAD01,1,,,
ABUDEG,1,,,
ABUDIK,1,,,
ABUDOQ,1,,,
ABUDUW,1,,,
ABUJOA,1,,,
ABUJUG,1,,,
ABUKAN,1,,,
ABUKER,1,,,
ABUKIV,1,,,
ABUKOB,1,,,
ABULES,1,,,
ABULIW,1,,,
ABULOC,1,,,
ABULOZ,1,,,
ABULUI,1,,,
ABURAS,1,,,
ABURIY,1,,,
ABUROE,1,,,
ABUTEY,1,,,
ABUYAY,1,,,
ACAJAP,1,,,
ACAJIA,1,,,
ACAVAE,1,,,
ACAVOQ,1,,,
ACAVUW,1,,,
ACAWAD,1,,,
ACAWEH,1,,,
ACAWIL,1,,,
ACDHBA01,1,,,
ACDMNP,1,,,
ACDPNP01,1,,,
ACEBUG,1,,,
ACEJUO,1,,,
ACEMUU,1,,,
ACERIN,1,,,
ACERIN01,1,,,
ACEZUG,1,,,
ACIBAS,1,,,
ACIBEW,1,,,
ACIBIA,1,,,
ACIBOG,1,,,
ACICAT,1,,,
ACICEX,1,,,
ACICOE,1,,,
ACILEE,1,,,
ACIPEK,1,,,
ACIVUE,1,,,
ACIWAL,1,,,
ACNOCT,1,,,
ACOHOP,1,,,
ACOJUZ,1,,,
ACOKAG,1,,,
ACOKEK,1,,,
ACOPOZ,1,,,
ACOPUF,1,,,
ACOQAM,1,,,
ACOQEQ,1,,,
ACOQIU,1,,,
ACOSOC,1,,,
ACOSUI,1,,,
ACOTUH,2,,,
ACOVAP,2,,,
ACOZEY,1,,,
ACOZIB,1,,,
ACOZUO,1,,,
ACPHDR,1,,,
ACUBOQ,1,,,
ACUMOC,1,,,
ACUNAN,1,,,
ACUNAO,1,,,
ACUNER,1,,,
ACUNES,1,,,
ACUNIV,1,,,
ACUNOB,1,,,
ACUPIX,1,,,
ACUPOG,2,,,
ACUWUR,1,,,
ACUXIF,1,,,
ACUXIG,2,,,
ADABUD,1,,,
ADAFES,1,,,
ADAFIW,1,,,
ADAHEW,1,,,
ADAJIY,1,,,
ADAQEE,2,,,
ADAYEN,1,,,
ADAYIR,1,,,
ADEDOD,1,,,
ADIDIC,1,,,
ADIHIE,1,,,
ADIKIJ,1,,,
ADINIL,1,,,
ADISAL,1,,,
ADIZOG,1,,,
ADOBAA,1,,,
ADOBEE,1,,,
ADOBII,1,,,
ADOBOO,1,,,
ADOBUQ,1,,,
ADOCAX,1,,,
ADOGIK,1,,,
ADOGIK01,1,,,
ADOGIK02,1,,,
ADOMUC,1,,,
ADONAJ,1,,,
ADOSEU,1,,,
ADOSUH,1,,,
ADOTAO,1,,,
ADOTIW,1,,,
ADOTOC,1,,,
ADOWIZ,1,,,
ADOXEW,1,,,
ADOZIC,1,,,
ADUBEG,1,,,
ADUGAH,1,,,
ADUHIU,1,,,
ADUHOA,1,,,
ADUMOF,1,,,
ADUNUI,1,,,
ADUPEV,1,,,
ADUPIZ,1,,,
ADUQOJ,1,,,
ADURAT,1,,,
ADUWAZ,1,,,
AFABAL,1,,,
AFACET,1,,,
AFACIX,1,,,
AFACOD,1,,,
AFALEY,1,,,
AFALIC,1,,,
AFAMON,1,,,
AFAXEM,2,,,
AFAYEN,1,,,
AFAYOY,1,,,
AFEBES,1,,,
AFEBIW,1,,,
AFEBOC,1,,,
AFEKON,1,,,
AFELAA,1,,,
AFEPAF,2,,,
AFEPOU,2,,,
AFIDEC,2,,,
AFIFOM,1,,,
AFIHUS,1,,,
AFIJAA,1,,,
AFIJEI,1,,,
AFIJIM,1,,,
AFIKOS,1,,,
AFILUW,1,,,
AFITUG,1,,,
AFOHUC,1,,,
AFOKOX,1,,,
AFOKUD,1,,,
AFOKUE,1,,,
AFOWEB,1,,,
AFOWIF,1,,,
AFOWOL,1,,,
AFOWUR,1,,,
AFOXAY,1,,,
AFOXEC,1,,,
AFOXIG,1,,,
AFOXOM,1,,,
AFOXUS,1,,,
AFOYAZ,1,,,
AFOYED,2,,,
AFOYIH,2,,,
AFUTOL,1,,,
AFUVED,1,,,
AFUWON,1,,,
AFUWON01,1,,,
AFUWUT,1,,,
AGAHOI,1,,,
AGAHUO,1,,,
AGAJAW,1,,,
AGAJEA,1,,,
AGAJEX,1,,,
AGAJIB,1,,,
AGAJIE,1,,,
AGAJOH,1,,,
AGAJOK,1,,,
AGAJUQ,1,,,
AGAKEB,2,,,
AGAKOL,2,,,
AGAKUR,2,,,
AGAPAB,1,,,
AGASEG,1,,,
AGAVOX,1,,,
AGEFIE,1,,,
AGEJED,1,,,
AGEKEE,1,,,
AGEKII,1,,,
AGEKOO,1,,,
AGEPAE,1,,,
AGEPIL,1,,,
AGEQOV,2,,,
AGEQUB,2,,,
AGETIR,1,,,
AGETOX,1,,,
AGEYIX,1,,,
AGEYOD,1,,,
AGICAY,1,,,
AGICEC,1,,,
AGICIG,1,,,
AGIQAK,1,,,
AGIQEO,1,,,
AGIQIS,1,,,
AGIYAR,1,,,
AGIYEV,1,,,
AGIZIB,1,,,
AGIZOH,1,,,
AGOMIS,1,,,
AGOQOE,1,,,
AGUPUR,1,,,
AGUQAY,1,,,
AGUWEI,1,,,
AGUXEJ,1,,,
AGUXIN,1,,,
AGUXOT,1,,,
AGUXUZ,1,,,
AHALON,2,,,
AHALUT,2,,,
AHAXAM,2,,,
AHEBUK,2,,,
AHEFEZ,1,,,
AHEFID,1,,,
AHEFOJ,1,,,
AHEHED,1,,,
AHELEG,1,,,
AHEMUW,1,,,
AHENUW,1,,,
AHENUZ,1,,,
AHEPOV,1,,,
AHEREM,1,,,
AHEWER,1,,,
AHEWIU,1,,,
AHEWIV,1,,,
AHEWOB,1,,,
AHEWUH,1,,,
AHEXAO,1,,,
AHEXES,1,,,
AHEXIW,1,,,
AHEZAQ,1,,,
AHIFAY,1,,,
AHIWOH,1,,,
AHOHIQ,1,,,
AHOHUC,1,,,
AHOKEO,1,,,
AHOROE,1,,,
AHOYIF,1,,,
AHOYIH,1,,,
AHUBOU,1,,,
AHUBUA,1,,,
AHUCIT,1,,,
AHUCOZ,1,,,
AHUDAM,1,,,
AHUDEM,1,,,
AHUDIU,1,,,
AHUDUG,1,,,
AHUHAQ,1,,,
AHUPEY,1,,,
AHUQAX,1,,,
AHUSOO,1,,,
AHUSUU,1,,,
AHUTAB,1,,,
AHUTEF,1,,,
AJADOE,1,,,
AJAFOI,1,,,
AJAFUO,1,,,
AJAGAV,1,,,
AJAROV,1,,,
AJARUB,1,,,
AJASAI,1,,,
AJASEM,1,,,
AJASIQ,1,,,
AJAYUF,1,,,
AJEPUD,2,,,
AJERAJ,1,,,
AJERIR,1,,,
AJERIR01,1,,,
AJEWES,1,,,
AJEYUN,1,,,
AJEYUN01,1,,,
AJEYUN02,1,,,
AJEYUN03,1,,,
AJEYUN04,1,,,
AJIJIP,1,,,
AJIJOS,1,,,
AJILUA,1,,,
AJIQUJ,1,,,
AJIRAQ,1,,,
AJOHUD,2,,,
AJOJAL,2,,,
AJOKIU,1,,,
AJOKOA,1,,,
AJOLAN,1,,,
AJOLET,2,,,
AJOLOD,1,,,
AJOLUJ,1,,,
AJOMAQ,1,,,
AJOMEU,1,,,
AJOMIY,1,,,
AJOMOE,1,,,
AJOPEX,1,,,
AJOPOF,2,,,
AJOQEX,1,,,
AJOXAC,1,,,
AJOXEG,1,,,
AJOXIK,1,,,
AJOXUW,1,,,
AJOYIL,1,,,
AJOYOR,1,,,
AJOYUX,1,,,
AJOZAE,1,,,
AJOZEI,1,,,
AJOZIM,1,,,
AJUCAK,2,,,
AJUCEO,2,,,
AJUNEY,1,,,
AJUNOJ,1,,,
AJUPAX,1,,,
AJUREC,1,,,
AJUROM,1,,,
AJUSAZ,1,,,
AJUTEE,1,,,
AJUXEI,1,,,
AJUXIM,1,,,
AJUXOS,1,,,
AJUXUY,1,,,
AJUYAF,1,,,
AJUYIN,1,,,
AKABOH,1,,,
AKACOG,1,,,
AKACUM,1,,,
AKACUM01,1,,,
AKADEX,1,,,
AKADIB,1,,,
AKAFEB,1,,,
AKALEF,1,,,
AKALOP,1,,,
AKAMUY,1,,,
AKANAF,1,,,
AKAVUH,1,,,
AKAYAQ,1,,,
AKAYEQ,1,,,
AKAYIU,1,,,
AKAYOE,1,,,
AKAYUK,1,,,
AKEBEA,1,,,
AKEBEZ,1,,,
AKEBID,1,,,
AKEBIE,1,,,
AKEBUR,1,,,
AKEFOO,1,,,
AKEFUU,1,,,
AKEGAB,1,,,
AKENUB,1,,,
AKEPAJ01,1,,,
AKEPEN,1,,,
AKEPIR,1,,,
AKEPOX,1,,,
AKIFAB,1,,,
AKIFAB01,1,,,
AKIFEJ,1,,,
AKIKAJ,1,,,
AKIMUE,1,,,
AKINAL,1,,,
AKINAM,1,,,
AKINEP,1,,,
AKINIT,1,,,
AKINOZ,1,,,
AKINUF,1,,,
AKITIZ,1,,,
AKIWID,1,,,
AKIXOH,1,,,
AKOWUS,1,,,
AKOXAZ,1,,,
AKUDUH,1,,,
AKUHIZ,1,,,
AKUPUT,1,,,
AKUVEH,2,,,
AKUVIL,2,,,
AKUWIM,1,,,
AKUWOS,1,,,
ALADAT,1,,,
ALADEX,1,,,
ALADIB,1,,,
ALADIB01,1,,,
ALADUN,1,,,
ALAFAV,1,,,
ALAFEZ,1,,,
ALAKIL,1,,,
ALAKOR,1,,,
ALAKUX,1,,,
ALALAE,1,,,
ALALEI,1,,,
ALALUW,1,,,
ALAZOD,1,,,
ALECIH,1,,,
ALECON,1,,,
ALEDUR,1,,,
ALEGUX,1,,,
ALEHAE,1,,,
ALEHEI,1,,,
ALEHIK,1,,,
ALEHIM,1,,,
ALEHUY,1,,,
ALEJEK,1,,,
ALEJOU,1,,,
ALEJUA,1,,,
ALEKAH,1,,,
ALEKUB,1,,,
ALELAI,1,,,
ALELEM,1,,,
ALELIQ,1,,,
ALELOW,1,,,
ALELUC,1,,,
ALENUA,1,,,
ALEPAL,1,,,
ALEPEP,1,,,
ALEROC,1,,,
ALETEQ,1,,,
ALETIU,1,,,
ALETIY,1,,,
ALETOE,1,,,
ALETUG,1,,,
ALETUG01,1,,,
ALEWOH,1,,,
ALEYEZ,1,,,
ALIGAE,1,,,
ALINOB,2,,,
ALOJEU,1,,,
ALOKIW,1,,,
ALOKOC,1,,,
ALOKUI,1,,,
ALOLAP,1,,,
ALOLAR,1,,,
ALONIC,1,,,
ALOPAU,1,,,
ALOVUU,2,,,
ALOWIJ,1,,,
ALOYOR,1,,,
ALPRAL10,1,,,
ALUGUL,1,,,
ALUHUM,1,,,
ALUJUO,1,,,
ALUKAV,1,,,
ALULAW,1,,,
ALUNAY,1,,,
ALUPOO,1,,,
ALUPUU,1,,,
ALUQAB,1,,,
ALUQIJ,1,,,
ALUROR,1,,,
ALURUX,1,,,
ALUSOP,1,,,
ALUSUV,1,,,
ALUYUD,2,,,
ALUZEO,2,,,
AMABEX,1,,,
AMABUN,1,,,
AMADEX,1,,,
AMADIB,1,,,
AMAGEB,1,,,
AMAMOR,1,,,
AMAMUX,1,,,
AMANAE,1,,,
AMAPIP,1,,,
AMAQIO,1,,,
AMAQOU,1,,,
AMAQUA,1,,,
AMARAH,1,,,
AMAREL,1,,,
AMEHAD,1,,,
AMEHAF,1,,,
AMEHEH,1,,,
AMEHEJ,1,,,
AMEHIL,1,,,
AMEHUX,1,,,
AMEJEJ,1,,,
AMEJIN,1,,,
AMEKAI,1,,,
AMIFAE,1,,,
AMIJUC,2,,,
AMOFAM,2,,,
AMOFIU,2,,,
AMOMOH,2,,,
AMONIC,2,,,
AMOSAX,1,,,
AMOSIF,1,,,
AMOSOL,1,,,
AMOSUR,1,,,
AMOYAG,1,,,
ANISAS,1,,,
ANISEW,1,,,
ANOJUK,1,,,
ANUJOK,1,,,
ANUJUQ,1,,,
ANUKOK,1,,,
ANUKUQ,1,,,
ANULAX,1,,,
ANULEB,1,,,
ANULIF,1,,,
ANUSOT,1,,,
ANUSUZ,1,,,
ANUTAG,1,,,
ANUTEK,1,,,
ANUTIO,1,,,
ANUTOU,1,,,
APARUH,1,,,
APEQUJ,1,,,
APESEU,2,,,
APIZAD,1,,,
APOTUX,1,,,
APOVAF,1,,,
APOVEJ,1,,,
APOVIN,1,,,
APUGIB,1,,,
APUGUN,1,,,
APUHAU,1,,,
APUPIL,1,,,
APUSEK,1,,,
AQADAY,2,,,
AQAKAH,1,,,
AQALAI,2,,,
AQAVIA,1,,,
AQAVIA01,1,,,
AQAVIA02,1,,,
AQEGAE,1,,,
AQIBEJ,2,,,
AQIGUF,2,,,
AQIHIU,2,,,
AQUSOX,1,,,
AQUSUD,1,,,
ARAFAB,2,,,
ARAJEI,2,,,
ARAJOS,1,,,
ARAPUH,1,,,
ARAVEW,1,,,
ARAWUN,1,,,
ARAXAU,1,,,
ARAXEY,1,,,
ARAXIC,1,,,
ARAXOI,1,,,
ARAYAT,2,,,
ARECEI,1,,,
ARENIW,1,,,
ARENOC,1,,,
ARENUI,1,,,
AREPAQ,2,,,
AREPEU,2,,,
AREWUS,1,,,
AREXAY,1,,,
AREXEC,1,,,
ARIYAE,1,,,
ARIYEI,1,,,
AROBEP,2,,,
ARUHEA,2,,,
ARUHIE,2,,,
ARUWAL,1,,,
ARUXEQ,1,,,
ARUXIU,1,,,
ARUXOA,1,,,
ASALUB,1,,,
ASAWEW,2,,,
ASAWOJ,1,,,
ASAWUP,1,,,
ASAXAW,1,,,
ASAXEA,1,,,
ASAXIE,1,,,
ASEFUB,1,,,
ASEGEM,1,,,
ASEGIQ,1,,,
ASIMAQ,1,,,
ASIMOG,2,,,
ASINIA,1,,,
ASINOG,1,,,
ASINUM,1,,,
ASIPAU,1,,,
ASIPEY,1,,,
ASIZEK,1,,,
ASOWAI,1,,,
ASOWEM,1,,,
ASOWIQ,1,,,
ASOWOW,1,,,
ASOWUC,1,,,
ASOXAJ,1,,,
ASOXEN,1,,,
ASOXIR,1,,,
ASOXOX,1,,,
ASUXES,1,,,
ATAPIX,2,,,
ATEQUO,1,,,
ATEWUS,1,,,
ATEXAZ,1,,,
ATEXED,1,,,
ATEZEE,1,,,
ATOHAV,1,,,
ATONUV,1,,,
ATOZAN,2,,,
ATOZER,2,,,
ATOZIV,2,,,
ATUGON,1,,,
AVAWID,1,,,
AVECAG,1,,,
AVECEK,1,,,
AVELET,2,,,
AVELIX,2,,,
AVERIC,2,,,
AVIFEQ,1,,,
AVILEW,1,,,
AVILOG,1,,,
AVIMEX,1,,,
AVITOO,2,,,
AVOMUT,2,,,
AVUDEB,1,,,
AVUPIT,1,,,
AVUPIT01,1,,,
AWARUL,1,,,
AWASAS,1,,,
AWITUY,1,,,
AWIVAG,1,,,
AWUHEH,1,,,
AXAFAI,1,,,
AXIDOD,1,,,
AXILAX,2,,,
AXOKUW,1,,,
AXONOR,1,,,
AXOREK,1,,,
AXUGEI,1,,,
AXUTAQ,1,,,
AYICUJ,1,,,
AYIKEB,1,,,
AYOREL,1,,,
AYORIP,1,,,
AYOROV,1,,,
AYULOX,1,,,
AYUQIV,1,,,
AYUXAT,2,,,
AZAJUI,1,,,
AZAZIN,1,,,
AZEWEJ,1,,,
AZEWUA,1,,,
AZEWUZ,1,,,
AZEXAG,1,,,
AZOYOD,1,,,
AZUSUK,1,,,
BABMUN,2,,,
BABYOV,2,,,
BABYUB,2,,,
BABZUD,1,,,
BACBAM,1,,,
BACHAT,1,,,
BACHIB,1,,,
BACHOH,1,,,
BACNIC10,2,,,
BACRUW,2,,,
BACSAD,2,,,
BACVAD,1,,,
BACVEH,1,,,
BADBES,1,,,
BADBES01,1,,,
BADBIW,1,,,
BADBIW01,1,,,
BADDOZ02,1,,,
BADGAO,1,,,
BADGAO01,1,,,
BADGAO02,1,,,
BADMUS,1,,,
BADNAZ,1,,,
BADNED,1,,,
BADTIK,1,,,
BAFDOG,2,,,
BAFDUM,2,,,
BAFTAI,1,,,
BAFTOW,1,,,
BAGREH,1,,,
BAGROQ,1,,,
BAGVIO,1,,,
BAGWEL,1,,,
BAGWIP,1,,,
BAGYAJ,1,,,
BAGYES,1,,,
BAGYOC,1,,,
BAHBAN,1,,,
BAHHIB,1,,,
BAHSUA,1,,,
BAHTAH,1,,,
BAJTOW,1,,,
BAKHIE,1,,,
BAKTUG,2,,,
BALNOS,1,,,
BALNUY,1,,,
BALTIT,1,,,
BALVIU,1,,,
BAMLIK,1,,,
BAMQAH,1,,,
BAMQEL,1,,,
BAMZIA,2,,,
BAMZOG,2,,,
BANHAB,1,,,
BANKAE,2,,,
BANXUJ,1,,,
BAPRAM,1,,,
BAPREQ,1,,,
BAQDIJ,2,,,
BAQKOW,1,,,
BARDAD,1,,,
BARDEH,1,,,
BARYAX,1,,,
BARZAX,1,,,
BASNEO,1,,,
BASPOD,1,,,
BASPUJ,1,,,
BASVEW,1,,,
BASWAT,1,,,
BASWIB,1,,,
BATGUY10,2,,,
BATVUP,1,,,
BATWAW,1,,,
BATWEA,1,,,
BATWIE,1,,,
BAVNOE,1,,,
BAVTUQ,1,,,
BAWJUF,1,,,
BAXJES,1,,,
BAXZAB,1,,,
BAYXEE10,1,,,
BAYXII,1,,,
BAYXII10,1,,,
BAZJIZ,1,,,
BAZJOF,1,,,
BAZJUL,1,,,
BAZVUW,1,,,
BEBYAL,1,,,
BECVEK,1,,,
BECXUE,1,,,
BECZEQ,1,,,
BEFDOG,1,,,
BEFFAU,1,,,
BEFMIL,2,,,
BEGCIC,1,,,
BEGHOM,1,,,
BEGKUW,2,,,
BEGRAI,1,,,
BEGVIT,1,,,
BEGVUF,1,,,
BEGWUG,2,,,
BEGXAN,1,,,
BEHWOE,2,,,
BEHWUK,2,,,
BEHXAR,2,,,
BEHXES,2,,,
BEHXOC,1,,,
BEJHEG,1,,,
BEJHEH,1,,,
BEJHIK,1,,,
BEJHIL,1,,,
BEJHOR,1,,,
BEJMAI,2,,,
BEJPAH,1,,,
BEKXAU,2,,,
BEKXEY,2,,,
BELCEA,1,,,
BELQOY,1,,,
BELQUE,1,,,
BEMBEB,1,,,
BEMCAX,1,,,
BEMVAS,1,,,
BENBAB,1,,,
BENBEF,1,,,
BENBEF01,1,,,
BENBOP,1,,,
BENCAC,1,,,
BENTUL,1,,,
BENWOI,1,,,
BEPKOZ,1,,,
BEPQOD,1,,,
BEQGEM,1,,,
BEQHOY,1,,,
BEQWID,2,,,
BERGIP,1,,,
BESJIV,1,,,
BESJOB,1,,,
BESREA,2,,,
BESZEF,1,,,
BETZOQ,1,,,
BEVERC,1,,,
BEVGUE,1,,,
BEWNAV,1,,,
BEWXOQ,1,,,
BEXMUM,1,,,
BEXQOO,1,,,
BEXQUU,1,,,
BEYDIS,1,,,
BEYLUO,1,,,
BEYNOI,1,,,
BEYTEI,1,,,
BEYTIM,1,,,
BEYTOS,1,,,
BEYTUY,1,,,
BEYVAG,1,,,
BEZXUD,1,,,
BIBDUN,1,,,
BIBWES,1,,,
BIBWIW,2,,,
BICBIB,1,,,
BICBOH,1,,,
BICCOI,1,,,
BICCUL,1,,,
BICCUL10,1,,,
BICMEF,1,,,
BICMIM,1,,,
BICQEK,1,,,
BICQIO,1,,,
BICXEU,2,,,
BICXIY,2,,,
BIDVIT,2,,,
BIFGIH,1,,,
BIFKEG,1,,,
BIFKEG10,1,,,
BIFKIK,1,,,
BIFKIK10,1,,,
BIGZAS10,1,,,
BIHTUH,1,,,
BIHXUL10,1,,,
BIJLIT,1,,,
BIJLIT01,1,,,
BIJLIT02,1,,,
BIJLIT03,1,,,
BIJLIT04,1,,,
BIJLIT05,1,,,
BIJLIT06,1,,,
BIJLIT07,1,,,
BIJLIT08,1,,,
BIJLIT09,1,,,
BIJLIT10,1,,,
BIJLIT11,1,,,
BIJLIT12,1,,,
BIJLIT13,1,,,
BIJLIT14,1,,,
BIJLIT15,1,,,
BIJLIT16,1,,,
BIJLIT17,1,,,
BIJLIT18,1,,,
BIJLIT19,1,,,
BIJLIT20,1,,,
BIJLIT21,1,,,
BIJLIT22,1,,,
BIJLIT23,1,,,
BIJLIT24,1,,,
BIJLIT25,1,,,
BIJLIT26,1,,,
BIJLIT27,1,,,
BIJLIT28,1,,,
BIJLIT29,1,,,
BIJLIT30,1,,,
BIJLIT31,1,,,
BIJLIT32,1,,,
BIJLIT33,1,,,
BIJLIT34,1,,,
BIJLIT35,1,,,
BIJLIT36,1,,,
BIJLIT37,1,,,
BIJLIT38,1,,,
BIJLIT39,1,,,
BIJLIT40,1,,,
BIJLIT41,1,,,
BIJLIT42,1,,,
BIJLIT43,1,,,
BIJLIT44,1,,,
BIJLIT45,1,,,
BIJLIT46,1,,,
BIJLIT47,1,,,
BIJLIT48,1,,,
BIJLIT49,1,,,
BIJLIT50,1,,,
BIJLIT51,1,,,
BIJLIT52,1,,,
BIJLIT53,1,,,
BIJLIT54,1,,,
BIJLIT55,1,,,
BIJLIT56,1,,,
BIJLIT57,1,,,
BIJLIT58,1,,,
BIJLIT59,1,,,
BIJLIT60,1,,,
BIJLIT61,1,,,
BIJLIT62,1,,,
BIJLUF,1,,,
BIJLUF01,1,,,
BIJLUF02,1,,,
BIJLUF03,1,,,
BIJLUF04,1,,,
BIJLUF05,1,,,
BIJLUF06,1,,,
BIJLUF07,1,,,
BIJLUF08,1,,,
BIJLUF09,1,,,
BIJLUF10,1,,,
BIJLUF11,1,,,
BIJLUF12,1,,,
BIJLUF13,1,,,
BIJLUF14,1,,,
BIJLUF15,1,,,
BIJLUF16,1,,,
BIJLUF17,1,,,
BIJLUF18,1,,,
BIJLUF19,1,,,
BIJLUF20,1,,,
BIJLUF21,1,,,
BIJLUF22,1,,,
BIJLUF23,1,,,
BIJLUF24,1,,,
BIJLUF25,1,,,
BIJLUF26,1,,,
BIJLUF27,1,,,
BIJLUF28,1,,,
BIJLUF29,1,,,
BIJLUF30,1,,,
BIJLUF31,1,,,
BIJLUF32,1,,,
BIJLUF33,1,,,
BIJLUF34,1,,,
BIJLUF35,1,,,
BIJLUF36,1,,,
BIJLUF37,1,,,
BIJLUF38,1,,,
BIJLUF39,1,,,
BIJLUF40,1,,,
BIJLUF41,1,,,
BIJLUF42,1,,,
BIJLUF43,1,,,
BIJLUF44,1,,,
BIJLUF45,1,,,
BIJLUF46,1,,,
BIJLUF47,1,,,
BIJLUF48,1,,,
BIJLUF49,1,,,
BIJLUF50,1,,,
BIJLUF51,1,,,
BIJLUF52,1,,,
BIJLUF53,1,,,
BIJLUF54,1,,,
BIJLUF55,1,,,
BIJLUF56,1,,,
BIJLUF57,1,,,
BIJLUF58,1,,,
BIJLUF59,1,,,
BIJLUF60,1,,,
BIJLUF61,1,,,
BIJLUF62,1,,,
BIJWAS01,1,,,
BIJWAS02,1,,,
BIJWAS03,1,,,
BIJWAS04,1,,,
BIJWAS05,1,,,
BIJWAS06,1,,,
BIJWAS07,1,,,
BIJWAS08,1,,,
BIJWAS09,1,,,
BIJWAS10,1,,,
BIKYOJ,1,,,
BIKYUP,1,,,
BIKZEA,1,,,
BILHIR,2,,,
BILHOX,2,,,
BILHUD,2,,,
BILJAL,2,,,
BILJEP,2,,,
BILJIT,1,,,
BILXON,1,,,
BILXUT,1,,,
BILYAA,1,,,
BILYEE,1,,,
BIMFOT,1,,,
BINJIR,1,,,
BIRBAI,2,,,
BIRROM,1,,,
BIRYUY,1,,,
BISNEY,1,,,
BITDEN,1,,,
BITDIR,1,,,
BIVDAL,2,,,
BIWQAZ,1,,,
BIWVIM,1,,,
BIWWOT,1,,,
BIXGOH,1,,,
BIXHUM,1,,,
BIXNUU,2,,,
BIXPON10,1,,,
BIXPON11,1,,,
BIYYAC,1,,,
BIZPIL,1,,,
BIZVAJ,1,,,
BOBGOQ,2,,,
BOBPIR,1,,,
BOBVUL,1,,,
BOBWAR,2,,,
BOBWAR01,2,,,
BOCHAF,1,,,
BOCTIA,1,,,
BODBUT,1,,,
BODCAA,1,,,
BODCAB,1,,,
BODCEF,1,,,
BODCII,1,,,
BODCIJ,1,,,
BODDAB,1,,,
BODDOP,1,,,
BODDUV,1,,,
BODHOU,1,,,
BODHUA,1,,,
BODJAI,1,,,
BODJEJ,1,,,
BODJEM,1,,,
BOFGAG,1,,,
BOFGEK,1,,,
BOFGIO,1,,,
BOFGOU,1,,,
BOFTAT,1,,,
BOFTAV,1,,,
BOFYAX,1,,,
BOGRAR,1,,,
BOGTUO,1,,,
BOGVAW,1,,,
BOGVEA,1,,,
BOGVIE,1,,,
BOGVOK,1,,,
BOGVUQ,1,,,
BOGWAX,1,,,
BOGWEB,1,,,
BOGWIF,1,,,
BOHGAI,1,,,
BOHGUC,1,,,
BOHHAJ,1,,,
BOHHEN,1,,,
BOHHIR,1,,,
BOHTUO,1,,,
BOHXEC,1,,,
BOHXIG,1,,,
BOJSUR,2,,,
BOKMAS,1,,,
BOLKUJ,1,,,
BOLVAC,1,,,
BOLVEG,2,,,
BONKUO,1,,,
BONLAS,1,,,
BOPFOE,1,,,
BOPGAR,1,,,
BOPGIZ,1,,,
BOPREF,1,,,
BOPYOX,1,,,
BOPZDT10,1,,,
BOQKAX,1,,,
BOQQIH,1,,,
BOQRUW,1,,,
BOQWOW,1,,,
BOSMAY,1,,,
BOSZIT,1,,,
BOSZOZ,1,,,
BOSZUF,1,,,
BOTBAO,1,,,
BOTBES,1,,,
BOTKEB,1,,,
BOTKIF,1,,,
BOVLEH,1,,,
BOVLIL,1,,,
BOVLOR,1,,,
BOVLUX,1,,,
BOVMAE,1,,,
BOVMEI,1,,,
BOVMIM,1,,,
BOVMOS,1,,,
BOVMUY,1,,,
BOVNAF,1,,,
BOWGED,2,,,
BOWGIH,2,,,
BOWGON,2,,,
BOWGUT,2,,,
BOWHAA,2,,,
BOWHEE,2,,,
BOWHII,2,,,
BOWHOO,2,,,
BOWKAZ,1,,,
BOWTEP,1,,,
BOWTUF,2,,,
BOXBAV,1,,,
BOXBEZ,1,,,
BOXBID,1,,,
BOXBOJ,1,,,
BOXBUP,1,,,
BOXQUA,2,,,
BOXVES,1,,,
BOXWEQ,2,,,
BOYREM,1,,,
BOZBAW,1,,,
BOZBOK,1,,,
BUBDIO,1,,,
BUBPEU,1,,,
BUBPIY,1,,,
BUBPOE,1,,,
BUCLUK,2,,,
BUCYUV,1,,,
BUDFUE,1,,,
BUDGAL,1,,,
BUDGEP,1,,,
BUDGIT,1,,,
BUFKEU,1,,,
BUFTIG,1,,,
BUFTOM,1,,,
BUFVEH,2,,,
BUFVIL,2,,,
BUFVOR,2,,,
BUGVUX,1,,,
BUHBOV,1,,,
BUHDIT,1,,,
BUHDOZ,1,,,
BUKNAW,1,,,
BUKNEA,1,,,
BUKVAG,1,,,
BUKVEK,1,,,
BUKVIO,1,,,
BUKVOU,1,,,
BUKVUA,1,,,
BUKWAH,1,,,
BULKAY,1,,,
BULKEC,1,,,
BULKIG,1,,,
BUNLIJ,1,,,
BUNLOP,1,,,
BUNMEG,2,,,
BUNNUX,2,,,
BUNPEJ,1,,,
BUPRAF,1,,,
BURCEA,1,,,
BURMUA,1,,,
BUSFII,2,,,
BUVKOS,2,,,
BUVSEQ03,1,,,
BUVWAR,1,,,
BUVWEV,1,,,
BUVWIZ,1,,,
BUVYAU,1,,,
BUXKIR,1,,,
BUXKOX,1,,,
BUYLAL,1,,,
BUYLEP,1,,,
BUYLIT,1,,,
BUYLOZ,1,,,
BUYMAL,1,,,
BUYMAM,1,,,
BUYPER,1,,,
BUYQIY,1,,,
BUYWAV,1,,,
BUYXOI,1,,,
CABFUJ,1,,,
CACBEO,2,,,
CACFEW,1,,,
CACNOJ10,1,,,
CACSUZ,1,,,
CACTAG,1,,,
CACVOT,1,,,
CACYAH,1,,,
CACYEL,1,,,
CADFEV,1,,,
CADHOG,1,,,
CADHUM,1,,,
CADPEH,2,,,
CADRUZ,1,,,
CADSAG,1,,,
CAFYAM,1,,,
CAFYEQ,1,,,
CAFYIU,1,,,
CAHGID,1,,,
CAHHIE,1,,,
CAHHUQ,1,,,
CAHJAY,1,,,
CAHJEC,1,,,
CAHTEM,2,,,
CAHTEM01,2,,,
CAHTEM02,2,,,
CAHTEM03,2,,,
CAHTEM04,2,,,
CAHVAK,2,,,
CAHVAK01,2,,,
CAHVAK02,2,,,
CAHVAK03,2,,,
CAHVAK04,2,,,
CAHWEN,1,,,
CAJSEO,1,,,
CAKCUP,1,,,
CAKDAW,1,,,
CAKDEA,1,,,
CAKDOK,1,,,
CAKDUQ,1,,,
CAKJAD,1,,,
CAKMEG10,1,,,
CAKRUE,2,,,
CAMDEB,1,,,
CAMHAD,2,,,
CAMHEH,2,,,
CAMHIL,2,,,
CAMHOR,2,,,
CAMHUX,2,,,
CAMJAF,2,,,
CAMJEJ,2,,,
CAMJIN,2,,,
CAMJOT,2,,,
CAMJUZ,2,,,
CAMKAG,2,,,
CAMKEK,2,,,
CAMMIP,1,,,
CAMVES,1,,,
CAMVES01,1,,,
CAMVES02,1,,,
CAMVES03,1,,,
CAMVES04,1,,,
CAMVES05,1,,,
CAMVES06,1,,,
CAMVES07,1,,,
CAMVES08,1,,,
CAMVES09,1,,,
CAMVES10,1,,,
CAMVES11,1,,,
CAMVIY,1,,,
CAMVOE,1,,,
CAMVUK,1,,,
CAMWEV,1,,,
CAMWIZ,1,,,
CAMWOF,1,,,
CAMXOE,1,,,
CAMZOF,1,,,
CANCIH,1,,,
CANHOR,2,,,
CANQEN,1,,,
CANXOI,1,,,
CANXOI01,1,,,
CANYIZ,1,,,
CAPBOO,1,,,
CAQJIR,1,,,
CAQVUO,1,,,
CAQWAV,1,,,
CAQWEZ,1,,,
CARQAP,1,,,
CARXOI,1,,,
CARXUO,1,,,
CASFEL,1,,,
CASZUS,1,,,
CATCEG,1,,,
CATCEI,1,,,
CATCIK,1,,,
CATCOQ,1,,,
CATCUW,1,,,
CATGAG,1,,,
CATGEK,2,,,
CATREV,1,,,
CAVDAG,1,,,
CAVDEK,1,,,
CAVDIO,1,,,
CAVDOU,1,,,
CAXFIT,2,,,
CAXFOZ,2,,,
CAXJEU,1,,,
CAXROJ,2,,,
CAXROJ01,2,,,
CAYGIW,1,,,
CAYJUI,1,,,
CAYKAP,1,,,
CAYKET,1,,,
CAYKIX,1,,,
CAZFOY10,2,,,
CAZSEC,1,,,
CDEXIA01,1,,,
CDEXIA10,1,,,
CDEXIA11,1,,,
CDEXME10,1,,,
CDNOAN,1,,,
CDNOAN01,1,,,
CEBSAF,1,,,
CECBIX,1,,,
CECBOD,1,,,
CECDAR,1,,,
CEDYUF,1,,,
CEDZAM,1,,,
CEFFUP,1,,,
CEFGAW,1,,,
CEFHIF,1,,,
CEGCEY,1,,,
CEGDAU,1,,,
CEGDEY,1,,,
CEGDIC,1,,,
CEGDOI,1,,,
CEGGEC,1,,,
CEHGEB,1,,,
CEHGEB01,1,,,
CEHGIF,1,,,
CEHGOL,1,,,
CEHGOL01,1,,,
CEHGUR,1,,,
CEHHAY,1,,,
CEHROA,1,,,
CEJVIW,1,,,
CEJZIE,1,,,
CEKXUL,1,,,
CELKUZ,1,,,
CEMMUG,2,,,
CENDUV,1,,,
CENFAD,1,,,
CENGUX,1,,,
CENHAE,1,,,
CENHAE02,1,,,
CENHEI,1,,,
CENHIM,1,,,
CENHIM01,1,,,
CENHUY01,1,,,
CENPAM,1,,,
CENPAM01,1,,,
CENPIU,1,,,
CEPBAD,1,,,
CEPKEN,1,,,
CEPVOJ,1,,,
CESSEC,1,,,
CETDUB,1,,,
CETKAQ,1,,,
CETKUI,1,,,
CETRIE,1,,,
CEWCIQ10,1,,,
CEWDUH,1,,,
CEWTAA,1,,,
CEWTEE,1,,,
CEWTII,2,,,
CEXQUR,1,,,
CEXXUB,1,,,
CEXYAI,1,,,
CEXYEM,1,,,
CEYDUI,1,,,
CEZBIT,1,,,
CEZBUF,1,,,
CEZGIA,1,,,
CEZGOG,1,,,
CEZGUM,1,,,
CEZHAT,1,,,
CEZKUQ,1,,,
CHAIPL01,1,,,
CHBZOA10,2,,,
CHBZOA20,2,,,
CHBZOB10,2,,,
CHBZOC01,2,,,
CHBZOC10,2,,,
CHBZOC20,2,,,
CHXAMH02,1,,,
CHXAMH04,1,,,
CHXAMH05,1,,,
CICVUF,1,,,
CIDLOQ,1,,,
CIFPEN,1,,,
CIFPOX,1,,,
CIFQEN,1,,,
CIFQEN01,1,,,
CIFVIA,1,,,
CIGFAZ,1,,,
CIGRET,1,,,
CIGROD,1,,,
CIGROD01,1,,,
CIGRUJ,1,,,
CIGVUN,1,,,
CIJMEQ,2,,,
CIJROC,1,,,
CIJVEY,1,,,
CIJVIC,1,,,
CIKJAH,1,,,
CIKYEE,2,,,
CIKYII,2,,,
CIKYOO,2,,,
CILBEH,1,,,
CILCUY,1,,,
CILCUZ,1,,,
CILDAG,1,,,
CILREX,1,,,
CILRIB,2,,,
CILROH,2,,,
CILRUN,2,,,
CILSAU,2,,,
CILSEY,2,,,
CILSIC,2,,,
CILWUR,1,,,
CIMFAH,1,,,
CIMSIE,1,,,
CIMSOK,1,,,
CIMSUQ,1,,,
CIMTAX,1,,,
CIMTEB,1,,,
CIMTIF,1,,,
CIMXOP,2,,,
CINLAN,1,,,
CINLER,1,,,
CINYED,1,,,
CIPHAL,1,,,
CIQFIU,1,,,
CIQFOA,1,,,
CIQMAU,2,,,
CIQMEY,2,,,
CIQMIC,2,,,
CIQRID,1,,,
CIRROO,1,,,
CIRTEC,1,,,
CIRTEC01,1,,,
CIRTEC02,1,,,
CIRZEL,2,,,
CIRZIP,1,,,
CIRZOV,1,,,
CISCAM,1,,,
CISSEE,1,,,
CITLAS,2,,,
CIVTUY,1,,,
CIVXIS,1,,,
CIWTAH,1,,,
CIWTEL,1,,,
CIXBIX,1,,,
CIXCAN,1,,,
CIXCOB,1,,,
CIXFIB,1,,,
CIXFOH,1,,,
CIXHOK,1,,,
CIXHUP,1,,,
CIXYIR,1,,,
CIXYIR01,1,,,
CIXYIR02,1,,,
CIYJON,1,,,
CIYLIG,1,,,
CIYNEE,2,,,
CIYQOR,1,,,
CIYRAE,1,,,
CIYTIR,1,,,
CIYTIR01,1,,,
CIYXOY,1,,,
CIZCUJ,1,,,
CIZFEA,1,,,
CIZPUW,1,,,
CIZQIP,2,,,
CIZQOV,2,,,
CIZREI,1,,,
CIZWUF,1,,,
COBCEC,1,,,
COBFEH,1,,,
COBLUA,2,,,
COBTIW,1,,,
COBTIW10,1,,,
COBTUI,1,,,
COBTUI10,1,,,
COBVAQ,1,,,
COBVAQ10,1,,,
COCYEC,1,,,
CODCAC,1,,,
CODCIJ,1,,,
CODCIK,1,,,
CODCOQ,1,,,
CODCUW,1,,,
CODDOQ,1,,,
CODJEM,1,,,
COFCUZ,1,,,
COFJAJ,1,,,
COFJEN,1,,,
COFJIR,1,,,
COFJOX,1,,,
COFJUD,1,,,
COFKIS,1,,,
COFKOY,1,,,
COGPUM,2,,,
COGQAT,2,,,
COHZOO10,1,,,
COJQIF,2,,,
COKGOC,1,,,
COKGOC01,1,,,
COKREA,1,,,
COKRIE,1,,,
COKROK,1,,,
COKTIG,1,,,
COKTOM,1,,,
COKTUS,1,,,
COKVAA,1,,,
COKVEE,1,,,
COLKAT,1,,,
COLQOK,1,,,
COMTUU,2,,,
CONKAS,1,,,
CONKAS01,1,,,
CONQEF,1,,,
CONQIJ,1,,,
COPYUD,1,,,
COQBAL,1,,,
COQBEP,1,,,
COQFIZ,2,,,
COQFOF,2,,,
COQFUL,2,,,
COQSOR,1,,,
COQWOV,1,,,
CORMUS,1,,,
COSKAA,1,,,
COSMON,1,,,
COSRAH,1,,,
COSRIP,1,,,
COSROV,1,,,
COSRUB,1,,,
COTBAP,1,,,
COVKUU,1,,,
COVXAM,1,,,
COXQEL,1,,,
COXYLC,1,,,
COYDEA,1,,,
COZPUG,1,,,
CRAMCA10,1,,,
CRAMCB10,1,,,
CRAMCC10,1,,,
CRBZCN,1,,,
CRHYDZ,1,,,
CRMESF,1,,,
CRNOAN,1,,,
CRPACX10,1,,,
CRWNUR,1,,,
CRWNUR10,1,,,
CRWNUR11,1,,,
CRWNUR12,1,,,
CTVHVH01,1,,,
CUBVEC,1,,,
CUBZEG,1,,,
CUBZUV,2,,,
CUCSID,1,,,
CUCWOQ,1,,,
CUCWUW,1,,,
CUCXAD,1,,,
CUDJOA,2,,,
CUDMEX,1,,,
CUDMIB,1,,,
CUDMOH01,1,,,
CUDQAX,1,,,
CUDXIK,2,,,
CUDYAC,1,,,
CUFXEG,1,,,
CUGQAA,2,,,
CUGQEE,2,,,
CUGQII,2,,,
CUGQOO,2,,,
CUGQUU,2,,,
CUGRAB,2,,,
CUGREF,2,,,
CUHVEI,2,,,
CUHVIM,1,,,
CUHVOS,2,,,
CUJQIL,1,,,
CUJQOR,1,,,
CUJTOS,1,,,
CUJTUY,1,,,
CUKCOD,1,,,
CUKDAQ,1,,,
CUKTEI,1,,,
CUKTIM,1,,,
CUKTOS,1,,,
CULJUO,1,,,
CULVUA10,2,,,
CUMGIB,1,,,
CUMHUO,1,,,
CUMJAW,1,,,
CUMJEA,1,,,
CUMJIE,1,,,
CUMJOK,1,,,
CUMNEH,2,,,
CUNXOC,1,,,
CUNYET,2,,,
CUPYOC,1,,,
CUQGUS,2,,,
CUQQAK,1,,,
CUQQEO,1,,,
CUQROZ,1,,,
CUQRUB,1,,,
CUQSEQ,1,,,
CURYUJ,1,,,
CUTKAE,2,,,
CUTXAS,1,,,
CUTXIA,1,,,
CUVHEJ,1,,,
CUVHOT,1,,,
CUVLIR,1,,,
CUVLOX,1,,,
CUVLOY,1,,,
CUVLUD,1,,,
CUVLUE,1,,,
CUVMAK,1,,,
CUVMEO,1,,,
CUVMIS,1,,,
CUVMOY,1,,,
CUVMUE,1,,,
CUVPES,1,,,
CUXFOT,1,,,
CUXHUB,2,,,
CUXJAJ,2,,,
CUXJUD,1,,,
CUYXEZ10,1,,,
CUZPOD,2,,,
CVPVHD,1,,,
CYBGPP,1,,,
CYCBOB,1,,,
CYCBOF11,1,,,
CYDSAR,1,,,
CYPNPH,2,,,
DABSEG,1,,,
DABSIK,1,,,
DABXEM,1,,,
DACDIU,1,,,
DACJEA,2,,,
DACMAW,1,,,
DACPOP,2,,,
DACSEG,2,,,
DADKOI,1,,,
DADMUV,1,,,
DADNAZ,1,,,
DADQEE,2,,,
DAFGEZ,1,,,
DAFGID,1,,,
DAFGOJ,1,,,
DAFNOO,2,,,
DAFXOY,1,,,
DAGLEC,2,,,
DAGWOY,1,,,
DAHJUT,1,,,
DAHVAL,1,,,
DAHWUI,1,,,
DAHYUK,1,,,
DAJGAZ,1,,,
DAJGED,1,,,
DAJGIH,1,,,
DAJJAB,1,,,
DAJJIK,1,,,
DAJZAQ,1,,,
DAJZAQ01,2,,,
DAJZIY,2,,,
DAKMIM,1,,,
DAKMOS,1,,,
DAKMUY,1,,,
DAKNAF,1,,,
DAKNAH,1,,,
DAKNIQ,1,,,
DAKPUD,1,,,
DAKQAK,1,,,
DALGOP,1,,,
DALHAZ,1,,,
DALPOW,1,,,
DALPUC,1,,,
DAMLEM,2,,,
DAMNUE,1,,,
DAMPAM,1,,,
DAMPEQ,1,,,
DAMPIU,1,,,
DANYEZ,2,,,
DANYID,2,,,
DAPPIT,1,,,
DAPPUH,1,,,
DAQGAD,1,,,
DASMUG,1,,,
DASNAN,1,,,
DASNER,1,,,
DASPET,1,,,
DASSOJ,1,,,
DASTAW,1,,,
DASTEA,2,,,
DASTIE,1,,,
DASTOK,2,,,
DATGAG,1,,,
DATSUQ,1,,,
DATYOO,1,,,
DAVHUD,1,,,
DAWCOU,2,,,
DAWMIZ,1,,,
DAWREZ,1,,,
DAXHOC,1,,,
DAXRAZ,1,,,
DAXTUV,2,,,
DAYRAW,1,,,
DAYWIJ,1,,,
DAYWOR,1,,,
DAYYAH,1,,,
DAYYAH01,1,,,
DAZHOF,1,,,
DAZHUL,1,,,
DAZJAT,1,,,
DAZJEX,1,,,
DAZJIB,1,,,
DAZYUC,1,,,
DBTACD,1,,,
DBTACD01,1,,,
DBTACD02,1,,,
DCHXCR01,1,,,
DCHXCR02,1,,,
DCHXCS01,1,,,
DCHXCS02,1,,,
DCHXCT,1,,,
DCHXCT01,1,,,
DEBTIQ,1,,,
DECWOX,2,,,
DEDTUE,2,,,
DEDVEQ,2,,,
DEDWIW,1,,,
DEFFIH,1,,,
DEFFON,1,,,
DEFFUT,1,,,
DEFQOW,1,,,
DEFQUC,2,,,
DEFRAJ,1,,,
DEFSOA,2,,,
DEGWAP,1,,,
DEJXAR,1,,,
DEJZIC,1,,,
DEJZOI,1,,,
DEKSAN,1,,,
DEKTUI,1,,,
DELDOQ,1,,,
DELJEM,1,,,
DELJIO,1,,,
DEMRIA,1,,,
DENCEI,1,,,
DENMIV,2,,,
DENMUH,2,,,
DENNAO,2,,,
DEPJEO,1,,,
DEPJOY,1,,,
DEPVON,1,,,
DEQDUC,2,,,
DEQGOZ,2,,,
DEQHAM,2,,,
DEQHEQ,2,,,
DEQHIU,2,,,
DEQHIU01,2,,,
DEQHUG,2,,,
DEQNEW,1,,,
DEQQOI,1,,,
DEQRAV,1,,,
DEQRID,1,,,
DEQRUP,1,,,
DEQSAW,1,,,
DEQSEA,1,,,
DEQSIE,1,,,
DEQSOK,1,,,
DEQSUQ,1,,,
DEQTAX,1,,,
DEQTEB,1,,,
DEQTIF,1,,,
DEQTUR,2,,,
DEQVAZ,2,,,
DERBOU,1,,,
DERHIU,1,,,
DERJES,2,,,
DERKAP,1,,,
DESDUE,1,,,
DESFAM,1,,,
DESFEQ,1,,,
DESFIU,1,,,
DESFUG,1,,,
DESGOY,1,,,
DESRIG,1,,,
DESROM,1,,,
DETFUE,1,,,
DETGAL,1,,,
DETKUJ,1,,,
DETXAC,1,,,
DETXAN,1,,,
DETXEG,1,,,
DETXIK,1,,,
DETXUW,1,,,
DEWWIM,1,,,
DEWXAF,1,,,
DEZSUX,1,,,
DIBFUS,1,,,
DIBGAZ,1,,,
DICRUC,1,,,
DICSEO,1,,,
DICSOY,1,,,
DICSUE,1,,,
DICWET,1,,,
DIGGEJ,1,,,
DIGHAG,1,,,
DIGHEK,1,,,
DIHGEH,1,,,
DIHGIL,1,,,
DIHGOR,1,,,
DIHQAN,1,,,
DIHQOB,1,,,
DIHQUH,1,,,
DIHRAO,1,,,
DIHRES,1,,,
DIHRIW,1,,,
DIJCIL,1,,,
DIJMOZ,2,,,
DIJMUF,1,,,
DIJNAN,2,,,
DILGOW,1,,,
DIMHEQ,1,,,
DIMHOA,1,,,
DIMHUG,1,,,
DIMJAO,1,,,
DIMJES,1,,,
DIMJIW,1,,,
DIMJOC,1,,,
DIMKET,1,,,
DIMKIX,1,,,
DIMKUJ,1,,,
DIMVAZ,1,,,
DINHEP,2,,,
DINHIT,2,,,
DIPXEI,1,,,
DIPXIM,2,,,
DIQGET,1,,,
DIQJES,1,,,
DIQSAA,1,,,
DIQSEE,1,,,
DIQSII,1,,,
DIQSOO,1,,,
DIQSUU,1,,,
DIQTAB,1,,,
DIQWEJ,1,,,
DIRLAR,1,,,
DIRLUL,1,,,
DIRMAS,1,,,
DIRMAS01,1,,,
DIRMEW,1,,,
DIRNIB,1,,,
DITSAA,1,,,
DITSEE,1,,,
DITSII,1,,,
DITSOO,1,,,
DITSUU,1,,,
DITXIN,1,,,
DIVSOT,1,,,
DIVSUZ,1,,,
DIVTAG,1,,,
DIVTEK,1,,,
DIVTIO,1,,,
DIVTOU,1,,,
DIVZUG,1,,,
DIWBAP,1,,,
DIWRAG,1,,,
DIXNIJ,1,,,
DIXNOP,1,,,
DIXWEM,1,,,
DIXWUC,2,,,
DIXYUE01,1,,,
DIXZAL01,1,,,
DIYFEY,1,,,
DIYFIC,1,,,
DIYGAX,1,,,
DIYGEB,1,,,
DIZPEI,1,,,
DIZTIP,1,,,
DMBOXH,1,,,
DOBBEB,1,,,
DOBFEF,2,,,
DOBHAH,1,,,
DOBJEN,1,,,
DOBLAK,1,,,
DOCBEF,1,,,
DODFUZ,1,,,
DOFKOA,1,,,
DOFKUG,1,,,
DOFLER,1,,,
DOFLOD,1,,,
DOFMAQ,1,,,
DOFMEU,1,,,
DOFMIY,1,,,
DOFQIA,1,,,
DOFQOG,1,,,
DOFQUM,1,,,
DOFRAT,1,,,
DOFREX,1,,,
DOFSUO,2,,,
DOGGUD,1,,,
DOGHAK,1,,,
DOGLEQ,1,,,
DOGZUW,1,,,
DOHBAF,1,,,
DOHBEJ,1,,,
DOHBIN,1,,,
DOHBOC,1,,,
DOHBOC01,1,,,
DOHBOC02,1,,,
DOHBOT,1,,,
DOHBUZ,1,,,
DOHCAG,1,,,
DOHCEK,1,,,
DOHJUH,1,,,
DOHROK,2,,,
DOHRUQ,2,,,
DOHSAX,2,,,
DOHVUU,2,,,
DOJPEX,1,,,
DOJWEE,1,,,
DOJYOR,1,,,
DOJYUX,1,,,
DOJZAE,1,,,
DOKDEP,2,,,
DOKDIT,2,,,
DOKDOZ,2,,,
DOKDUF,2,,,
DOLCAK,1,,,
DOLCEO,1,,,
DOLCIS,1,,,
DOLCOY,1,,,
DOMZOW,1,,,
DONCEQ,1,,,
DONMIC,1,,,
DONMOI,1,,,
DOPBOB,1,,,
DOPFEU,1,,,
DOPJEZ,2,,,
DOPJID,2,,,
DOQDAQ,1,,,
DOQDEU,1,,,
DOQDIY,1,,,
DOQDUK,1,,,
DOQFAS,1,,,
DOQFEW,1,,,
DOQFIA,1,,,
DOQFOG,1,,,
DOQFUM,1,,,
DOQNAA,1,,,
DOQNEE,1,,,
DORLIG,1,,,
DORPIK,1,,,
DORPOQ,1,,,
DORXIT,2,,,
DORYOB,1,,,
DORYUH,1,,,
DORZAO,1,,,
DORZES,1,,,
DORZIW,1,,,
DORZOC,1,,,
DORZUI,1,,,
DOSBAR,1,,,
DOSFIA,1,,,
DOSFOG,1,,,
DOTVOX,2,,,
DOVFOK,1,,,
DOVYUJ,1,,,
DOVYUL,1,,,
DOWCEA,1,,,
DOWCOL,1,,,
DOWCUR,1,,,
DOWDAY,1,,,
DOWWUK,1,,,
DOWXAR,1,,,
DOWXEV,1,,,
DOWXIZ,1,,,
DOXFOP,2,,,
DOXFOP01,2,,,
DOXPUE,1,,,
DOXQAL,1,,,
DOXRUE,1,,,
DOXSAL,1,,,
DOXSEP,1,,,
DOXWAO,1,,,
DOXWAS,1,,,
DOXWAS01,1,,,
DOXWIA,1,,,
DOXWUI,1,,,
DOXZUL,1,,,
DOYBOI,2,,,
DOYHIM,1,,,
DOYHOS,1,,,
DOZKEL,1,,,
DOZVAQ,2,,,
DOZZAV,1,,,
DUBHOX,1,,,
DUBNOH,1,,,
DUBNUM,2,,,
DUCKAP,1,,,
DUCKET,1,,,
DUCKOD,1,,,
DUCKUJ,1,,,
DUCLEU,1,,,
DUCLIY,1,,,
DUCLUK,1,,,
DUCMAR,1,,,
DUDQAU,1,,,
DUFTIK,1,,,
DUFVEI,1,,,
DUFWUX,2,,,
DUFXAE,2,,,
DUFXEI,2,,,
DUGBUC01,2,,,
DUGDER,2,,,
DUGDIV,1,,,
DUGFET,1,,,
DUGGUH,1,,,
DUGGUH10,1,,,
DUGLOK,1,,,
DUGXEK,2,,,
DUGXIO,2,,,
DUHDUJ,1,,,
DUHFAR,1,,,
DUHFEV,1,,,
DUHFIZ01,1,,,
DUJPED,1,,,
DUKHUM,1,,,
DUKJAU,1,,,
DUKRUY,1,,,
DUKSEJ,1,,,
DUKSIN,1,,,
DUKSOT,1,,,
DUKSUZ,1,,,
DUKTAG,1,,,
DUKTEK,1,,,
DUKTIO,1,,,
DUKTOU,1,,,
DUKTUA,1,,,
DUKVAI,1,,,
DUKVEM,1,,,
DUKZAO,1,,,
DULFUN,1,,,
DULGAU,1,,,
DULGEY,1,,,
DULGIC,1,,,
DULREJ,1,,,
DUMBUK,1,,,
DUMCEV,2,,,
DUMCIZ,2,,,
DUMFOI,1,,,
DUMNOQ,2,,,
DUMNUW,2,,,
DUMPAE,2,,,
DUMPEI,1,,,
DUMQIO,1,,,
DUMQOU,1,,,
DUMWIU,1,,,
DUMWOA,1,,,
DUMWUG,1,,,
DUNFID,1,,,
DUNNUX,1,,,
DUNPAF,1,,,
DUNPEL,2,,,
DUNPIP,2,,,
DUPBIC,1,,,
DUPBOI,1,,,
DUPBUO,1,,,
DUPCAV,1,,,
DUPCEZ,1,,,
DUPCID,1,,,
DUPCOJ,1,,,
DUPCOK,2,,,
DUPCUP,1,,,
DUPDAW,1,,,
DUPDAX,2,,,
DUPDEA,1,,,
DUPDEB,2,,,
DUPDIE,1,,,
DUPDIF,1,,,
DUPDOK,1,,,
DUPDUQ,1,,,
DUPJOQ,1,,,
DUPKEE,1,,,
DUPVET,1,,,
DUSQIU,1,,,
DUTJAD10,1,,,
DUTJEH10,1,,,
DUTWOF,1,,,
DUTZOJ,2,,,
DUTZUP,2,,,
DUVDIL,1,,,
DUVGOQ10,2,,,
DUWKUC,1,,,
DUXBOP,1,,,
DUXBUW,1,,,
DUXCAC,1,,,
DUXCAD,1,,,
DUXCEG,1,,,
DUYFIQ,2,,,
DUYFOW,2,,,
DUYLES,2,,,
DUYTIA,1,,,
DUYVID,1,,,
DUYVOM,1,,,
DUZPOE,1,,,
DUZSOJ,1,,,
EABPIG,1,,,
EABPIG01,1,,,
EABPOM,1,,,
EABPUS,1,,,
EBALIE,1,,,
EBONUF,1,,,
EBURIG,1,,,
ECAPEG,1,,,
ECAYOZ,1,,,
ECEDUM,1,,,
ECICEY,1,,,
ECICIC,1,,,
ECICOI,1,,,
ECIKIL,2,,,
ECIKOR,1,,,
ECIKUX,1,,,
ECOLEN,1,,,
ECOVUR,2,,,
ECOWAY,2,,,
ECOWIG,2,,,
EDEHEC,1,,,
EDEHIG,1,,,
EDEHOM,1,,,
EDEHUS,1,,,
EDEJAA,1,,,
EDEJEE,1,,,
EDEJIK,1,,,
EDEJOQ,1,,,
EDEJUW,1,,,
EDELEG,1,,,
EDEPIO,2,,,
EDEPOU,2,,,
EDEPUA,2,,,
EDEQAH,2,,,
EDIDOL,1,,,
EDIDUR,1,,,
EDIVIZ,1,,,
EDIVOF,1,,,
EDIZAS,1,,,
EDOMAN,1,,,
EDOMER,1,,,
EDOTAU,1,,,
EDOYOM,1,,,
EDOYUS,1,,,
EDOZAZ,1,,,
EDOZED,1,,,
EDOZIH,1,,,
EDUGES,1,,,
EDUJAR,1,,,
EFACAS,1,,,
EFACAS01,1,,,
EFACAS02,1,,,
EFACAS03,1,,,
EFACAS04,1,,,
EFACAS05,1,,,
EFAFAW,1,,,
EFAFEA,1,,,
EFAFIE,1,,,
EFAFOK,1,,,
EFAFUQ,1,,,
EFERAJ,2,,,
EFEREN,2,,,
EFERIR,2,,,
EFESER,1,,,
EFESIV,1,,,
EFESOB,1,,,
EFESUH,1,,,
EFEZAR,1,,,
EFEZEV,1,,,
EFEZIZ,1,,,
EFEZOF,1,,,
EFIZAX,2,,,
EFOPOI,1,,,
EFOPUO,1,,,
EFUCEO,1,,,
EFUJEV,1,,,
EFUVOQ,1,,,
EFUZOY,2,,,
EFUZUE,2,,,
EGAXAM,2,,,
EGAXEQ,2,,,
EGAXIU,2,,,
EGEBUP,2,,,
EGECIE,2,,,
EGECOK,2,,,
EGECUQ,2,,,
EGEDAX,2,,,
EGEDEB,2,,,
EGELEL,1,,,
EGIQEU,1,,,
EGIRIV,2,,,
EGIROB,2,,,
EGIYUS,1,,,
EGOQOI,2,,,
EGOQUO,2,,,
EGOQUO01,2,,,
EGOXAB,1,,,
EGUPEE,1,,,
EGUPII,1,,,
EGUQEG,1,,,
EGUQIK,1,,,
EHADUQ,1,,,
EHAGUT,1,,,
EHAROX,1,,,
EHEBAU,1,,,
EHETIV,1,,,
EHIHOT,2,,,
EHIHUZ,2,,,
EHIKAL,1,,,
EHILOY,1,,,
EHOQUR,1,,,
EHOTIG,1,,,
EHOTOM,1,,,
EHOTOM01,1,,,
EHOVAA,1,,,
EHUTAF,1,,,
EHUTEJ,1,,,
EJATIW,1,,,
EJATOC,1,,,
EJAXAP,1,,,
EJAXET,1,,,
EJEMIS,1,,,
EJICIK,1,,,
EJIJOA,1,,,
EJIRUO,2,,,
EJISUP,2,,,
EJITEA,2,,,
EJITIE,1,,,
EJITOK,1,,,
EJITUQ,2,,,
EJIZAB,1,,,
EJUGEY,1,,,
EJUGIC,1,,,
EJUQOS,1,,,
EJUXIQ,1,,,
EJUYAN,2,,,
EJUYER,2,,,
EJUYIV,2,,,
EJUYOB,2,,,
EKEKIO,1,,,
EKETOH,1,,,
EKIMUI,1,,,
EKINAP,1,,,
EKINIX,1,,,
EKINOD,1,,,
EKIPOF,1,,,
EKIPUL,1,,,
EKIPUL01,1,,,
EKIPUL02,1,,,
EKIQOG,1,,,
EKIQOG01,1,,,
EKOGOA,1,,,
EKOMAS,1,,,
EKOMOG,1,,,
EKOMUM,1,,,
EKONAT,1,,,
EKONEX,1,,,
EKONIB,1,,,
EKOPID,1,,,
EKUKUR,2,,,
EKUYUI,2,,,
EKUZAP,1,,,
ELACIH,2,,,
ELACON,2,,,
ELAMUZ,1,,,
ELANEK,1,,,
ELAXIY,1,,,
ELECEG,1,,,
ELIHOW,2,,,
ELILIW,1,,,
ELODES,2,,,
ELODIW,2,,,
ELODOC,2,,,
ELOXOV,1,,,
ELOYAI,1,,,
ELOYEM,1,,,
ELOYIQ,1,,,
ELUCIB,1,,,
ELUGEB,1,,,
ELUGEX,1,,,
ELUKEC,1,,,
ELULOP,1,,,
ELULUV,1,,,
ELULUV01,1,,,
ELUMAC,1,,,
ELUMEE,1,,,
ELUMII,1,,,
ELUMIK,1,,,
ELUPOR,1,,,
ELUSAJ,1,,,
ELUTEO,1,,,
EMEMUE,1,,,
EMIPIA,1,,,
EMISID,1,,,
EMISOJ,1,,,
EMISOJ01,1,,,
EMISOJ02,1,,,
EMIVOO,1,,,
EMIVUU,1,,,
EMIWIJ,1,,,
EMOHIA,1,,,
EMOHOG,1,,,
EMOKEZ,1,,,
EMOREF,1,,,
EMUCUN,1,,,
ENALUC,1,,,
ENAMAJ,1,,,
ENAMEN,1,,,
ENARAM,1,,,
ENEJEN,1,,,
ENEJUD,1,,,
ENEKAK,1,,,
ENELIS,1,,,
ENELOY,1,,,
ENILOD,1,,,
ENUNOT,1,,,
EPAQES,1,,,
EPAQIW,1,,,
EPEWOM,1,,,
EPEXAB,1,,,
EPISUS,1,,,
EPITAZ,1,,,
EPITED,1,,,
EPITED01,1,,,
EPUTAM,1,,,
EPUTEQ,1,,,
EPUTIU,1,,,
EPUTOA,1,,,
EPUTUG,1,,,
EPUVAO,1,,,
EPUVES,1,,,
EQABUW,1,,,
EQAMUF,1,,,
EQAYED,1,,,
EQAYIH,1,,,
EQEMEU,2,,,
EQEMOF,1,,,
EQENEV,1,,,
EQEXIJ,2,,,
EQEXOP,2,,,
EQEXUV,2,,,
EQOCAQ,1,,,
EQUGOO,1,,,
EQUGUU,1,,,
EQUHAB,1,,,
EQUHEF,1,,,
ERAXIE,1,,,
EREGUD,2,,,
EREMEW,1,,,
EREMUJ,1,,,
EREYEF,2,,,
EREYIJ,2,,,
EREYOP,2,,,
EROPIM,1,,,
ESAKIV,1,,,
ESAKOB,1,,,
ESAKUH,1,,,
ESALOZ,1,,,
ESAQEX,1,,,
ESEGAL,1,,,
ESEZUY,1,,,
ESIBAK,1,,,
ESIBEO,1,,,
ESIGIY,1,,,
ESIGOE,1,,,
ESIHAR,1,,,
ESIHIZ,1,,,
ESIHOF,1,,,
ESIJAT,1,,,
ESITUX,1,,,
ESUPUE,1,,,
ETAQIZ,1,,,
ETAVIH,1,,,
ETIZAI,1,,,
ETUMEN,1,,,
EVANEX,1,,,
EVATEA,1,,,
EVIFOG,1,,,
EVIGAT,1,,,
EVIHIC,1,,,
EVIHIC01,1,,,
EVIHUO,1,,,
EVIJAW,1,,,
EVIROQ,1,,,
EVIROQ01,1,,,
EVIROT,2,,,
EVIRUZ,2,,,
EVISIO,2,,,
EVISOU,2,,,
EVITOU,2,,,
EVITUA,2,,,
EVIVAI,2,,,
EVIVEM,2,,,
EVIWUB,1,,,
EVONAF,1,,,
EVOXAP,2,,,
EVOYOE,1,,,
EVUZIH,2,,,
EWACOU,1,,,
EWAYAF,1,,,
EWAYIN,1,,,
EWAYOT,1,,,
EWAYUZ,1,,,
EWAZIO,1,,,
EWEMAU,1,,,
EWIDOD,1,,,
EWIDUJ,1,,,
EWIGAV,1,,,
EXAKET,1,,,
EXALIY,1,,,
EXIFEZ,1,,,
EXISUA,1,,,
EXUKEN,1,,,
EXUNUJ,1,,,
EXUWAW,2,,,
EYAQEB,1,,,
EYAVAE,1,,,
EYAVEI,1,,,
EYEKAW,1,,,
EYIHEA,1,,,
EYIMEH,1,,,
EYIMIL,1,,,
EYOFOO,1,,,
EYOFUW,1,,,
EYOKAF,1,,,
EYOKEJ,1,,,
EYOKIN,1,,,
EYUKUG,1,,,
EZADIS,1,,,
EZADOY,1,,,
EZADUE,1,,,
EZAGER,1,,,
EZAGIV,1,,,
EZEYAJ,1,,,
EZEZER,1,,,
EZUKIU,1,,,
EZUYEE,1,,,
EZUYII,1,,,
FABJIG,1,,,
FABKUS,1,,,
FABWAK,1,,,
FACGAU,1,,,
FACKUR,1,,,
FACPAF,1,,,
FACPEJ,1,,,
FACPIN,1,,,
FACTOT,1,,,
FACWEP,1,,,
FACWIP,2,,,
FACWIP01,2,,,
FACWIP02,2,,,
FACWIT,1,,,
FADCAP,1,,,
FADFIC,1,,,
FADTEJ,1,,,
FADTUA,1,,,
FADVIQ,1,,,
FAFFOL,1,,,
FAFHOK,1,,,
FAFHUQ,1,,,
FAFJAY,1,,,
FAFSIQ,1,,,
FAFSOW,1,,,
FAFSUC,1,,,
FAFTAJ,1,,,
FAFVOZ,1,,,
FAFVUF,1,,,
FAFYIW,1,,,
FAFYOC,1,,,
FAGFEZ,1,,,
FAHXAO,1,,,
FAHXIW,1,,,
FAJNEM,1,,,
FAJSER,1,,,
FAKTIV,1,,,
FALCUS,2,,,
FALDIH,1,,,
FALDUS,1,,,
FALLIO,1,,,
FAMNUG,1,,,
FAMPAO,1,,,
FAMPIW,1,,,
FAMPOC,1,,,
FANHEI,1,,,
FANHIM,1,,,
FANHOS,1,,,
FANHUY,1,,,
FANJAG,1,,,
FANLIQ,1,,,
FANSEW,1,,,
FANSIA,1,,,
FANSOG,1,,,
FANSUM,1,,,
FANZOM,1,,,
FANZUS,1,,,
FAPHUC,1,,,
FAPLIS,1,,,
FAPLOY,1,,,
FAPLUE,1,,,
FAPMAL,1,,,
FAPMEP,1,,,
FAPMIT,1,,,
FAPMOZ,1,,,
FAQJAM,1,,,
FAQJEQ,1,,,
FAQSOH,2,,,
FAQVUS,1,,,
FAQWED,1,,,
FAQYEC,1,,,
FAQYIG,1,,,
FARMIY,1,,,
FARMOE,1,,,
FARMUK,1,,,
FARNAR,1,,,
FASLER,1,,,
FATFEP,1,,,
FATNIY,1,,,
FAVCAK,1,,,
FAVCEO,1,,,
FAVCIS,1,,,
FAVJAO,1,,,
FAVJES,1,,,
FAVYOU,1,,,
FAWBAH,1,,,
FAWPUS,1,,,
FAWWAC,1,,,
FAWZEM,2,,,
FAWZOW,2,,,
FAXNEX,2,,,
FAXXIM,1,,,
FAYGIZ,1,,,
FAYVIO,2,,,
FAYVOU,1,,,
FAYZAH,1,,,
FAZFAO,1,,,
FAZFES,1,,,
FAZFIW,1,,,
FAZFOC,1,,,
FAZFUI,1,,,
FAZJUL10,1,,,
FAZPIG,1,,,
FEBMEI,1,,,
FEBPEL,1,,,
FEBQAG,1,,,
FEBQEK,1,,,
FECDUO,1,,,
FECFAW,1,,,
FECFOK,1,,,
FECHAA,1,,,
FECHEE,1,,,
FECKEE,1,,,
FECMUY,1,,,
FECXUH,2,,,
FEFCOL,1,,,
FEHPOY,1,,,
FEHPUH,1,,,
FEHXOF,1,,,
FEHXOF10,1,,,
FEHYUM,1,,,
FEHYUM10,1,,,
FEHZAT,1,,,
FEHZAT10,1,,,
FEJDOQ,1,,,
FEJLEM,1,,,
FEJVOH,1,,,
FEKVUN,2,,,
FELNEQ,1,,,
FEMCUY,1,,,
FEMLIT,1,,,
FEMLOZ,1,,,
FEMNIX,1,,,
FEMNIX01,1,,,
FEMNIX02,1,,,
FEMSIA,2,,,
FENCUY,1,,,
FENZED,1,,,
FEPXAZ01,1,,,
FEPXED01,1,,,
FEQDAI,1,,,
FEQDEM,1,,,
FEQDIR,1,,,
FEQDOX,1,,,
FEQLIY,1,,,
FEQREY,1,,,
FEQRIC,1,,,
FEQXAC,2,,,
FEQXOP,2,,,
FEQXUV,2,,,
FEQYOQ,1,,,
FERBOV,1,,,
FESLAR,1,,,
FESLEV,1,,,
FESREA,1,,,
FESVOP,1,,,
FESWAC,1,,,
FETTIJ,1,,,
FETTOP,1,,,
FEVDOA,1,,,
FEVZEN,1,,,
FEWCUJ,1,,,
FEWDAQ,1,,,
FEWDEU,1,,,
FEWDOE,1,,,
FEWDUK,1,,,
FEWFUM,1,,,
FEWHIA,1,,,
FEWHOG,1,,,
FEWHUM,1,,,
FEWJAU,1,,,
FEWJEY,1,,,
FEWMEB,1,,,
FEXJOI,2,,,
FEXJUO,2,,,
FEXTAD,1,,,
FEYTIO,1,,,
FEYVIS,1,,,
FEYVOY,1,,,
FEYVUE,1,,,
FEYWAL,1,,,
FEYWEP,1,,,
FEYWIT,1,,,
FEZGAV,1,,,
FEZZIU,1,,,
FEZZOA,1,,,
FIBGAY,1,,,
FICHEF,1,,,
FICHIJ,1,,,
FICRIT,1,,,
FICROZ,1,,,
FICRUF,1,,,
FIDPEO,1,,,
FIDVEV,1,,,
FIDWOI,1,,,
FIDWUO,2,,,
FIDXAV,2,,,
FIDXID,2,,,
FIFBAA,1,,,
FIFBEE,1,,,
FIFKUE,2,,,
FIFLAL,2,,,
FIFLEP,2,,,
FIFLIT,1,,,
FIGMUG,1,,,
FIGNUH,1,,,
FIGPAP,1,,,
FIGREV,1,,,
FIGYAZ,1,,,
FIGYIH,1,,,
FIGYON,1,,,
FIHQIA,2,,,
FIHQOG,2,,,
FIHQUM,2,,,
FIKTIC,1,,,
FIKTOI,1,,,
FIKTUO,1,,,
FIKVAW,1,,,
FIKVEA,1,,,
FIKVEA10,1,,,
FIKVIE,1,,,
FIKVUQ,1,,,
FIKWAX,1,,,
FIKWEB,1,,,
FILDUA,1,,,
FILGUF,1,,,
FILNAS,1,,,
FIMZAD,1,,,
FINCOV,1,,,
FINHAM,1,,,
FINPEY,1,,,
FINPIC,1,,,
FINQEZ,1,,,
FINQID,1,,,
FIPDIS,1,,,
FIPDOY,1,,,
FIPWIL,1,,,
FIPXOT,1,,,
FIPXUZ,1,,,
FIQMOH,1,,,
FIQRAC,1,,,
FIQRAC01,1,,,
FIQRAC02,1,,,
FIQRAC03,1,,,
FIQRAC04,1,,,
FIQRAC05,1,,,
FIQRAC06,1,,,
FIQRAC07,1,,,
FIQRAC08,1,,,
FIQRAC09,1,,,
FIQRAC10,1,,,
FIQRAC11,1,,,
FIQRAC12,1,,,
FIQRAC13,1,,,
FIQRAC14,1,,,
FIQRAC15,1,,,
FIRXOT,1,,,
FIRXOT10,1,,,
FIRXUZ,1,,,
FITPUT,1,,,
FITTUA,1,,,
FITXOZ,1,,,
FIWCUN,2,,,
FIWDAU,2,,,
FIWMEF,1,,,
FIWMIJ,1,,,
FIWMOP,1,,,
FIWVIU,1,,,
FIWVOA,1,,,
FIWYAO,2,,,
FIXBIB,1,,,
FIXBOE,2,,,
FIXBOH,1,,,
FIXBUN,1,,,
FIXCAU,1,,,
FIXCEY,1,,,
FIXDAV,1,,,
FIXDEZ,1,,,
FIXDID,1,,,
FIXLEF,1,,,
FIXTEL01,1,,,
FIXZOC,1,,,
FIYXOD,2,,,
FIZZEV,1,,,
FOBMAN,1,,,
FOBMER,1,,,
FOBROG,1,,,
FOBRUM,1,,,
FOBTUN,1,,,
FOCYAA,1,,,
FOCYAA01,1,,,
FOCYII,1,,,
FOCYII01,1,,,
FODBEG,1,,,
FODQUM,1,,,
FOFJAP,2,,,
FOGDAJ,1,,,
FOGDEN,1,,,
FOHMOG,1,,,
FOKJOI,1,,,
FOKQAB,1,,,
FOKQEF,1,,,
FOKTUY,1,,,
FOLPAY,2,,,
FOLPEC,2,,,
FOLPUT,1,,,
FOMBAN,2,,,
FOMNII,1,,,
FONXUC,1,,,
FONYAJ,1,,,
FONYEN,1,,,
FOPHAU,2,,,
FOPHUO,1,,,
FOQLON,1,,,
FOQTEM,2,,,
FOQTIQ,2,,,
FOQTOW,2,,,
FOQTUC,2,,,
FOQWEN,2,,,
FORCUM,1,,,
FORDAT,1,,,
FORDEX,1,,,
FORFEZ,2,,,
FORHIG,1,,,
FORHOM,1,,,
FORHUS,1,,,
FORRIP,1,,,
FORRUD,1,,,
FORSEO,1,,,
FORSIS,1,,,
FORSUE,1,,,
FORTAL,1,,,
FOTHIJ,1,,,
FOWZIA,2,,,
FOXFUW,1,,,
FOXKUA,1,,,
FOXLAG,2,,,
FOZRIX,1,,,
FOZVEZ,1,,,
FOZVID,1,,,
FOZVUP,1,,,
FOZWAW,1,,,
FOZWEA,1,,,
FOZWIE,1,,,
FOZWOK,1,,,
FOZWUQ,1,,,
FOZXAX,1,,,
FOZXEB,1,,,
FUBMUM,1,,,
FUBNOI,1,,,
FUBRAV,1,,,
FUBSEC,1,,,
FUCFOY,1,,,
FUCVAA,1,,,
FUFMID,1,,,
FUFMOJ,1,,,
FUFMUP,1,,,
FUFXOW,1,,,
FUFYAJ,1,,,
FUGRUX,2,,,
FUJCEW,1,,,
FUJCIA,1,,,
FUJCOG,1,,,
FUJCUM,1,,,
FUJGOG,1,,,
FUJTUD,1,,,
FULPAE,1,,,
FUMCAT,1,,,
FUNKAA,1,,,
FUNKIM,2,,,
FUNQEK,1,,,
FUNYIY,1,,,
FUNYOE,1,,,
FUNYUK,1,,,
FUNZAR,1,,,
FUNZEV,1,,,
FUPHUX,1,,,
FUPLIL,1,,,
FUPLOR,1,,,
FUPSOA,1,,,
FUPSUG,1,,,
FUPTUJ,1,,,
FUPVAR,1,,,
FUQNOV,1,,,
FUQSAO,2,,,
FUSBIH,1,,,
FUSDOO,1,,,
FUSDUU,1,,,
FUSLUC,1,,,
FUTMEO,2,,,
FUTNOA,2,,,
FUTXIE,1,,,
FUTXOK,1,,,
FUTXUQ,1,,,
FUTYAX,1,,,
FUTZUP,1,,,
FUVBAZ,1,,,
FUVNUJ,1,,,
FUVZON,1,,,
FUVZUT,1,,,
FUWBAC,1,,,
FUWBEG,1,,,
FUWBIK,1,,,
FUWBOQ,1,,,
FUWBUW,1,,,
FUWCAD,1,,,
FUWCEH,1,,,
FUWCIL,1,,,
FUWGIR,1,,,
FUWGUC,2,,,
FUWHAJ,2,,,
FUWHEN,2,,,
FUWHIR,2,,,
FUWHOX,2,,,
FUWHUD,2,,,
FUWJAL,2,,,
FUWVUR,2,,,
FUWWOK,1,,,
FUWWOK01,1,,,
FUWWOL01,1,,,
FUWWOL02,1,,,
FUXWON,2,,,
FUXWUS,1,,,
FUXWUT,2,,,
FUXXAA,2,,,
FUXXEE,2,,,
FUXXIG,1,,,
FUXXII,2,,,
FUXXOM,1,,,
FUXXOO,2,,,
FUXXUU,2,,,
FUYHAL,2,,,
FUYHIT,2,,,
FUYJAM,1,,,
FUZTAW,1,,,
GABHAT,1,,,
GABHEX,1,,,
GABSIO,1,,,
GABSIO01,1,,,
GABTIM10,1,,,
GABWOW,1,,,
GABWUC,1,,,
GABXAJ,1,,,
GABXEN,1,,,
GACBIX,1,,,
GACCIA,1,,,
GACCUM,1,,,
GACDAT,1,,,
GACDEX,1,,,
GACHID,1,,,
GACQOU,1,,,
GACQUA,1,,,
GACRAH,1,,,
GACREL,1,,,
GACRIP,1,,,
GACROV,1,,,
GACRUB,1,,,
GACSAI,1,,,
GACVIP,1,,,
GADQEI,1,,,
GAFSAI,1,,,
GAFSEM,1,,,
GAFZOD,1,,,
GAFZUM,1,,,
GAGBOJ,1,,,
GAGDOL,1,,,
GAGKEI,1,,,
GAGRIR,1,,,
GAHGII,1,,,
GAHGOO,1,,,
GAHGUU,1,,,
GAHPEO,1,,,
GAHRUF,1,,,
GAHYAT,1,,,
GAJHAD,1,,,
GAJROD,1,,,
GAJTEV,1,,,
GAJWIA,1,,,
GAJWOG,1,,,
GAJXOI,1,,,
GAKBUS,1,,,
GAKCII,1,,,
GAKCUU,1,,,
GAKPAM,1,,,
GAKPIU,1,,,
GAKPUG,1,,,
GAKWUK,1,,,
GALPUG,1,,,
GALPUH,2,,,
GALQAN,1,,,
GALQER,1,,,
GALQES,2,,,
GALQIV,1,,,
GALQOB,1,,,
GALQUH,1,,,
GALRIW,1,,,
GALROC,1,,,
GAMBIF,1,,,
GANKIR,2,,,
GANPOD,1,,,
GAPTEY,1,,,
GAQPOF,1,,,
GAQWAA,1,,,
GAQWEE,1,,,
GAQWII,1,,,
GAQWOO,1,,,
GAQWUU,1,,,
GAQXAB,1,,,
GAQXEF,1,,,
GAQXIJ,1,,,
GAQXOP,1,,,
GAQXUV,2,,,
GASHEQ,2,,,
GASLOC,1,,,
GASLUI,1,,,
GASMAP,1,,,
GASMAP02,1,,,
GATPUQ,1,,,
GATQEB,1,,,
GAVVOS,1,,,
GAVVUU,1,,,
GAVVUU10,1,,,
GAWTAA,1,,,
GAYTEI,1,,,
GAZDAO,1,,,
GAZDES,1,,,
GAZXAI,1,,,
GAZXEM,1,,,
GEBKED,1,,,
GECHAZ,1,,,
GECMAC,2,,,
GEDKEF01,1,,,
GEDPEM,1,,,
GEDPIQ,1,,,
GEDPOV,2,,,
GEDYOG,1,,,
GEDYUM,1,,,
GEFHAC,1,,,
GEFHIK,1,,,
GEFJOT,1,,,
GEFLIO,1,,,
GEFREO,1,,,
GEFREO01,1,,,
GEFREO02,1,,,
GEFREO03,1,,,
GEFREO04,1,,,
GEFREO05,1,,,
GEFREO06,1,,,
GEFREO07,1,,,
GEFREO08,1,,,
GEFREO09,1,,,
GEFREO10,1,,,
GEFTOD,1,,,
GEFTUJ,2,,,
GEFVOF,2,,,
GEGKEK,1,,,
GEGTOD,2,,,
GEGZIE,2,,,
GEGZOK,2,,,
GEHBON,1,,,
GEHCEE,2,,,
GEHDEF,2,,,
GEHDIJ,2,,,
GEHYUQ,1,,,
GEHYUQ01,1,,,
GEJNIW,1,,,
GEJPES,1,,,
GEJPUI,1,,,
GEJRUL,1,,,
GEJYAW,1,,,
GEKFUY,1,,,
GEKGAF,1,,,
GEKGEJ,1,,,
GEKNER,1,,,
GEKNIV,1,,,
GEKNOB,1,,,
GELWAZ,2,,,
GELWED,2,,,
GELWIH,2,,,
GELXUU,2,,,
GEMROH,1,,,
GEMTAX,1,,,
GEMTEB,1,,,
GEMTIF,1,,,
GEMTOL,1,,,
GEMTUR,1,,,
GEMVAY,1,,,
GEMVAZ,1,,,
GEMVEC,1,,,
GEMVED,1,,,
GEMVIH,1,,,
GENKAO,1,,,
GENPIC,1,,,
GENREA,1,,,
GENTOM,1,,,
GENXEG,1,,,
GENXIK,2,,,
GENXOQ,2,,,
GENXUW,2,,,
GEPSED,1,,,
GERDEO,1,,,
GERDIS,1,,,
GESSUV,1,,,
GESTAC,1,,,
GESTEG,1,,,
GETGAR,1,,,
GETGEV,1,,,
GEVFUM,1,,,
GEVGEX,1,,,
GEWZOA,2,,,
GEXBIX,2,,,
GEYHOH,1,,,
GEZJIH,1,,,
GEZJON,1,,,
GEZTOU,1,,,
GIBMUB,2,,,
GICBOL,1,,,
GICGUX,2,,,
GICROB,2,,,
GICSAO,2,,,
GIDBAA,1,,,
GIDBEE,1,,,
GIDBII,1,,,
GIDMUF,1,,,
GIDNAM,1,,,
GIDROC,1,,,
GIDXEY,1,,,
GIDXIB,1,,,
GIDYOI,1,,,
GIDYUO,1,,,
GIDZAV,1,,,
GIGKAI,1,,,
GIGKEM,1,,,
GIGMIT,1,,,
GIHKOX10,1,,,
GIJNES,1,,,
GIJNIW,1,,,
GIJNOC,1,,,
GIJNUI,1,,,
GIJPAQ,1,,,
GIJPEU,1,,,
GIJPIY,1,,,
GIJPOE,1,,,
GIJWIF,1,,,
GIKTEC,1,,,
GILNOH,1,,,
GILXAB,2,,,
GILZIL,1,,,
GILZOR,1,,,
GIMJOD,1,,,
GIMKAQ,1,,,
GIMKEU,1,,,
GIMKOE,2,,,
GIMNAT,1,,,
GINPAV,1,,,
GINPUS,1,,,
GINQAZ,1,,,
GIPLEY,1,,,
GIPLIC,1,,,
GIPLOI,1,,,
GIPWUA,2,,,
GIPXAH,2,,,
GIPXEL,2,,,
GIQSUU,1,,,
GIRGIB,2,,,
GISNON,1,,,
GITXAJ,1,,,
GITXEN,1,,,
GITXIR,1,,,
GITXOX,1,,,
GITYAN,1,,,
GIVDOF,1,,,
GIVJOO,1,,,
GIVLAA,1,,,
GIVLED,2,,,
GIVLEE,1,,,
GIVLII,1,,,
GIVLOO,1,,,
GIVNIM,1,,,
GIVNOR,1,,,
GIVNOS,1,,,
GIVNOS01,1,,,
GIVNUX,1,,,
GIVREK,1,,,
GIWMAA,1,,,
GIWVUF,1,,,
GIWWAL,1,,,
GIWXOD,1,,,
GIXDEZ,1,,,
GIXJUS,1,,,
GIXMOT,1,,,
GIXMUZ,1,,,
GIXXUH,1,,,
GIYBAS,1,,,
GIYBIA,2,,,
GIYHIF,1,,,
GIYSUC,1,,,
GIYTAJ,1,,,
GIYTOX,1,,,
GIYWUG,1,,,
GIZKUW,1,,,
GIZMEK,1,,,
GIZMIO,1,,,
GIZMOU,1,,,
GIZMUA,1,,,
GIZNAH,1,,,
GIZNEL,1,,,
GIZNIP,1,,,
GIZNOV,1,,,
GIZNUB,1,,,
GIZPAJ,1,,,
GIZPEN,1,,,
GIZPIR,1,,,
GIZQUB,1,,,
GIZRUC,2,,,
GIZXAR,1,,,
GIZXUJ,1,,,
GIZYAQ,1,,,
GOBJUG,2,,,
GOBKAN,2,,,
GOBWUR,1,,,
GOCJAL,1,,,
GODCIM,1,,,
GODWEB,2,,,
GOGFAJ,1,,,
GOHFEO,1,,,
GOJJEW,1,,,
GOJJIA,1,,,
GOJJOG,1,,,
GOJTEI,2,,,
GOJZUC,1,,,
GOKMOM,2,,,
GOKMUS,2,,,
GOKTUZ,1,,,
GOKVAH,1,,,
GOKXOV,1,,,
GOKZOX,1,,,
GOLYAJ,1,,,
GOMDEV,2,,,
GOMPEG,1,,,
GOMPIK,1,,,
GOMTUY,1,,,
GOMYAK,1,,,
GONLUT,1,,,
GONMAA,1,,,
GONQUY,2,,,
GONRAF,2,,,
GONREJ,2,,,
GONRIN,2,,,
GONROT,2,,,
GONRUZ,2,,,
GONSAG,2,,,
GOPLIK,1,,,
GOPQEJ,1,,,
GOPQIN,1,,,
GOQBEW,2,,,
GOQZUH,1,,,
GORMAD,1,,,
GORMEH,1,,,
GOTMIN,1,,,
GOTMOT,1,,,
GOVNOU,1,,,
GOVNOW,1,,,
GOVNUC,1,,,
GOWKEK,1,,,
GOXFEH,1,,,
GOYKAG,1,,,
GOZZOM,1,,,
GOZZUS,1,,,
GRAMUR01,1,,,
GUBBOW,1,,,
GUBHIV,1,,,
GUCYUY,2,,,
GUDBAM,1,,,
GUDLUN,1,,,
GUDMAU,2,,,
GUDMEY,2,,,
GUDMIC,2,,,
GUFWUA,2,,,
GUFXAH,2,,,
GUFXEL,2,,,
GUFXOU,1,,,
GUGHIZ,2,,,
GUGHOF,1,,,
GUGKID,1,,,
GUGQAA,1,,,
GUGQEE,1,,,
GUGQII,1,,,
GUGQOO,1,,,
GUHCAR,1,,,
GUHMEC,1,,,
GUHSEL,1,,,
GUHSOV,1,,,
GUHSUB,1,,,
GUHTAI,1,,,
GUJHOM,1,,,
GUJLEE,1,,,
GUJLII,1,,,
GUJNOQ,1,,,
GUJNUW,1,,,
GUJPOU,1,,,
GUJPUA,1,,,
GUJQAH,1,,,
GUJQEL,1,,,
GUJQUB,1,,,
GUJRAE,2,,,
GUJRAI,1,,,
GUJREM,1,,,
GUJRIQ,1,,,
GUJROW,1,,,
GUJRUC,1,,,
GUJSAJ,1,,,
GUJSEN,1,,,
GUJSIR,1,,,
GUJSOX,1,,,
GUJSUD,1,,,
GUJTAK,1,,,
GUJTEO,1,,,
GUJTIS,1,,,
GUJTOY,1,,,
GUJTUE,1,,,
GUKBET,1,,,
GUKBIX,1,,,
GUKBOD,1,,,
GUKBUJ,1,,,
GUKDEZ,1,,,
GUKDID,1,,,
GUKDOJ,1,,,
GUKDUP,1,,,
GUKFAX,1,,,
GUKFEB,1,,,
GUKFOL,1,,,
GUKFUR,1,,,
GUKGAY,1,,,
GULSEM,1,,,
GULSIQ,1,,,
GULSOW,1,,,
GULTUC,1,,,
GULZUM,2,,,
GUMCIB,2,,,
GUMCOH,1,,,
GUMQIQ,1,,,
GUMQIQ01,1,,,
GUMQUC,1,,,
GUMRAJ,1,,,
GUMREN,1,,,
GUMSAK,1,,,
GUMSEO,1,,,
GUMXIX,1,,,
GUNDEZ,1,,,
GUNDOJ,1,,,
GUNGAZ,1,,,
GUNTIT,1,,,
GUNWAP,1,,,
GUNYIB,2,,,
GUNYOH,2,,,
GUPDOO,1,,,
GUPFON,2,,,
GUPFUT,2,,,
GUPWAQ,1,,,
GUPWEU,1,,,
GUPWOD,1,,,
GUQJEI,1,,,
GUQWOI,1,,,
GUQYEZ,1,,,
GURLIQ,1,,,
GUSCUV,1,,,
GUTPIU,1,,,
GUTPIU01,1,,,
GUVCUX,1,,,
GUVKAL,1,,,
GUVNOC,1,,,
GUVNOC01,1,,,
GUVVIE,1,,,
GUVYOM,1,,,
GUWMES,1,,,
GUWMIX,1,,,
GUXCIP,1,,,
GUXCUB,1,,,
GUXDAI,1,,,
GUXDAI01,1,,,
GUXDAI02,1,,,
GUXDIQ,1,,,
GUXDOW,1,,,
GUXKIT,1,,,
GUYDOX,2,,,
GUZBUZ,1,,,
GUZMAS,1,,,
HABFOJ,1,,,
HABSOX,1,,,
HABSUD,1,,,
HADMOO,1,,,
HADMUU,1,,,
HADNAB,1,,,
HADVIT,1,,,
HADVOZ,1,,,
HADYOE,1,,,
HAFGIF,1,,,
HAFGOL,1,,,
HAGFAX,1,,,
HAGFEA,1,,,
HAGPEM,1,,,
HAGPIQ,1,,,
HAGZUO,1,,,
HAHBUR,1,,,
HAHDUT,1,,,
HAHFAB,1,,,
HAHHIH,1,,,
HAHNEK,1,,,
HAHNIO,1,,,
HAHNOU,1,,,
HAHVOC,2,,,
HAJNEM,2,,,
HAJNOW,1,,,
HAJNUC,1,,,
HAKFEI,1,,,
HAKFIM,1,,,
HAKFOS,1,,,
HAKLUB,1,,,
HAKPUG,1,,,
HAMBZB,1,,,
HAMLAK,2,,,
HAMXAV,1,,,
HAMXAV01,1,,,
HANJAI,1,,,
HANKIU,1,,,
HANQOC,1,,,
HAPJOB,1,,,
HAQNOE,1,,,
HAQNUK,1,,,
HARLET,1,,,
HARLIX,1,,,
HARNEX,2,,,
HARQIC,1,,,
HARQOI,1,,,
HASXIK,1,,,
HATYEH,2,,,
HAVQII,1,,,
HAWDUH,1,,,
HAWFAP,1,,,
HAWFET,1,,,
HAWFIX,1,,,
HAWFOD,1,,,
HAWFUJ,1,,,
HAXGAP,2,,,
HAXGET,2,,,
HAXMOI,1,,,
HAXMOI10,1,,,
HAYZEQ,1,,,
HAZJAT,1,,,
HAZLUR,1,,,
HBTOXC,1,,,
HBTOXC01,1,,,
HBTOXC02,1,,,
HEBJIL,1,,,
HEBLIJ,1,,,
HECNEI,2,,,
HEFCOO,1,,,
HEFCUU,1,,,
HEGGOP,1,,,
HEGHOS,1,,,
HEGHUY,1,,,
HEGTOC,1,,,
HEGXUQ,1,,,
HEGYAX,1,,,
HEHDOP,1,,,
HEHDOP01,1,,,
HEHDOQ,1,,,
HEHLUB,1,,,
HEHMAI,1,,,
HEHQAM,1,,,
HEHYOL,2,,,
HEHYUR,2,,,
HEHZAV,1,,,
HEHZEZ,1,,,
HEJBAD,1,,,
HEJBEH,1,,,
HEJJEN,2,,,
HEJVUP,1,,,
HEJWAW,1,,,
HEKWID,1,,,
HEMCAG,1,,,
HENBOR,1,,,
HENPEW,1,,,
HENPIA,1,,,
HENPOG,1,,,
HENPUM,1,,,
HEPKIW,1,,,
HEPOPH02,1,,,
HEPOPH03,1,,,
HEPXOT,1,,,
HEPXUZ,1,,,
HEPYAG,1,,,
HEQXOS,1,,,
HERCIT,1,,,
HERCOZ,1,,,
HERGOE,1,,,
HERJIB,1,,,
HERJOH,1,,,
HERKAU,1,,,
HESQUS,1,,,
HESVIL,1,,,
HESXIP,1,,,
HETXEN,1,,,
HETYUD,2,,,
HETZAK,2,,,
HEVQOQ,2,,,
HEVQUW,2,,,
HEVRAD,2,,,
HEVRAD01,2,,,
HEWKEC,2,,,
HEXSUZ,1,,,
HEYTUD,1,,,
HEYZAN,1,,,
HEYZER,1,,,
HEZDOJ,1,,,
HEZDUP,1,,,
HEZWAK01,1,,,
HICHUW,1,,,
HIDFUV,2,,,
HIDVUP,1,,,
HIDWAW,1,,,
HIFDOP,1,,,
HIFDUV,1,,,
HIFJEN,1,,,
HIFQAR,2,,,
HIGGAG,1,,,
HIGKIS,1,,,
HIHHEM,1,,,
HIHJIU,1,,,
HIHKIS,1,,,
HIHKIS01,1,,,
HIHKIS02,1,,,
HIJPUP,2,,,
HIJZOS,1,,,
HIKZUW,1,,,
HIMMEZ,1,,,
HIMMEZ01,1,,,
HINDEN,1,,,
HIPBOA,1,,,
HIPCIU,1,,,
HIPQAC,1,,,
HIPXOX,2,,,
HIQVIM,1,,,
HIQVOS,1,,,
HIQYIT,1,,,
HIQYOZ,1,,,
HIQZAM,1,,,
HIQZEQ,1,,,
HIQZIU,1,,,
HIRKIE,1,,,
HIRLAX,1,,,
HITFAU,1,,,
HITFEY,1,,,
HIVTOY,2,,,
HIVTUE,2,,,
HIVXUG,1,,,
HIWHII,1,,,
HIXPUZ,2,,,
HIXTUG,1,,,
HIXZOF,1,,,
HIYHEF,2,,,
HIYMUY,1,,,
HIZLIO,1,,,
HIZTUH,1,,,
HIZVAP,1,,,
HMBXOF,1,,,
HNPCPE10,2,,,
HOBCEH,1,,,
HOCDAB,1,,,
HODMLN,1,,,
HODZCH01,2,,,
HODZCH02,2,,,
HOFYAG,1,,,
HOGMEW,1,,,
HOGMIA,1,,,
HOGTUW,1,,,
HOHDAK,1,,,
HOHTUW,1,,,
HOHVEI,1,,,
HOHVIM,1,,,
HOHVOS,1,,,
HOHVUY,1,,,
HOHWEK,1,,,
HOHWIO,1,,,
HOJSII,1,,,
HOKBER,2,,,
HOKJUO,1,,,
HOKKEX,1,,,
HOKPEC,1,,,
HOKPIG,1,,,
HOKYUB,1,,,
HOKYUB01,1,,,
HOLBOD,1,,,
HOLKAV,1,,,
HOLMUU,2,,,
HOLNAB,2,,,
HOLYEM,1,,,
HONKED,1,,,
HONKIH,1,,,
HONKON,1,,,
HONLEB,1,,,
HOQQIN,2,,,
HORLEJ,1,,,
HORLIK,1,,,
HORLIN,1,,,
HORZEW,1,,,
HOSLEH,1,,,
HOSLIL,1,,,
HOSLOR,1,,,
HOSMAE,1,,,
HOSMIM,1,,,
HOSMUY,1,,,
HOSNOW,1,,,
HOSNUC,1,,,
HOSPAK,1,,,
HOSWIZ,1,,,
HOTGAZ,1,,,
HOTGED,1,,,
HOTGIH,1,,,
HOTGUT,1,,,
HOTNEM,2,,,
HOTSOZ,1,,,
HOTXIY,1,,,
HOVCAW,2,,,
HOVJEJ,1,,,
HOVVAQ,1,,,
HOWBAA,2,,,
HOWNEO,1,,,
HOWWEZ,1,,,
HOXBSA01,1,,,
HOXOCD,1,,,
HOXOCD02,1,,,
HOXOCD03,1,,,
HOXOCD04,1,,,
HOXPUG,1,,,
HOXQAN,1,,,
HOXSEW,1,,,
HOYWOJ,1,,,
HOYXIG,2,,,
HOYXOM,2,,,
HOZRUJ,1,,,
HOZWOM,1,,,
HOZXED,1,,,
HOZXON,1,,,
HPAMIB10,1,,,
HUBPIG,1,,,
HUBRIJ,1,,,
HUBROP,1,,,
HUBRUU,1,,,
HUBRUV,1,,,
HUBSOQ,1,,,
HUCLIC,1,,,
HUCSAD,1,,,
HUCVIK,1,,,
HUCVOQ,1,,,
HUDBER,2,,,
HUDDIX,1,,,
HUDFAN,1,,,
HUDFER,1,,,
HUDMUQ,1,,,
HUDQOP,1,,,
HUDQUV,1,,,
HUDVOU,1,,,
HUDVUA,1,,,
HUDWAH,1,,,
HUDWEL,1,,,
HUDWIP,1,,,
HUFNEF,1,,,
HUFREJ,1,,,
HUFRIN,1,,,
HUFWUD,1,,,
HUFXIP,1,,,
HUFXOY,1,,,
HUFZEP,1,,,
HUGYEQ,1,,,
HUHVOW,1,,,
HUHVUC,1,,,
HUHWAJ,1,,,
HUHYAN,1,,,
HUHYER,1,,,
HUHYIV,1,,,
HUHYOB,1,,,
HUHYUH,1,,,
HUJYOC,1,,,
HUKBAU,1,,,
HUKBUO,1,,,
HUKCAV,1,,,
HUKREM,1,,,
HUKRIQ,1,,,
HUKZUJ,1,,,
HULBAU,1,,,
HULBAU01,1,,,
HULBEY,1,,,
HULBIC,1,,,
HULBOI,1,,,
HULBUO,1,,,
HULROV,1,,,
HUMKIK,1,,,
HUMKUW,1,,,
HUMNAI,1,,,
HUMWAP,1,,,
HUNHAD,1,,,
HUNSAK,1,,,
HUNXET,1,,,
HUNXIX,1,,,
HUNXOD,1,,,
HUNXUJ,1,,,
HUNYAQ,1,,,
HUNYEU,1,,,
HUPVUN,1,,,
HUPWAU,1,,,
HUQYAV,1,,,
HURJEN,1,,,
HURJIR,1,,,
HURJOX,1,,,
HURJUD,1,,,
HURKAK,1,,,
HURNIV,2,,,
HURNOB,2,,,
HURREV,2,,,
HUSHIQ,1,,,
HUSJEO,1,,,
HUSSEU,2,,,
HUSSIY,1,,,
HUTREV,1,,,
HUTRIZ,1,,,
HUTROF,1,,,
HUTRUL,1,,,
HUTSAS,1,,,
HUTSEW,1,,,
HUTSIA,1,,,
HUTSOG,1,,,
HUTSUM,1,,,
HUTTAT,1,,,
HUVBIL,1,,,
HUVBUX,1,,,
HUVGIO,1,,,
HUVRAV,1,,,
HUVTUN,1,,,
HUVWEB,1,,,
HUVYUV,1,,,
HUVZAB,1,,,
HUVZAC,1,,,
HUVZEF,1,,,
HUVZUX,1,,,
HUYBOS,2,,,
HUYKIY,1,,,
HUYKOE,1,,,
HUYKUK,1,,,
HUYLAR,1,,,
HXSARM,1,,,
IBABOE,1,,,
IBALAZ,1,,,
IBIJAI,1,,,
IBIJEM,1,,,
IBODIQ,1,,,
IBUZAJ,1,,,
ICACOH,1,,,
ICACUO,1,,,
ICANUX,1,,,
ICAPAF,1,,,
ICAPEJ,1,,,
ICEKAG,1,,,
ICEVAN,1,,,
ICIVOI,1,,,
ICIYIF,1,,,
ICIYOL,1,,,
ICIYUR,1,,,
ICIZAY,1,,,
ICOCUY,1,,,
ICODUZ,1,,,
ICOFAH,1,,,
ICOFEL,1,,,
ICOFIP,1,,,
ICOFOV,1,,,
ICOFUB,1,,,
ICOVIG,1,,,
ICOVUS,1,,,
ICOYAA,2,,,
ICUBOZ,1,,,
ICUFAN,1,,,
ICUFIV,1,,,
ICUFIZ,1,,,
ICUFOF,1,,,
ICUFUL,1,,,
ICUGAS,1,,,
ICUGEW,1,,,
ICUYIS,1,,,
ICUYIS01,1,,,
ICUZEP,1,,,
ICYSPA,1,,,
IDASEO,1,,,
IDEBAU,1,,,
IDEBEY,1,,,
IDEQAN,1,,,
IDEWUN,1,,,
IDIBAA,2,,,
IDIJAK,1,,,
IDIJEO,1,,,
IDIMAJ,1,,,
IDIWAT,1,,,
IDOKEU,1,,,
IDUBIV,1,,,
IDUJIA,1,,,
IDUSOQ,1,,,
IDUYOY,1,,,
IFABEA,1,,,
IFADOM,1,,,
IFAMIP,1,,,
IFEKAH,1,,,
IFEKEL,1,,,
IFIFEI,2,,,
IFIKOY,1,,,
IFIMUG,1,,,
IFINAN,1,,,
IFINER,1,,,
IFINIV,1,,,
IFIQAT,1,,,
IFIQIB,1,,,
IFIZEC,1,,,
IFIZEF,1,,,
IFODOA,1,,,
IFOMAV,1,,,
IFOMEZ,1,,,
IFOMID,1,,,
IFOMOJ,1,,,
IFOMUP,1,,,
IFOSOO,1,,,
IFOSUU,1,,,
IFOZIQ,1,,,
IFOZOW,1,,,
IFUDOG,2,,,
IFUHOK,2,,,
IFUHUQ,2,,,
IGAPAH,1,,,
IGAPEL,1,,,
IGASUI,1,,,
IGATAP,1,,,
IGECII,1,,,
IGECIJ,1,,,
IGEGEJ,1,,,
IGEGIN,1,,,
IGEGOT,1,,,
IGEGUZ,1,,,
IGEHAG,1,,,
IGEHEK,1,,,
IGEHIO,1,,,
IGEHUA,1,,,
IGEJAI,1,,,
IGEJEM,1,,,
IGEJOU,1,,,
IGEKEO,1,,,
IGEKIS,1,,,
IGEPUI,1,,,
IGEQAP,1,,,
IGEQOB,1,,,
IGEQUH,1,,,
IGETAT,1,,,
IGETOG,1,,,
IGETUM,1,,,
IGEVAU,1,,,
IGIWEB,1,,,
IGIWIF,1,,,
IGOTIK,2,,,
IGUBER,1,,,
IGUQEG,1,,,
IGUQEG01,1,,,
IGUQIK,1,,,
IGUTUA,1,,,
IHABEC,1,,,
IHABIG,1,,,
IHABOM,1,,,
IHAKAH,2,,,
IHAKEL,2,,,
IHAKIP,2,,,
IHAMUC,1,,,
IHANAJ,1,,,
IHANEN,1,,,
IHAZEX,1,,,
IHEGEI,1,,,
IHELEQ,1,,,
IHIXOO,2,,,
IHIXUU,2,,,
IHOQUV,2,,,
IHUMUU,2,,,
IHUPOR,2,,,
IHUTIO,1,,,
IHUXAK,1,,,
IHUXEO,1,,,
IJAHEK,1,,,
IJAHIO,1,,,
IJAHOU,1,,,
IJAHUA,1,,,
IJANAK,1,,,
IJANEO,1,,,
IJANIS,1,,,
IJANOY,1,,,
IJAPAM,1,,,
IJAQIV,1,,,
IJAQIV01,1,,,
IJAQIV02,1,,,
IJAQOB,1,,,
IJAZIF,1,,,
IJIQAU,1,,,
IJIQEY,1,,,
IJIQIC,1,,,
IJIQOI,1,,,
IJIQUO,1,,,
IJOLUO,1,,,
IJOQUW,1,,,
IJORAD,1,,,
IJORIL,1,,,
IJOROR,1,,,
IJORUX,1,,,
IJOSAE,1,,,
IJOTIK,1,,,
IKAMUD,1,,,
IKAWUM,1,,,
IKAXAT,1,,,
IKELER,1,,,
IKENAR,1,,,
IKEPAT,1,,,
IKEPEX,1,,,
IKEPIB,1,,,
IKEPOH,1,,,
IKEREY,1,,,
IKEVEB,1,,,
IKEVUS,1,,,
IKEWAZ,1,,,
IKEWED,1,,,
IKEWIH,1,,,
IKEWON,1,,,
IKEXAA,1,,,
IKEXEE,1,,,
IKEYEF,1,,,
IKITEF,2,,,
IKUBEY,1,,,
IKUFEB,1,,,
IKUQIO,2,,,
IKUROX,1,,,
IKURUD,1,,,
IKUSAK,1,,,
IKUTEN,1,,,
IKUTIR,1,,,
IKUTOX,1,,,
IKUTUD,1,,,
IKUVAL,1,,,
IKUWOA,1,,,
IKUWUG,1,,,
IKUXAN,1,,,
IKUXIV,1,,,
ILAMIU,1,,,
ILAMOA,1,,,
ILAMUG,1,,,
ILARAR,1,,,
ILATIB,1,,,
ILEKUF,1,,,
ILENUL,1,,,
ILILEV,2,,,
ILIXEG,1,,,
ILOFOI,1,,,
ILOKED,1,,,
ILOKIH,1,,,
ILOWAJ,1,,,
ILOYUE,2,,,
ILUFEC,1,,,
ILUFIG,1,,,
ILUFIG01,1,,,
ILUFOM,1,,,
ILUGAZ,1,,,
ILUGED,1,,,
ILUGON,1,,,
ILUGUT,1,,,
ILUHAA,1,,,
ILUHEE,1,,,
ILUHII,1,,,
ILUHOO,1,,,
ILUHUU,1,,,
ILUJAC,1,,,
ILUJEG,1,,,
ILUJIK,1,,,
ILUJOQ,1,,,
ILUJUW,1,,,
ILUKAD,1,,,
ILUKEH,1,,,
ILUKIL,1,,,
ILUKOR,1,,,
ILUKUX,1,,,
ILUKUX01,1,,,
ILULAE,1,,,
ILULEI,1,,,
ILULIM,1,,,
ILULOS,1,,,
ILUMAF,1,,,
ILUPOW,1,,,
ILUPUC,1,,,
ILUQAJ,1,,,
ILUQEN,1,,,
ILUQIR,1,,,
ILUQIR01,1,,,
ILUQOX,1,,,
ILURAK,1,,,
ILUREO,1,,,
ILURIS,1,,,
ILUTEQ,1,,,
ILUTIU,1,,,
ILUTIU01,1,,,
ILUVIW,1,,,
IMANER,2,,,
IMANIV,1,,,
IMINEX,1,,,
IMONUT,1,,,
IMOPAB,1,,,
IMOPEF,1,,,
IMOPIJ,1,,,
IMOPOP,1,,,
IMOPUV,1,,,
IMOQIK,1,,,
IMOQIK01,1,,,
IMOTEM,1,,,
IMOTIQ,1,,,
IMOVAK,1,,,
IMOVEO,1,,,
IMOVIS,1,,,
IMOVOY,1,,,
IMUNAI,2,,,
IMUNIQ,2,,,
IMUPAK,2,,,
IMUSOZ,1,,,
INACEH,1,,,
INANAO,1,,,
INANAO01,1,,,
INANAO02,1,,,
INANAO03,1,,,
INANAO04,1,,,
INANAO05,1,,,
INANAO06,1,,,
INANAO07,1,,,
INEBEL,2,,,
INEBIP,2,,,
INEBOV,2,,,
INECEL,1,,,
INETUT,1,,,
INEVEF,1,,,
INICUG,1,,,
INISOP,1,,,
INOLED,1,,,
INUJEG,1,,,
INURIV,1,,,
INUROB,1,,,
IPATIE,1,,,
IPIBAN,1,,,
IPIPED,1,,,
IPUBAW,2,,,
IPUBEA,2,,,
IPULEM,1,,,
IPUVEW,1,,,
IPUZUP,1,,,
IQAWAZ,1,,,
IQAWED,1,,,
IQAWIH,1,,,
IQAWON,1,,,
IQAWUT,1,,,
IQAXAA,1,,,
IQAXEE,1,,,
IQAXOP,1,,,
IQAXUV,1,,,
IQEKUN,1,,,
IQEZEJ,1,,,
IQIRAE,1,,,
IQIZIT,1,,,
IQOBIB,1,,,
IQOBOH,1,,,
IQOBUL,1,,,
IQOBUN,1,,,
IQOCAU,1,,,
IQOCEY,1,,,
IQOCIC,1,,,
IQOCOI,1,,,
IQOMAC,1,,,
IQOPEM,1,,,
IQUTEV,1,,,
IQUWEX,1,,,
IQUWIB,1,,,
IQUZUP,1,,,
IREKOG,1,,,
IRENOJ,1,,,
IREPOL,2,,,
IRIFIZ,1,,,
IRUGOS,1,,,
IRUGOT,1,,,
IRUGUY,1,,,
IRUHAF,1,,,
IRUHEJ,1,,,
IRUHIN,1,,,
IRUHOT,1,,,
IRUHUZ,1,,,
IRUJAH,1,,,
IRUKIS,1,,,
IRURIY,2,,,
IRUROE,2,,,
IRURUK,2,,,
IRUSAR,2,,,
IRUSEV,2,,,
IRUTAS,2,,,
IRUTEW,2,,,
IRUTIA,2,,,
IRUTOG,2,,,
IRUWEZ,2,,,
IRUWID,2,,,
IRUWOJ,2,,,
IRUZEA,1,,,
ISAKOF,1,,,
ISAQEA,1,,,
ISAVIH,1,,,
ISAYIK,1,,,
ISUNER,1,,,
ISUNIV,1,,,
ISUNOB,1,,,
ISUNUH,1,,,
ISUPAP,1,,,
ISUPET,1,,,
ISUPIX,1,,,
ISUPOD,1,,,
ISUWUP,1,,,
ITATEF,1,,,
ITECIU,1,,,
ITETAF,1,,,
ITIMAA,1,,,
ITIMEE,1,,,
ITIMEE01,1,,,
ITIMII,1,,,
ITIVOZ,1,,,
ITIWIU,1,,,
ITIYUF,1,,,
ITUFAG,1,,,
ITUGEK,1,,,
ITUGIO,1,,,
ITUGOU,1,,,
ITUGUA,1,,,
ITUHAH,1,,,
ITUHIP,1,,,
IVEHIB,1,,,
IVEHOH,1,,,
IVEVOX,1,,,
IVEVUD,1,,,
IVEWAK,1,,,
IVIFID,1,,,
IVIFOJ,1,,,
IVINOT,1,,,
IVIXIU,2,,,
IVOLEL,1,,,
IVOLEL01,1,,,
IVOLEN,1,,,
IVOPIT,1,,,
IVOQIW,1,,,
IVORUJ,2,,,
IVUQUO,1,,,
IWALUO,1,,,
IWAMID,1,,,
IWARAC,1,,,
IWAREG,1,,,
IWARIK,1,,,
IWAROQ,1,,,
IWARUW,1,,,
IWAXIO,1,,,
IWEHAV,1,,,
IWINUA,1,,,
IWOKUD,1,,,
IWUMIX,1,,,
IWUNUL,1,,,
IWUXUU,1,,,
IWUYAB,1,,,
IXAHAS,1,,,
IXEBAP,1,,,
IXEBET,1,,,
IXEWOX,1,,,
IXIBEZ,1,,,
IXIFUT,1,,,
IXUNUK,1,,,
IXUPAS,1,,,
IXUPEW,1,,,
IYADOC,1,,,
IYEFIE,1,,,
IYEMAC,2,,,
IYEMEG,2,,,
IYEMIK,2,,,
IYESEK,1,,,
IYESIO,1,,,
IYESOV,1,,,
IYESUB,1,,,
IYOBEE,1,,,
IYODOQ,1,,,
IYOMOZ,1,,,
IYOMUF,1,,,
IYONAM,1,,,
IYONEQ,1,,,
IYONIU,1,,,
IYOWAV,1,,,
IYOWAV01,1,,,
IYOWOJ,1,,,
IYUQUO,1,,,
IYURAV,1,,,
IYURUR,2,,,
IYUSAY,1,,,
IYUYIM,1,,,
IYUYOS,1,,,
IYUYUY,1,,,
IYUZAF,1,,,
IYUZEJ,1,,,
IYUZIN,1,,,
IYUZIN01,1,,,
IYUZOT,1,,,
IZEJOP,2,,,
IZIDIH,1,,,
IZOCOR,1,,,
IZOCOR01,1,,,
IZOCUX,1,,,
IZODAE,1,,,
IZODEI,1,,,
IZODIM,1,,,
IZUKAP,1,,,
IZUKUJ,2,,,
IZULAQ,2,,,
IZULIY,2,,,
IZULOE,2,,,
IZULUK,2,,,
IZULUK01,2,,,
IZUWUY,2,,,
IZUXIK,1,,,
IZUYOR,2,,,
IZUZUB,1,,,
IZUZUY,1,,,
JABMOT,2,,,
JABTEQ,2,,,
JABVIW,2,,,
JACJIG,1,,,
JACPUD,1,,,
JACQAK,1,,,
JACTIT,1,,,
JACTOZ,1,,,
JACTUF,1,,,
JAFSOC,1,,,
JAGLUY,1,,,
JAGMAF,1,,,
JAHCEB,1,,,
JAJLIT,1,,,
JAKJAJ,1,,,
JAKJIR,1,,,
JAKKAK,1,,,
JAKLIT,1,,,
JAKLIT01,1,,,
JAKLUF,1,,,
JAKRAS,2,,,
JALDUW,1,,,
JALFAE,1,,,
JALFEI,1,,,
JALFIM,1,,,
JALQOC,2,,,
JALQOC01,2,,,
JAMROI,1,,,
JAMYIJ,1,,,
JANXAB,1,,,
JAPFUF,1,,,
JAPGAJ,1,,,
JAPGAM,1,,,
JAPGEQ,1,,,
JAPZAC,1,,,
JAPZEG,1,,,
JASKAT,1,,,
JASREB,1,,,
JASRUQ,1,,,
JATSIH,1,,,
JAVYEL,2,,,
JAVYIP,1,,,
JAWTAF,1,,,
JAWTEJ,1,,,
JAWTIN,2,,,
JAXHUM,1,,,
JAXJAU,1,,,
JAXKOJ,1,,,
JAXLED,1,,,
JAXTOS,1,,,
JAYFIC,1,,,
JAZVIQ,1,,,
JEBQOA,1,,,
JEBTAL,1,,,
JEBYAR,1,,,
JEBYEV,1,,,
JEBYIZ,1,,,
JEBYUO,2,,,
JECTER,1,,,
JECTIV,1,,,
JEDNIT,1,,,
JEDNOZ,1,,,
JEDPEO,1,,,
JEDPUE,1,,,
JEDQUE,1,,,
JEDWIY,1,,,
JEFRUI,1,,,
JEFSAP,1,,,
JEGMOY,2,,,
JEGPAP,1,,,
JEJGOX,1,,,
JEJVAW,1,,,
JEJVEA,1,,,
JEJVIE,1,,,
JEJXAX01,1,,,
JEKDUY,1,,,
JEKGAK,1,,,
JEKHEM,1,,,
JEMDIS,1,,,
JEMJUH,1,,,
JEMLIX,2,,,
JEMLOD,2,,,
JEMLUJ,2,,,
JEMNOF,1,,,
JEMQAU,2,,,
JEMREY,1,,,
JEMRIC,1,,,
JENGUI,1,,,
JEPZIR,1,,,
JETFAQ,2,,,
JETHIA,1,,,
JETHOG,1,,,
JETHUM,1,,,
JEVDEW,2,,,
JEVMIJ,1,,,
JEVMOP,1,,,
JEVNAC,1,,,
JEXDOI,1,,,
JEYJON,1,,,
JEYJUT,1,,,
JEYKAA,2,,,
JEYXAN,2,,,
JEZHOL,2,,,
JEZYOC,1,,,
JIBQEU,1,,,
JIBXUR,1,,,
JICRIW,2,,,
JICSOD,1,,,
JICSUJ,1,,,
JICXOI,1,,,
JICXOI10,1,,,
JICXUO,1,,,
JIDNET,1,,,
JIDNIX,1,,,
JIGQAV,1,,,
JIGQEZ,1,,,
JIGQID,1,,,
JIHJEP,2,,,
JIHTEZ,1,,,
JILFOZ,1,,,
JIMZEO,1,,,
JINGAO,1,,,
JINWUZ,1,,,
JINXIQ,1,,,
JINXOW,1,,,
JINXUC,1,,,
JINYAJ,1,,,
JINYEN,1,,,
JIPCIX,1,,,
JIPNEF,2,,,
JIPNIJ,2,,,
JIPPED,1,,,
JIPTAE,1,,,
JISNUX,1,,,
JISWEO,2,,,
JITKAZ,1,,,
JIVVUI,2,,,
JIVVUI01,2,,,
JIVWAP,2,,,
JIVXIY,1,,,
JIVXOE,1,,,
JIWXAS,1,,,
JIWXEW,1,,,
JIXJOT,1,,,
JIXJUZ,1,,,
JIXKOQ,1,,,
JIXPEO,1,,,
JIZKEM,1,,,
JIZKUC,1,,,
JOBFEO,2,,,
JOBFIS,2,,,
JOBFIT,2,,,
JOBFOY,2,,,
JOBKUJ,2,,,
JOBLAQ,2,,,
JOBMOF,1,,,
JOBMUL,1,,,
JOBNAS,1,,,
JOCBAG,1,,,
JOCMET,1,,,
JODMOE,2,,,
JODRUS,2,,,
JODSAZ,2,,,
JODXIK,1,,,
JOFGES,1,,,
JOFGUJ,1,,,
JOFKEX,1,,,
JOFTOO,2,,,
JOFTUU,2,,,
JOFVAC,2,,,
JOFVEG,2,,,
JOFVIK,1,,,
JOHNIG,1,,,
JOHTUZ,1,,,
JOHVAH,1,,,
JOHVEL,1,,,
JOJJUO,2,,,
JOJKAV,2,,,
JOJKID,2,,,
JOKCAP,1,,,
JOKMAX,1,,,
JOKROS,1,,,
JOKYEP,1,,,
JOLTEM,1,,,
JOMHIG,1,,,
JONSIS,1,,,
JOPVEP,1,,,
JORVER,2,,,
JORVIV,2,,,
JOSCID,1,,,
JOSRER,1,,,
JOSRIV,1,,,
JOSROB,1,,,
JOSRUH,1,,,
JOTCON,1,,,
JOVQUG,1,,,
JOVZID,1,,,
JOWCAZ,1,,,
JOWQER,1,,,
JOWQIV,1,,,
JOWVAV,1,,,
JOWXEC,2,,,
JOWXIG,2,,,
JOWXOM,2,,,
JOXXUS,2,,,
JOYFOV,1,,,
JOYKUG,1,,,
JOYMAO,2,,,
JOYVEB,1,,,
JOYVIF,1,,,
JOZJOA,2,,,
JOZJUG,2,,,
JOZROJ,1,,,
JOZRUP,1,,,
JUBGOF,2,,,
JUBHIA,2,,,
JUBKEZ,2,,,
JUBVAH,1,,,
JUBVEL,1,,,
JUBVIP,1,,,
JUBWOW,1,,,
JUBWUB,1,,,
JUCBUH,1,,,
JUCCIW,1,,,
JUCCOC,1,,,
JUCFIZ,1,,,
JUDMEA,1,,,
JUGRUC,1,,,
JUGSAJ,1,,,
JUGSEN,1,,,
JUGSUD,1,,,
JUGTAK,1,,,
JUGTEO,1,,,
JUKCUQ,2,,,
JUKKUZ,1,,,
JUMDAA,2,,,
JUMDEE,2,,,
JUMDUU,2,,,
JUMFAC,2,,,
JUMGAD,2,,,
JUMQER,1,,,
JUNFON,1,,,
JUPJIQ,1,,,
JURJOV,1,,,
JURJUB,1,,,
JUSZEE,1,,,
JUSZII,1,,,
JUTQOI,2,,,
JUTWIE,2,,,
JUTYAB,2,,,
JUTYUW,2,,,
JUVPAU,1,,,
JUVZUZ,1,,,
JUWFAL,1,,,
JUWFEP,1,,,
JUXHAL,1,,,
JUXMOI,1,,,
JUXMUO,1,,,
JUYHAP,2,,,
JUYJIZ,2,,,
JUYJOF,2,,,
JUYPIE,1,,,
JUYXAC,1,,,
JUZJEW,1,,,
KACFIE,2,,,
KACQAH,1,,,
KACQIT,1,,,
KACQOZ,1,,,
KACYIY,1,,,
KADDOM,1,,,
KADFOL,1,,,
KADRER,1,,,
KADRIV,1,,,
KADROB,1,,,
KADRUH,1,,,
KAFSAQ,2,,,
KAFSOE,2,,,
KAGBAX,1,,,
KAGSEQ,1,,,
KAHJUY01,1,,,
KAHMAH,1,,,
KAHMOV,1,,,
KAHQOZ,2,,,
KAHYUS,1,,,
KAHZAZ,1,,,
KAHZED,1,,,
KAJJOX,1,,,
KAKGUD,2,,,
KAKVUR,1,,,
KAKWAY,1,,,
KALMET,1,,,
KAMPUN,1,,,
KAMQEY,1,,,
KAMVIH,1,,,
KAMVON,1,,,
KAMVUT,1,,,
KAMWAA,1,,,
KAMWUU,1,,,
KANNAQ,2,,,
KANPEX,1,,,
KANPIB,1,,,
KAPTOL,2,,,
KAPYAC,1,,,
KAPZOU,1,,,
KAQBOX,1,,,
KAQJAN,1,,,
KAQJER,1,,,
KARPIE,1,,,
KARVAC,1,,,
KARVEG,1,,,
KARVIK,1,,,
KASGAO,2,,,
KASYAG,1,,,
KASYEK,1,,,
KASYIO,1,,,
KATJEW,2,,,
KATLAT,1,,,
KATLAT01,1,,,
KATXAE10,2,,,
KAVBAL,1,,,
KAVXEN,1,,,
KAWFIA,1,,,
KAWFOG,1,,,
KAWGAQ,1,,,
KAWWUE,1,,,
KAYHEY,1,,,
KAZDEV,1,,,
KAZDIZ,1,,,
KAZFIB,1,,,
KEBHOP,1,,,
KEBLAE,1,,,
KEBLEI,1,,,
KECKAH,1,,,
KECWOI,1,,,
KEDBAA,1,,,
KEDBEE,1,,,
KEDFOQ,1,,,
KEFKOV,2,,,
KEFKOV10,2,,,
KEFKUB,2,,,
KEFKUB10,2,,,
KEFMAM,1,,,
KEFMEQ,1,,,
KEFSAS,1,,,
KEFWUN,1,,,
KEFXIF,1,,,
KEGCAA,1,,,
KEGLAM,1,,,
KEHFOW,1,,,
KEJCEL,1,,,
KEKFAL,1,,,
KEKNEU,2,,,
KEKULN10,1,,,
KEKXOR,1,,,
KEKXUX,1,,,
KEKYAE,1,,,
KEKZIM,1,,,
KELCEK,1,,,
KEMHAL,2,,,
KEMHAL01,2,,,
KEMHAL02,2,,,
KEMHEP,2,,,
KENBUC,1,,,
KENDEO,1,,,
KENDIS,1,,,
KENDOY,1,,,
KENDUE,1,,,
KENRED,2,,,
KEPCEN,1,,,
KEPNAU,1,,,
KEPNAW,1,,,
KEPNEA,1,,,
KEPNEY,1,,,
KEPQUR,1,,,
KEPRAY,1,,,
KEQDES,1,,,
KEQDUH,1,,,
KEQSOR,1,,,
KEQSUX,1,,,
KEQTAE,1,,,
KEQTEI,1,,,
KEQTIM,1,,,
KEQYAG,1,,,
KESJEY,1,,,
KESQIJ,1,,,
KETCES,1,,,
KETCOC,1,,,
KETFAQ,1,,,
KETVAJ,1,,,
KETVEN,1,,,
KETVIR,1,,,
KETVOX,1,,,
KEVCAT,2,,,
KEVFID,1,,,
KEVGUR,2,,,
KEVVOA,1,,,
KEWHIG,1,,,
KEWHOM,1,,,
KEWHUS,1,,,
KEWJAY,1,,,
KEWLOR,1,,,
KEWYOB,2,,,
KEWYOE,2,,,
KEWYUK,2,,,
KEWZAR,2,,,
KEWZEV,1,,,
KEXZAQ,1,,,
KEXZEU,1,,,
KEXZEU01,1,,,
KEXZEU02,1,,,
KEXZIY,1,,,
KEXZOE,1,,,
KEXZUK,1,,,
KEYBAT,1,,,
KEYBOH,1,,,
KEYTIS,1,,,
KEZYUJ,1,,,
KEZZAQ,1,,,
KEZZEU,1,,,
KEZZIY,1,,,
KEZZOE,1,,,
KIBBEC,1,,,
KIBPOB,1,,,
KIBPUH,1,,,
KIBREV,1,,,
KICFAG,1,,,
KICFEK,1,,,
KICNAM,2,,,
KICQEW,1,,,
KICROH,1,,,
KIDFAI,1,,,
KIDJAM,1,,,
KIDTUN,2,,,
KIFGOY,2,,,
KIFGUE,2,,,
KIFYEH,2,,,
KIGBAH,1,,,
KIGBEL,1,,,
KIGKUK,1,,,
KIGLAR,1,,,
KIGNUM,1,,,
KIGPAU,1,,,
KIGTIE,1,,,
KIHCOU,1,,,
KIHPAT,1,,,
KIHPEX,1,,,
KIHSIH,1,,,
KIHSON,1,,,
KIHSUT,1,,,
KIHTAA,1,,,
KIHTEE,1,,,
KIHTII,1,,,
KIJNEZ,1,,,
KIJSEC,1,,,
KIJTED,1,,,
KILVIN,1,,,
KILVOT,1,,,
KINLIE,2,,,
KINLOK,2,,,
KINLUQ,2,,,
KIQBER,1,,,
KIQBEV,1,,,
KIQBIY,1,,,
KIQBUH,1,,,
KIQJAZ,1,,,
KIQJED,1,,,
KIQJIH,1,,,
KIQJON,1,,,
KIRKEF,2,,,
KIRRIM,2,,,
KIRTEK,1,,,
KIRZAO,2,,,
KISDEW,2,,,
KISDIA,2,,,
KISJOO,1,,,
KISJUU,1,,,
KISKAB,1,,,
KISKEF,1,,,
KITDOI,1,,,
KITDUO,1,,,
KITFAW,1,,,
KITFEA,1,,,
KITFIE,1,,,
KITFOK,1,,,
KITFOK01,1,,,
KIVCEZ,1,,,
KIVCID,1,,,
KIVCOJ,1,,,
KIVCUP,1,,,
KIVDAW,1,,,
KIVDIC,1,,,
KIVKAB,1,,,
KIVQOY,2,,,
KIWPUE,1,,,
KIXFED,1,,,
KIXLUC,1,,,
KIXMAJ,1,,,
KIXMEN,1,,,
KIXWAQ,2,,,
KIXWEU,2,,,
KIYPEO,2,,,
KIYPOY,1,,,
KIYREQ,1,,,
KIYROC,2,,,
KIZKAG,1,,,
KIZLAG,2,,,
KIZXAT,1,,,
KIZXIE,1,,,
KOBNEV,1,,,
KOBNIZ,1,,,
KODWAB,1,,,
KODYIM,1,,,
KOFCOA,1,,,
KOFDAN,1,,,
KOHBUE,1,,,
KOHGAQ,1,,,
KOHGIY,1,,,
KOHWEN,1,,,
KOJBUJ,1,,,
KOJMUR,2,,,
KOJMUR01,2,,,
KOKBOC,2,,,
KOKBUI,2,,,
KOKCAP,2,,,
KOKCAS,1,,,
KOKCET,2,,,
KOKCEW,1,,,
KOKCIX,2,,,
KOLGAU,1,,,
KOLGUR,1,,,
KOLHAY,1,,,
KOLHEC,1,,,
KOLMAZ,1,,,
KOLVAM,1,,,
KOLVEQ,1,,,
KOLVIU,1,,,
KOMWER,1,,,
KOMXAL,2,,,
KOMXAL01,2,,,
KOMXAL02,2,,,
KONHED,1,,,
KONHIH,1,,,
KONTOW,1,,,
KONZIZ,1,,,
KONZIZ01,1,,,
KOPBID01,1,,,
KOPYET,1,,,
KOQVEV,1,,,
KOQVIZ,1,,,
KOQVOF,1,,,
KOQVUL,1,,,
KORLIM,2,,,
KOTFUX,1,,,
KOTGAE,1,,,
KOTZEY,1,,,
KOTZIC,1,,,
KOVDOO01,1,,,
KOVJAG,1,,,
KOVJOY,1,,,
KOVJUE,1,,,
KOVKAL,1,,,
KOVKEP,1,,,
KOVPES,1,,,
KOWFUZ,1,,,
KOYLAL,1,,,
KOYLEP,1,,,
KUBKEZ,2,,,
KUDKAX,1,,,
KUDTOS,1,,,
KUDTUY,1,,,
KUFHUS,1,,,
KUFVUD,1,,,
KUFWAK,1,,,
KUFWIS,1,,,
KUGHAZ,1,,,
KUGKIG,2,,,
KUHGEB,1,,,
KUHWOB,2,,,
KUJBUP,1,,,
KUJCAW,1,,,
KUJGAX,2,,,
KUJMUZ,1,,,
KUKHOR,1,,,
KUKKIO,1,,,
KUMSUJ,2,,,
KUMTAQ,2,,,
KUNFEF,1,,,
KUNFIJ,1,,,
KUPXEZ,1,,,
KUQLOB,1,,,
KUQLUH,1,,,
KUQMAO,1,,,
KUSDIP,1,,,
KUSDOV,1,,,
KUSDUB,1,,,
KUSFAJ,1,,,
KUSKER,1,,,
KUSWAY,1,,,
KUSWEC,1,,,
KUTJUE,1,,,
KUVVUU,1,,,
KUVWAB,1,,,
KUVWEF,1,,,
KUWBAI,1,,,
KUWBIQ,1,,,
KUWBOW,1,,,
KUWZEI,2,,,
KUWZIM,2,,,
KUWZOS,1,,,
KUWZUY,2,,,
KUXBAH,2,,,
KUXTAA,2,,,
KUXTOO,1,,,
KUYBOW,1,,,
KUYBUC,1,,,
KUYCAJ,1,,,
KUYFAN,1,,,
KUZRUW,2,,,
KUZVOS,1,,,
KUZVUY,1,,,
LABRAK,1,,,
LACSUD,1,,,
LACTAL,1,,,
LACZEW,1,,,
LADPUG,1,,,
LAFKUC,1,,,
LAFLAJ,1,,,
LAFLEN,1,,,
LAFLIR,1,,,
LAFLOX,1,,,
LAFLUD,1,,,
LAFNOA,1,,,
LAFRIW,1,,,
LAFROC,1,,,
LAFRUI,1,,,
LAFSAP,1,,,
LAFSET,1,,,
LAFYAT,1,,,
LAGKUC,1,,,
LAGLAJ,1,,,
LAGQIY,1,,,
LAHBAX,1,,,
LAHHAD,1,,,
LAHNOC,1,,,
LAHNUE,1,,,
LAHXAY,1,,,
LAHXIG,1,,,
LAHXOM,1,,,
LAJCIK,1,,,
LAKTOL,1,,,
LALCOS,2,,,
LALKUF,1,,,
LALPOH,2,,,
LALPUN,2,,,
LAMPUL,1,,,
LAMQIA,2,,,
LAMREX,2,,,
LAMRIB,2,,,
LAMVOL,1,,,
LAMVUR,1,,,
LAMWAY,1,,,
LAMWEC,1,,,
LANLES,1,,,
LANVOM,1,,,
LAPGIU,1,,,
LAPKOE,1,,,
LAPKUK,1,,,
LAPWUW,1,,,
LAQKIY,1,,,
LAQNEX,1,,,
LARVUY,1,,,
LARVUY01,1,,,
LARVUY02,1,,,
LARYIM,1,,,
LASRAY,1,,,
LASXIQ,1,,,
LASXUC,1,,,
LASYAJ,1,,,
LASZEN,1,,,
LATXUD,1,,,
LATYOU,1,,,
LAVMEC,1,,,
LAVTAE,1,,,
LAVYAM,2,,,
LAVYEQ,2,,,
LAWJUP,1,,,
LAWYIT,1,,,
LAXBOC,1,,,
LAXCET,1,,,
LAXDOF,1,,,
LAXRAH,1,,,
LAXRUZ,2,,,
LAXSAG,2,,,
LAXWEP,2,,,
LAYBIX,1,,,
LAYBOD,1,,,
LAYGEY,1,,,
LAYGIC,1,,,
LAYGOI,1,,,
LAYGUO,1,,,
LAYHAV,1,,,
LAYKUR01,1,,,
LAYVUF,1,,,
LAYWAM,1,,,
LAZQEM,1,,,
LEBBIF,2,,,
LEBBOL,2,,,
LEBBUR,2,,,
LEBSAQ,1,,,
LEBYEZ,1,,,
LEBYID,1,,,
LEBYOJ,1,,,
LEBYUP,1,,,
LEBZAW,1,,,
LECPUF,2,,,
LEDKIP,1,,,
LEFDOT,1,,,
LEFPEU,2,,,
LEFWOL,1,,,
LEFXEA,1,,,
LEFXEC,1,,,
LEFXIE,1,,,
LEFXOK,1,,,
LEHFIR,2,,,
LEHFOX,2,,,
LEHFUD,2,,,
LEHGAK,2,,,
LEHPUM,1,,,
LEHQAT,1,,,
LEHQEX,1,,,
LEJNUL,2,,,
LEJPAT,2,,,
LEJWUS,1,,,
LEKGUE,1,,,
LEKYEF,1,,,
LEKYIJ,1,,,
LELSEE,1,,,
LEMBAH,2,,,
LEMYUX10,1,,,
LEMZAE10,1,,,
LEMZEI10,1,,,
LENKUK,1,,,
LENLAR,1,,,
LENPAW,1,,,
LENPEA,1,,,
LENVEJ,1,,,
LENWAF,1,,,
LENWEJ,1,,,
LENWIN,1,,,
LENWOT,1,,,
LENWUZ,1,,,
LENXAG,1,,,
LENXEK,1,,,
LENYEJ,1,,,
LEPBAK,1,,,
LEPBAK01,1,,,
LEPBAM,2,,,
LEQRUW,1,,,
LEQSAD,1,,,
LEQXEL,1,,,
LEQXIP,1,,,
LERGOE,2,,,
LERHAV,1,,,
LERHOJ,1,,,
LERJIF,1,,,
LERPEH,1,,,
LERPOR,1,,,
LERPUX,1,,,
LERQOS,1,,,
LERQUY,1,,,
LERRIN,1,,,
LERRUZ,1,,,
LERSAG,1,,,
LERSIO,1,,,
LERSOU,1,,,
LERTAH,1,,,
LERTEL,1,,,
LERTIP,1,,,
LERTUB,1,,,
LERVAJ,1,,,
LERVEN,1,,,
LERVOX,1,,,
LESGUL,1,,,
LESQIN,1,,,
LESQOT,1,,,
LESQUZ,1,,,
LETGAU,1,,,
LETGOI,2,,,
LETHIE,1,,,
LETHIE01,1,,,
LETHIE02,1,,,
LETLAY,1,,,
LETNAA,1,,,
LETNEE,1,,,
LETNEE01,1,,,
LETPIM,1,,,
LETQEH,1,,,
LEVFEX,2,,,
LEVFIB,2,,,
LEVLUV,1,,,
LEVNUX,1,,,
LEWBOF,1,,,
LEWLEF,1,,,
LEWMEG,1,,,
LEXDAV,1,,,
LEXMUA,1,,,
LEXQEN,1,,,
LEXSAJ,1,,,
LEXSUE,1,,,
LEXTAL,1,,,
LEXTEP,1,,,
LEXTIT,1,,,
LEXTOZ,1,,,
LEYJIJ,1,,,
LEYNIN,2,,,
LEZBIE,1,,,
LEZBIE01,1,,,
LEZFEF,2,,,
LEZFIJ,2,,,
LEZFOP,2,,,
LEZFUV,2,,,
LEZQUG,2,,,
LEZRER,2,,,
LEZRIV,2,,,
LEZROB,2,,,
LEZRUH,2,,,
LEZSES,2,,,
LEZSIW,2,,,
LEZSOC,2,,,
LEZWUM,1,,,
LEZXAT,2,,,
LEZXEX,1,,,
LIBBUW,1,,,
LIBDUZ,1,,,
LIBFAH,1,,,
LIBFEL,1,,,
LIBQUM,2,,,
LIBSAQ,2,,,
LICBAD,1,,,
LICTEA,1,,,
LIDKEP,1,,,
LIDPOH,1,,,
LIDPOH01,1,,,
LIDPOH02,1,,,
LIDQEY,1,,,
LIDQEY01,1,,,
LIDQEY02,1,,,
LIFHAM,1,,,
LIFMUL,1,,,
LIFNAS,1,,,
LIFPUO,1,,,
LIFPUO01,1,,,
LIFQEZ,1,,,
LIHWAE,1,,,
LIHZEI,1,,,
LIJKAR,1,,,
LIJROM,1,,,
LIJYAE,1,,,
LIKCEO,1,,,
LIKDIV,2,,,
LIKDOB,2,,,
LIKDUH,2,,,
LIKHAO,1,,,
LIKJAT,2,,,
LIKWEH,2,,,
LIKWIL,1,,,
LILBAM,1,,,
LILBEQ,1,,,
LILBOA,1,,,
LILCAN,1,,,
LILCIS,1,,,
LIMBEQ,1,,,
LIMFOE,1,,,
LIMHEW,1,,,
LIMHIA,1,,,
LIMHOG,1,,,
LIMJAU,1,,,
LINCOA,1,,,
LINJUP,2,,,
LINKAW,2,,,
LINKEA,2,,,
LINKIE,2,,,
LINKOK,2,,,
LIPBES,1,,,
LIPQAE,2,,,
LIPQOU,1,,,
LIQBOF,1,,,
LIQJOO,1,,,
LIQJUU,1,,,
LIQPUW,1,,,
LIQWOX,1,,,
LIRTEL,1,,,
LISTOX,2,,,
LISWAO,1,,,
LITFOL,1,,,
LITJAZ,2,,,
LITJED,2,,,
LITNAD,1,,,
LIVMAH,1,,,
LIWFII,1,,,
LIWLEL,1,,,
LIWNUD,2,,,
LIWZEY,1,,,
LIWZIC,1,,,
LIWZOI,1,,,
LIWZUO,1,,,
LIXBAX,1,,,
LIXBEB,1,,,
LIXBIF,1,,,
LIYHUZ,1,,,
LIYQAN,1,,,
LIYQOB,1,,,
LIYSET,1,,,
LIYSIX,1,,,
LIZNIS,1,,,
LIZQAO,1,,,
LOBFEP,1,,,
LOBLAQ,1,,,
LOBYIK,1,,,
LOCFOC,1,,,
LOCFUI,1,,,
LOCGAP,1,,,
LOCGET,1,,,
LOCGIX,1,,,
LOCGOD,1,,,
LOCGUJ,1,,,
LOCHAQ,1,,,
LOCHEU,1,,,
LOCHIY,1,,,
LOCHOE,1,,,
LOCHUK,1,,,
LOCJAS,1,,,
LOCJEW,1,,,
LOCJIA,1,,,
LOCJUM,1,,,
LOCKAT,1,,,
LOCLUL,1,,,
LODFEQ,2,,,
LODHIW,1,,,
LODHOC,1,,,
LODJEX,1,,,
LOFCIW,1,,,
LOFDAL,1,,,
LOFFEV,2,,,
LOFFIZ,2,,,
LOFFOF,2,,,
LOFGEW,2,,,
LOFGIA,2,,,
LOFKIA,1,,,
LOFMEC,1,,,
LOFVAE,1,,,
LOGMAX,1,,,
LOGMEA,1,,,
LOGMEB,1,,,
LOGMIE,1,,,
LOGQIJ,1,,,
LOGXUB,2,,,
LOHCAN,1,,,
LOHCER,1,,,
LOHXIP,1,,,
LOJBOE,2,,,
LOJMIH,2,,,
LOJPAF,1,,,
LOJPAF01,1,,,
LOJPAF02,1,,,
LOJPIM,1,,,
LOJPIN,1,,,
LOJPOS,1,,,
LOJPUY,1,,,
LOJPUZ,1,,,
LOJQAG,1,,,
LOJQIO,1,,,
LOJVOZ,2,,,
LOKHOK,1,,,
LOKHOK01,1,,,
LOKWUE,1,,,
LOLCEU,1,,,
LOLGEB,1,,,
LOLJOO,2,,,
LOLJUU,2,,,
LOLKAB,2,,,
LOLMOQ,1,,,
LOLNUY,1,,,
LOLPAG,1,,,
LOMCOF,1,,,
LONHUS,1,,,
LONMAD,1,,,
LONMEH,1,,,
LONMIL,1,,,
LONNAE,1,,,
LONZIX,1,,,
LONZOD,1,,,
LOPKEG,1,,,
LOPKIM,2,,,
LOPZEX01,1,,,
LOPZIC,2,,,
LORGIJ,1,,,
LORNOY,1,,,
LORROZ,1,,,
LOSLEL,1,,,
LOSLEL01,1,,,
LOSLEL02,1,,,
LOSQIX,1,,,
LOSQUJ,1,,,
LOSRUI,2,,,
LOSSAP,2,,,
LOTBOO,2,,,
LOTBUU,2,,,
LOTBUU01,2,,,
LOTCAB,2,,,
LOTCEF,2,,,
LOTCEG,1,,,
LOTCIJ,2,,,
LOTCOP,2,,,
LOTDAC,2,,,
LOTDUV,1,,,
LOTFAD,1,,,
LOTFEH,1,,,
LOTFIL,1,,,
LOTLIR,1,,,
LOTLIR01,1,,,
LOTYUO,1,,,
LOVXAZ,1,,,
LOWGAH,1,,,
LOWHOY,1,,,
LOWJIU,1,,,
LOWJOA,1,,,
LOWKEN,1,,,
LOXQOI,2,,,
LOXQUO,2,,,
LOXSEY,2,,,
LOXSID,2,,,
LOYFUD,1,,,
LOYGAK,2,,,
LOYGEO,2,,,
LOYGIS,2,,,
LOYGOY,2,,,
LOYJOC,1,,,
LOYNOF,1,,,
LOYNUL,1,,,
LOYPAT,1,,,
LOYPEX,1,,,
LOYPIB,1,,,
LOYPOH,1,,,
LOYPUN,1,,,
LOYROI,2,,,
LOYTEA,2,,,
LOZBOT,1,,,
LOZMUI,1,,,
LOZNAP,1,,,
LOZNET,1,,,
LOZNIX,1,,,
LOZNOD,1,,,
LOZNUJ,1,,,
LUBKEY,1,,,
LUBPUT,1,,,
LUCVEL,2,,,
LUDJEA,1,,,
LUFFIC,1,,,
LUFGAV,1,,,
LUFGEZ,1,,,
LUFHUQ,1,,,
LUGNEH,1,,,
LUGNIL,1,,,
LUGNOR,1,,,
LUGRIS,1,,,
LUGSOZ,1,,,
LUGTOA,1,,,
LUHFIH,1,,,
LUHGOO,1,,,
LUHGUU,1,,,
LUHHAB,1,,,
LUHHOP,1,,,
LUJBUN,1,,,
LUJTET,1,,,
LUJVAO,2,,,
LUJVES,2,,,
LUJWIX,1,,,
LUMJOS,1,,,
LUMJUY,1,,,
LUMQEP,2,,,
LUMWIB,1,,,
LUMWOH,1,,,
LUMWUN,1,,,
LUMXAU,1,,,
LUMXEY,1,,,
LUNSUK,1,,,
LUPGUC,2,,,
LUPJEM,1,,,
LUQJEM,1,,,
LUQJIU,2,,,
LUQJUG,2,,,
LUQKAN,2,,,
LUQRIZ,1,,,
LUQVIC,1,,,
LUQVIC01,1,,,
LURBOP,1,,,
LURBUV,1,,,
LUSVOO,1,,,
LUTNUJ,1,,,
LUTPEV,1,,,
LUTPEV01,1,,,
LUWNAV,1,,,
LUXCUD,1,,,
LUXFOC,1,,,
LUXJAP,1,,,
LUXKOH,1,,,
LUXKUN,1,,,
LUXVAB,2,,,
LUXVEF,2,,,
LUXVIJ,2,,,
LUXXEK,1,,,
LUXXIO,1,,,
LUYHET,1,,,
LUYHIX,1,,,
LUZCIV,2,,,
LUZGAQ,1,,,
LUZQEF,1,,,
LUZQIJ,1,,,
MACMUZ,1,,,
MACMUZ01,1,,,
MACMUZ02,1,,,
MACNAG,1,,,
MADGAC,1,,,
MADHAC,1,,,
MADHAC01,1,,,
MADHIJ,1,,,
MADHOP,1,,,
MADNEO,1,,,
MADNIS,1,,,
MADNOY,1,,,
MADNUE,1,,,
MADPAM,1,,,
MADPEQ,1,,,
MADYEY,1,,,
MAFKUD,1,,,
MAFLAK,1,,,
MAFLEO,1,,,
MAFLIS,1,,,
MAFLOY,1,,,
MAFLUE,1,,,
MAFPUG,1,,,
MAFQAN,1,,,
MAFQIV,1,,,
MAGSAS,1,,,
MAGZIF,1,,,
MAKRAV,1,,,
MAKREZ,1,,,
MALGAH,1,,,
MALGUD,2,,,
MALHAI,2,,,
MALHAK,2,,,
MALHEO,2,,,
MALPUL,2,,,
MALQAS,2,,,
MALQEW,2,,,
MALSUO,2,,,
MALTIC,1,,,
MALVAL10,1,,,
MAMDAJ,1,,,
MAMDEN,1,,,
MAMDIR,1,,,
MAMNEV,1,,,
MAMNIZ,1,,,
MAMVIH,1,,,
MAMVON,1,,,
MAMWII,1,,,
MANBZA,1,,,
MANLOG,1,,,
MANPIE01,1,,,
MANPOK01,1,,,
MANPUQ01,1,,,
MANQAX01,1,,,
MANQAX02,1,,,
MANQEB01,1,,,
MANQIF01,1,,,
MANQOL01,1,,,
MANQUR01,1,,,
MANTEE,2,,,
MANTII,2,,,
MANTOO,2,,,
MANVAC,2,,,
MAPDUF,1,,,
MAPWIN,1,,,
MAPWOT,1,,,
MAPWUZ,1,,,
MAPXAG,1,,,
MAPXEJ,1,,,
MAPXEK,1,,,
MAQNIF,1,,,
MAQNIF01,1,,,
MAQSOP,1,,,
MAQSUV,1,,,
MAQTAB,1,,,
MAQTAC,1,,,
MAQTEF,1,,,
MARBOW,1,,,
MATROO,1,,,
MAVFAU,1,,,
MAVFEY,1,,,
MAVFIC,1,,,
MAVTAI,2,,,
MAVVAI,2,,,
MAVWIT,1,,,
MAVZIS,1,,,
MAVZOY,1,,,
MAVZUE,1,,,
MAWBAR,1,,,
MAWYIS,1,,,
MAXCAQ,2,,,
MAXCEU,2,,,
MAXCIY,2,,,
MAXCOE,2,,,
MAXCUK,2,,,
MAXDEV,2,,,
MAXDEV01,2,,,
MAXPUX,1,,,
MAXYUJ,1,,,
MAYCUN,1,,,
MAYDAU,1,,,
MAYFAW,1,,,
MAZDIB,1,,,
MAZDOH,1,,,
MAZSOV,2,,,
MAZSUB,2,,,
MBZAOY,1,,,
MEBLAJ,1,,,
MECJEL,1,,,
MECVOF,2,,,
MEDLAL,1,,,
MEDLEP,1,,,
MEDLIR,1,,,
MEDLIT,1,,,
MEDLOZ,1,,,
MEDLUF,1,,,
MEDMAM,1,,,
MEDMIU,1,,,
MEDMOA,1,,,
MEDMUG,1,,,
MEDNAN,1,,,
MEDTAT,1,,,
MEFJIS,1,,,
MEFMAL,1,,,
MEFNUI,1,,,
MEFPAQ,1,,,
MEFPUM,1,,,
MEFQOE,1,,,
MEFTEA,1,,,
MEGBUX,2,,,
MEGCAE,1,,,
MEGCEI,1,,,
MEGQUK,1,,,
MEHFIO,1,,,
MEHREX,1,,,
MEHVIF,2,,,
MEJDUD,1,,,
MEJHAN,1,,,
MEJHER,1,,,
MEJVUT,1,,,
MEKPAX,2,,,
MEKPEB,2,,,
MEKRUS,1,,,
MEKSUU,1,,,
MELMID,1,,,
MELVOS,1,,,
MEMDAK,1,,,
MEMDER,1,,,
MEMDIV,1,,,
MEMDOB,1,,,
MEMDUH,1,,,
MEMLIC,1,,,
MEMLOI,1,,,
MEMLUO,1,,,
MEMMAV,1,,,
MEMSOP,1,,,
MEMTAZ,1,,,
MEMVUZ,1,,,
MENMUQ,1,,,
MEPVAI,1,,,
MERKED,1,,,
MERKIH,1,,,
MERKUT,1,,,
MERLEE,1,,,
MERMUV,1,,,
MERQAE,1,,,
MESDUJ,2,,,
MESJOK,1,,,
MESKIE,2,,,
MESLAY,1,,,
MESLEC,1,,,
MESTUA,2,,,
METJAZ,1,,,
METKIF,1,,,
METTUE,1,,,
METVAM,1,,,
MEVVUE,1,,,
MEVVUE01,1,,,
MEVYUH,1,,,
MEWMOU,1,,,
MEWMUA,1,,,
MEZWIZ,1,,,
MIFHAK,1,,,
MIFRUO,1,,,
MIGCUA,1,,,
MIGSOK,1,,,
MIHKEX,1,,,
MIHKIB,1,,,
MIHKOH,1,,,
MIHMEX,1,,,
MIHQOM,1,,,
MIHTOQ,1,,,
MIKVAE,1,,,
MIKVEI,1,,,
MILCIW,2,,,
MILSEJ,1,,,
MIMFAS,1,,,
MIMVIR,1,,,
MINBUK,1,,,
MINCAR,1,,,
MINCEV,1,,,
MINCIZ,1,,,
MINCOF,1,,,
MIPDUK,1,,,
MIPFAS,1,,,
MIPKOM,1,,,
MIPPAE,2,,,
MIPPUX,2,,,
MIPQAE,2,,,
MIPQEI,2,,,
MIPWAK,1,,,
MIPWEO,1,,,
MIPYEP,1,,,
MIPYEP01,1,,,
MIPYEP02,1,,,
MIPYEP03,1,,,
MIPYEP04,1,,,
MIPYEP05,1,,,
MIPYEP06,1,,,
MIPYIT,1,,,
MIQGOJ,1,,,
MIQGUP,1,,,
MIRBOE,1,,,
MISWIV,1,,,
MITGAY,2,,,
MITGEC,1,,,
MITKAE,1,,,
MITLAF,1,,,
MIWZIB,1,,,
MIXFEF,1,,,
MIXFIL,2,,,
MIXFOR,2,,,
MIXHAD,1,,,
MIYFAD,1,,,
MIYFEH,1,,,
MIYFIL,1,,,
MIYFOR,1,,,
MIYFUX,1,,,
MIYGAE,1,,,
MIYGEI,1,,,
MIYGIM,1,,,
MIZSAT,1,,,
MIZZUU,1,,,
MNPOCB01,1,,,
MOBVII,1,,,
MOBVOO,1,,,
MOBYEJ,1,,,
MOBYEJ01,1,,,
MOBYEJ03,1,,,
MOBYEJ04,1,,,
MOBYEJ05,1,,,
MOBYEJ06,1,,,
MOBYEJ07,1,,,
MOBYEJ08,1,,,
MOCMIB,1,,,
MOCMIB01,1,,,
MOCTOR,1,,,
MOCXUY,1,,,
MODMEX,1,,,
MOFGOF,1,,,
MOFGUL,1,,,
MOFHEU,1,,,
MOGYAM,2,,,
MOHCOB,1,,,
MOHFIY,2,,,
MOHTAE,1,,,
MOJGAV,1,,,
MOJGEZ,1,,,
MOJGID,1,,,
MOJREJ,2,,,
MOKGIG,1,,,
MOKGOM,1,,,
MOKGUS,1,,,
MOLHUU,1,,,
MOLMOQ,1,,,
MOLMUV,1,,,
MOLNAC,1,,,
MOLWUH,1,,,
MONQOV,1,,,
MONQUB,1,,,
MOPGOP,1,,,
MOQLOU,1,,,
MOQPEN,1,,,
MOQPIR,1,,,
MOQPOX,1,,,
MORJEI01,1,,,
MORKUC,1,,,
MORQUI,2,,,
MORSAN,2,,,
MORSER,2,,,
MORTEW,1,,,
MOSDOP,2,,,
MOTWAV,2,,,
MOTWUP,2,,,
MOTWUP02,2,,,
MOTWUP05,2,,,
MOTZOM,2,,,
MOVBUW,2,,,
MOVCEH,2,,,
MOVDAE,1,,,
MOVFUY,1,,,
MOVLES,2,,,
MOVLIW,2,,,
MOVYIH,1,,,
MOVYUT,1,,,
MOVZEE,1,,,
MOVZOO,1,,,
MOWBOT,1,,,
MOWCAG,2,,,
MOWJUD,1,,,
MOWKAO,2,,,
MOWROJ,1,,,
MOWRUP,1,,,
MOXRAU,1,,,
MOZJAM,1,,,
MOZJAO,2,,,
MOZJEQ,1,,,
MOZJES,2,,,
MOZQIB,1,,,
MUBREH,1,,,
MUCGEA,1,,,
MUCGIC,2,,,
MUCGIE,1,,,
MUCJAZ,1,,,
MUCYOZ,1,,,
MUDTEN,2,,,
MUDTIR,2,,,
MUDTOX,2,,,
MUDZEU,1,,,
MUFDOH,1,,,
MUFNEG,1,,,
MUFQAJ,1,,,
MUGDOK,1,,,
MUHCOI,1,,,
MUHCUO,1,,,
MUHDIF,2,,,
MUJCUT,1,,,
MUJDAA,1,,,
MUJDAX,1,,,
MUJFIG,1,,,
MUJFOM,1,,,
MUJLUY01,1,,,
MUKMEO,2,,,
MULCEF,1,,,
MULQAO,1,,,
MULRUH,2,,,
MULSIV,1,,,
MULZEZ,1,,,
MUMJOU,1,,,
MUMKEL,1,,,
MUNJAH,2,,,
MUNRES,2,,,
MUNRIW,2,,,
MUPMOB,1,,,
MURDOV,1,,,
MUTFAI,1,,,
MUTKOF,1,,,
MUTPOI,1,,,
MUVGOB,1,,,
MUVGUH,1,,,
MUVKEW,1,,,
MUVKIA,1,,,
MUWKEW,1,,,
MUWSOO,1,,,
MUWYIQ,1,,,
MUXJAR,1,,,
MUXSIH,1,,,
MUXSUV,2,,,
MUXVIL,1,,,
MUXVUX,1,,,
MUXWEI,1,,,
MUXWIM,1,,,
MUXWOS,1,,,
MUXXEM,1,,,
MUYPEE,2,,,
MUYRED,2,,,
MUYWIN,1,,,
MUYWOT,1,,,
MUYWUZ,1,,,
MUZDUG,1,,,
MUZZEM,1,,,
MUZZIS,1,,,
NABGAB,1,,,
NABJIK,1,,,
NABJIK01,1,,,
NABKEH,1,,,
NABMUD,1,,,
NABNAK,1,,,
NABNEO,1,,,
NABVIW,1,,,
NABVOC,1,,,
NACDAW,2,,,
NACVES,1,,,
NADHUA,1,,,
NADKIP,1,,,
NADRAM,1,,,
NADWAR,1,,,
NADWEV,1,,,
NADWEZ,1,,,
NADWID,1,,,
NADWIZ,1,,,
NADWOJ,1,,,
NAFDEH,1,,,
NAFQUI,1,,,
NAFRAP,1,,,
NAFSAQ,1,,,
NAFSEU,1,,,
NAFSIY,1,,,
NAGCOS,1,,,
NAGCUY,1,,,
NAGDAF,1,,,
NAGVOK,1,,,
NAGWEB,2,,,
NAGWIF,2,,,
NAGWOL,2,,,
NAGWUR,2,,,
NAGXAY,2,,,
NAGXEC,2,,,
NAHJAH,1,,,
NAHSID,1,,,
NAHSOJ,1,,,
NAHXIF,1,,,
NAJFEM,1,,,
NAJFIQ,1,,,
NAJSOI,1,,,
NAKVON,1,,,
NAMDEL,1,,,
NAMPIA,1,,,
NAPTPR,1,,,
NAPTPR01,1,,,
NAPXOV,1,,,
NAQKAS,1,,,
NAQKIA,1,,,
NAQKOG,1,,,
NAQREG,1,,,
NAQRIK,1,,,
NASQAA,2,,,
NASTAE,1,,,
NATVOX,2,,,
NAVFUN,1,,,
NAVMED,1,,,
NAWTUC,1,,,
NAWWUD,2,,,
NAWXAK,2,,,
NAWXEO,2,,,
NAYLIK,2,,,
NEBDEE,1,,,
NEBXEB,1,,,
NEBXIF,1,,,
NECBOP,1,,,
NEDPET,1,,,
NEDPIX,1,,,
NEGVAZ,1,,,
NEGVAZ01,1,,,
NEHFEO,2,,,
NEHFOY,2,,,
NEHFUE,1,,,
NEHGAL,2,,,
NEHHUF,1,,,
NEHJAN,2,,,
NEHLUI,2,,,
NEHYAA,1,,,
NEHYAA01,1,,,
NEHYAA02,1,,,
NEHYAA03,1,,,
NEJCUD,1,,,
NEJDAK,1,,,
NEJJIV,1,,,
NELFEQ,1,,,
NELFIU,1,,,
NELPOM,1,,,
NELPUS,1,,,
NEMMUN,1,,,
NEMPIF,1,,,
NEMQOM,2,,,
NEMYAJ,2,,,
NENCAL,1,,,
NENCEP,1,,,
NENDOZ,1,,,
NENDOZ01,1,,,
NENHIY,1,,,
NEPMIE,1,,,
NEPMOK,1,,,
NEPMUQ,1,,,
NEPNAX,1,,,
NEQWEP,1,,,
NERFUM,1,,,
NERGIA,1,,,
NERQAD,1,,,
NERYIS,2,,,
NERYIV,2,,,
NESTIQ,1,,,
NESTUC,1,,,
NETKOM,1,,,
NETKOM01,1,,,
NEVWER,1,,,
NEWHEG,1,,,
NEWHIJ,1,,,
NEWHOQ,1,,,
NEWJEI,1,,,
NEWPEL,1,,,
NEWPIP,1,,,
NEWPOV,1,,,
NEWWER,1,,,
NEWWOD,1,,,
NEWWUJ,1,,,
NEWXAQ,1,,,
NEWXIW,1,,,
NEXLOR,1,,,
NEXLUX,1,,,
NEYBOI,1,,,
NEYBUO,1,,,
NEYKAH,1,,,
NEYLOW,1,,,
NEYLUC,1,,,
NIBDAH,2,,,
NIBDAH01,2,,,
NIBDAH02,2,,,
NIBDAH03,2,,,
NIBDAH04,2,,,
NICDOS,1,,,
NICJER,1,,,
NIDBEL,1,,,
NIDBIP,1,,,
NIGRAW,1,,,
NIGTAY,2,,,
NIHDIR,1,,,
NIHPIF,2,,,
NIHSII,1,,,
NIJSAE,1,,,
NIJSEG,1,,,
NIJSEI,1,,,
NIJSIK,1,,,
NIJSIM,1,,,
NIJSOS,1,,,
NIJTEJ,1,,,
NIJZAJ,1,,,
NIKFOF,1,,,
NIKFUL,1,,,
NIKGEW,1,,,
NIKHEW,1,,,
NIKKAW,1,,,
NILQUV,1,,,
NILSAF,1,,,
NIMLOK,1,,,
NIMMII,2,,,
NIMNAY,1,,,
NIMTUB,2,,,
NIMVAJ,2,,,
NINQOR,1,,,
NIPGID,1,,,
NIPGOJ,1,,,
NIQDEX,1,,,
NIQXIX,1,,,
NIQXOD,1,,,
NIRGUR,1,,,
NISZOE,1,,,
NITYOG,2,,,
NITYUM,2,,,
NIVQUF,1,,,
NIWDII,1,,,
NIWDOO,1,,,
NIWDUU,1,,,
NIWFAC,1,,,
NIWFEG,1,,,
NIWJUA01,1,,,
NIWJUA02,1,,,
NIWYAU,1,,,
NIXKUA,1,,,
NIYGAD,1,,,
NIYLUF,1,,,
NIZGEJ,1,,,
NIZHOU,1,,,
NIZHUA,1,,,
NIZJAI,1,,,
NOBBOV02,1,,,
NOBLEW,1,,,
NOBSEG,2,,,
NOCCIU,1,,,
NOCCOA,1,,,
NOCSUU,1,,,
NOCWAF,1,,,
NOCYOV,1,,,
NODLOI,1,,,
NODMAV,1,,,
NODMEZ,1,,,
NODVOT,2,,,
NODWEI,1,,,
NOFPIK,1,,,
NOFWAK,2,,,
NOFZEP,1,,,
NOGBOD,1,,,
NOGSAF,1,,,
NOHHEX,1,,,
NOHHUR,1,,,
NOHJAV,1,,,
NOHJID,1,,,
NOHKAW,1,,,
NOHKEA,1,,,
NOHNUW,2,,,
NOKWAP,2,,,
NOKWIX,2,,,
NOKZUI,1,,,
NOLJUX,1,,,
NOLKEI,1,,,
NOLSEO,2,,,
NOLSIS,2,,,
NOLSOY,2,,,
NOLSUE,2,,,
NOPFEG,2,,,
NOPFIK,1,,,
NOPHEF,1,,,
NOQHAC,1,,,
NOQZUP,1,,,
NORVUO,1,,,
NORWAV,1,,,
NORWEY,1,,,
NORWIC,1,,,
NORWOI,1,,,
NOTKIU,1,,,
NOTSUN,1,,,
NOVNAP,2,,,
NOVSOI,1,,,
NOVSUO,1,,,
NOVTAV,1,,,
NOVTEZ,1,,,
NOVTID,1,,,
NOWBUY,2,,,
NOWCAF,2,,,
NOWCEJ,2,,,
NOWFOY,2,,,
NOWFUE,2,,,
NOWGAL,2,,,
NOXJIV,2,,,
NOYMOD,1,,,
NOYMUJ,1,,,
NOYNAQ,1,,,
NOYNEU,1,,,
NOYTEE,2,,,
NOYTII,2,,,
NOZJAR,2,,,
NPCABU10,1,,,
NUBDEX,1,,,
NUBGOK,1,,,
NUCJAZ,1,,,
NUCJED,1,,,
NUCNUW,1,,,
NUCZUH,1,,,
NUFBIA,1,,,
NUFJEH,2,,,
NUFJIL,2,,,
NUFVEQ,1,,,
NUFVIU,1,,,
NUFZUJ,1,,,
NUGPEO,2,,,
NUGPOY,1,,,
NUGPUE,1,,,
NUGQAL,1,,,
NUGQEP,1,,,
NUGQIT,1,,,
NUGSAK,1,,,
NUGTAL,1,,,
NUGWUH,1,,,
NUGZIA,2,,,
NUGZOG,2,,,
NUGZUK,2,,,
NUGZUK01,2,,,
NUHBEX,2,,,
NUHXIA,1,,,
NUHXOG,1,,,
NUHXUM,1,,,
NUHYAT,1,,,
NUHYEX,1,,,
NUHYIB,1,,,
NUHYOH,1,,,
NUHYUN,1,,,
NUHZAU,1,,,
NUJQOB,1,,,
NUJQUH,1,,,
NUJSAP,1,,,
NUJSET,1,,,
NUJYAV,2,,,
NUKKEN,1,,,
NULJIQ,1,,,
NULKEN,1,,,
NULKIR,1,,,
NULLOZ,1,,,
NULLUF,1,,,
NULWIB,1,,,
NULWOH,1,,,
NUMDEE,1,,,
NUMNAO,1,,,
NUMNIW,1,,,
NUMNOC,1,,,
NUMZAA,1,,,
NUMZEE,1,,,
NUNFAH,1,,,
NUNFEJ,1,,,
NUNFIM,1,,,
NUNGAH,1,,,
NUNGEL,1,,,
NUNGIP,1,,,
NUNGOV,1,,,
NUNGUB,1,,,
NUNHAI,1,,,
NUNHEM,1,,,
NUNHIQ,1,,,
NUNHOW,1,,,
NUNHUC,1,,,
NUNJAK,1,,,
NUNJEO,1,,,
NUNJIS,1,,,
NUNJOY,1,,,
NUNJUE,1,,,
NUNKAL,1,,,
NUNLOX,1,,,
NUNROG,1,,,
NUPHAH,1,,,
NUPHOV,2,,,
NUPQUO,1,,,
NUPRAV,1,,,
NUPRID,1,,,
NUPROJ,1,,,
NUQRUP,2,,,
NUQSAW,2,,,
NUQSUR,1,,,
NURHIR,1,,,
NURHOX,1,,,
NURHUD,1,,,
NURJEP,1,,,
NURJEP01,1,,,
NURMIY,2,,,
NURMIY01,2,,,
NUSPAW,1,,,
NUSPEA,1,,,
NUSPIE,1,,,
NUSPOK,1,,,
NUSTOO,1,,,
NUTBUB,1,,,
NUTHAN,2,,,
NUTNEW,1,,,
NUTPUP,1,,,
NUTTED,2,,,
NUTTIH,2,,,
NUVMOG,2,,,
NUVMUM,2,,,
NUVYOW,1,,,
NUWRAB01,2,,,
NUWSUW,2,,,
NUXDAO,1,,,
NUXHOF,1,,,
NUXHUL,1,,,
NUXJAT,1,,,
NUXJEX,1,,,
NUXKAS,1,,,
NUXTUY,1,,,
NUYFAQ,1,,,
NUYTOS,1,,,
NUZTAE,1,,,
NUZVUB,1,,,
OBACUT,2,,,
OBADAA,2,,,
OBALIO,2,,,
OBAZUP,2,,,
OBAZUP01,2,,,
OBAZUP02,2,,,
OBAZUP03,2,,,
OBEDEG,1,,,
OBEYIF,1,,,
OBIBOQ,1,,,
OBOFAM,1,,,
OBOFEQ,1,,,
OBOFIU,1,,,
OBOREG,1,,,
OBORIK,1,,,
OBOROQ,1,,,
OBORUW,1,,,
OBOWAG,1,,,
OBUQAF,1,,,
OCACAY,1,,,
OCAMIO,1,,,
OCAMOU,1,,,
OCAMUA,1,,,
OCANAH,1,,,
OCATOD,1,,,
OCEHIN,1,,,
OCEHOT,1,,,
OCEHUZ,1,,,
OCELUF,1,,,
OCERET,1,,,
OCHXCD10,1,,,
OCOKIE,1,,,
OCUXAO,2,,,
OCUXUI,2,,,
OCUYAP,2,,,
OCUYET,2,,,
ODAGIJ,1,,,
ODARIV,1,,,
ODEJUF,1,,,
ODEKAM,1,,,
ODEKEQ,1,,,
ODEWUS,1,,,
ODULAB,1,,,
ODULIJ,1,,,
ODUMIM,1,,,
OFAMIT,1,,,
OFAMOZ,1,,,
OFANUI,1,,,
OFAXID,1,,,
OFOHIC,1,,,
OFOHOI,1,,,
OFOLUR,1,,,
OFOSEH,1,,,
OFOSIL,1,,,
OFOWAI,1,,,
OFOWIQ,1,,,
OFUMEL,1,,,
OFUMOV,1,,,
OFUVAP,1,,,
OFUXOG,1,,,
OFUXUM,1,,,
OGAJUB,1,,,
OGAKEM,1,,,
OGAKUC,1,,,
OGALAJ,1,,,
OGALEN,1,,,
OGASEU,1,,,
OGAYOL,1,,,
OGEQAW,1,,,
OGIFOB,1,,,
OGIFUH,1,,,
OGIGAO,1,,,
OGIJEW,1,,,
OGIJIA,1,,,
OGIJIA01,1,,,
OGIJIA02,1,,,
OGIJIA04,1,,,
OGIKEX,1,,,
OGIMEZ,1,,,
OGIMID,1,,,
OGIMOJ,1,,,
OGIMUP,1,,,
OGINAW,1,,,
OGINEA,1,,,
OGISOP,1,,,
OGISUV,1,,,
OGITAC,1,,,
OGIVIJ,1,,,
OGIZIN,1,,,
OGOFAS,2,,,
OGOFEW,2,,,
OGOFIA,2,,,
OGOHEA,1,,,
OGOHIE,1,,,
OGOMIG,1,,,
OGUJAE,2,,,
OGUQEN,1,,,
OGUQIR,1,,,
OGUQIR01,1,,,
OGUQOX,1,,,
OGUQUD,1,,,
OGUSIV,1,,,
OGUVOB,1,,,
OGUVUH,1,,,
OGUWAO,1,,,
OHACIL,1,,,
OHARIC,1,,,
OHARUO,1,,,
OHATOK,1,,,
OHAVIG,1,,,
OHEXOO,1,,,
OHEYEF,1,,,
OHEYIJ,1,,,
OHEYOP,1,,,
OHICAJ,1,,,
OHICAJ01,1,,,
OHIDUE,1,,,
OHIFAM,1,,,
OHIFEQ,1,,,
OHINEC,1,,,
OHINIG,1,,,
OHIPOO,1,,,
OHISUT,1,,,
OHIXIQ,1,,,
OHIZIR,1,,,
OHIZUD,1,,,
OHOBAR,1,,,
OHOBIZ,1,,,
OHOBOF,1,,,
OHOCAS,2,,,
OHUWUJ,1,,,
OHUXAQ,1,,,
OHUXEU,1,,,
OHUXOE,2,,,
OJEJEW,1,,,
OJESAB,1,,,
OJESEF,1,,,
OJIDIV,1,,,
OJIDOB,1,,,
OJITAF,1,,,
OJITEJ,1,,,
OJITIL,2,,,
OJITOR,2,,,
OJITUX,2,,,
OJITUY,1,,,
OJIVAF,2,,,
OJIVEJ,2,,,
OJIVIN,2,,,
OJIVOT,2,,,
OJIVUZ,2,,,
OJIZIS,1,,,
OJOYUI,1,,,
OJUDOP,1,,,
OJUDUV,1,,,
OJUFAD,1,,,
OJUPUI,1,,,
OJUQUF,1,,,
OJUVIB,1,,,
OJUVOH,1,,,
OJUVUN,1,,,
OJUZOJ,1,,,
OKAWEC,2,,,
OKAWIG,2,,,
OKAYOP,1,,,
OKECUC,1,,,
OKEVUV,2,,,
OKEWAC,2,,,
OKIVAH,1,,,
OKUCON,1,,,
OKUFOP,1,,,
OKUHUX,1,,,
OKUMEM,2,,,
OKUQUJ,1,,,
OLAGIV,1,,,
OLAZOQ,1,,,
OLEGOB,1,,,
OLEGUH,1,,,
OLEHAO,1,,,
OLIXAJ,1,,,
OLODAV,1,,,
OLODEZ,1,,,
OLODID,1,,,
OLODOJ,1,,,
OLODUP,1,,,
OLOXAP,1,,,
OMAGIU,1,,,
OMASII,1,,,
OMASOO,1,,,
OMASUU,1,,,
OMATAB,1,,,
OMATEF,1,,,
OMATOP,1,,,
OMIBIY,1,,,
OMIBUK,1,,,
OMICAR,1,,,
OMICEV,1,,,
OMICIZ,1,,,
OMIDEX,1,,,
OMIJAX,1,,,
OMIJOL,1,,,
OMIJUR,1,,,
OMIKAY,1,,,
OMUKEO,1,,,
ONEBEP,1,,,
ONITUC,1,,,
ONOYIB,1,,,
OPIKAC,1,,,
OPIKEG,1,,,
OPIKOO,1,,,
OPIWOB,1,,,
OPIWUH,1,,,
OPIXAO,1,,,
OPOMEM,1,,,
OPOMUC,1,,,
OPONAJ,1,,,
OPONEN,1,,,
OPONIR,1,,,
OQADOA,1,,,
OQADUG,1,,,
OQAMIF,1,,,
OQAZAI,1,,,
OQIGUT,2,,,
OQIJEF,1,,,
OQINOU,1,,,
OQINUA,1,,,
OQIVAO,1,,,
OQIXAP,1,,,
OQIZEU,1,,,
OQOQAN,1,,,
OQOQIV,1,,,
OQORUJ,1,,,
OQUYUW,1,,,
OQUZAD,1,,,
ORADUI,1,,,
ORANUS,1,,,
ORANUT,1,,,
ORAVOU,2,,,
ORCPHA,2,,,
ORCPHB,2,,,
ORETOW,1,,,
OREWOZ,1,,,
OSAHOH,1,,,
OSAMEC,1,,,
OSECAT,1,,,
OSECEX,1,,,
OSECOH,1,,,
OSECUN,1,,,
OSEDAU,1,,,
OSIWIY,1,,,
OSIYIA,1,,,
OSIYOG,1,,,
OSOBUU,2,,,
OSOBUU01,2,,,
OSOTUM,1,,,
OSUHOA,1,,,
OSUHUG,1,,,
OTAHUO,1,,,
OTASIN,1,,,
OTASOT,1,,,
OTEJAZ,1,,,
OTIBAW,1,,,
OTILUA,2,,,
OTOFUZ,1,,,
OTOGAG,1,,,
OTOHOX,1,,,
OTUGOC,1,,,
OTULIB,1,,,
OVAHEA,1,,,
OVEZUN,1,,,
OVOYUV,1,,,
OVUCOA,2,,,
OVUVOS,2,,,
OWAJEE,1,,,
OWAMEG,1,,,
OWIKUC,2,,,
OWILOX,2,,,
OWIMAK,2,,,
OWUBEO,2,,,
OWUBIS,2,,,
OXAFUQ,1,,,
OXAFUQ01,1,,,
OXAPYR,1,,,
OXERTH,1,,,
OXETIV,1,,,
OXETOB,1,,,
OXINAL,1,,,
OXOBIN,1,,,
OYACUN,1,,,
OYADAU,1,,,
OYADIC,1,,,
OYAGUS02,1,,,
OYAHAZ02,1,,,
OYAPEK,1,,,
OYAVER02,1,,,
OYAWOC,1,,,
OYAWUI,1,,,
OYELAH,1,,,
OYELEL,1,,,
OYEROA,1,,,
OYERUG,1,,,
OYUSIL,1,,,
OYUSOR,1,,,
OZARIR,1,,,
OZASAK,1,,,
OZAZAS,1,,,
OZETIZ,1,,,
OZIWOK,1,,,
OZOBOV,2,,,
OZOKOF,1,,,
OZOLEV,1,,,
OZOMIA,1,,,
OZORED,1,,,
OZUKIG,2,,,
OZUKUS,2,,,
PABBUP,2,,,
PABCUQ,2,,,
PABDUR,2,,,
PABQUG,1,,,
PABVEY,2,,,
PABVIC,2,,,
PABVOI,2,,,
PACZUP,2,,,
PADBEC,2,,,
PAFXOL,1,,,
PAFXUR,1,,,
PAFYAY,1,,,
PAFYEC,1,,,
PAGMES,1,,,
PAGNET,2,,,
PAHJEQ,2,,,
PAHJIU,2,,,
PAHJOA,2,,,
PAHWIG,1,,,
PAHWOM,1,,,
PAHWOP,1,,,
PAHWUS,1,,,
PAHWUV,1,,,
PAHXAC,1,,,
PAHXAZ,1,,,
PAHXAZ01,1,,,
PAHXEG,1,,,
PAHXIH,1,,,
PAHXIH01,1,,,
PAHXON,1,,,
PAHXUT,1,,,
PAHYEE,1,,,
PAHYII,1,,,
PAJNEY,1,,,
PAJNOI,1,,,
PAJNUO,1,,,
PAJYOP,1,,,
PAKRAX,1,,,
PAKREB,1,,,
PAKROL,1,,,
PAKRUR,1,,,
PALBOX,1,,,
PALWAA,2,,,
PAMTIG,1,,,
PAMTOM,1,,,
PANGET,1,,,
PAQFES,2,,,
PAQFIW,2,,,
PASBUG,2,,,
PASQIN,1,,,
PASQOT,1,,,
PASQUZ,1,,,
PASTEL,1,,,
PASVEN,1,,,
PASVIR,1,,,
PASVOX,1,,,
PASVUD,1,,,
PASYIS,1,,,
PATSAH,1,,,
PAVCUO,1,,,
PAVFOL,1,,,
PAVFUR,1,,,
PAVGAY,1,,,
PAVGOM,1,,,
PAVVAL,1,,,
PAWSIS,1,,,
PAXTAJ,1,,,
PAXTEN,1,,,
PAXTIR,1,,,
PAXTOX,1,,,
PAXTUD,1,,,
PAXWUK,2,,,
PAYCAW,1,,,
PAZKOS,1,,,
PAZWIY,1,,,
PAZWOE,1,,,
PCYPCR10,1,,,
PEBYIE,1,,,
PEBZAX,1,,,
PEBZEB,1,,,
PECCEI,1,,,
PECWIH,1,,,
PECWON,1,,,
PECXII,1,,,
PECXOO,1,,,
PEFRAW,1,,,
PEGFAK,1,,,
PEGFIS,1,,,
PEGFOY,1,,,
PEGFUE,1,,,
PEGGAL,1,,,
PEGGEP,1,,,
PEGGIT,1,,,
PEGGOZ,1,,,
PEGGUF,1,,,
PEGHAM,1,,,
PEGWEE,1,,,
PEGXAC,1,,,
PEGXEG,1,,,
PEGXIK,1,,,
PEGXOQ,1,,,
PEGXUW,1,,,
PEHMEX,1,,,
PEHMIB,1,,,
PEHNAU,1,,,
PEHNEY,1,,,
PEHRON,1,,,
PEJCEN,1,,,
PEJCIR,1,,,
PEJTII,1,,,
PEJTOO,1,,,
PEJXIN,1,,,
PEJXOT,1,,,
PEJXUZ,1,,,
PEJYAG,1,,,
PEJYEK,1,,,
PEKFUG,1,,,
PELCAK,1,,,
PELSAD,2,,,
PELSEH,2,,,
PELSIL,2,,,
PELSOR,2,,,
PENSAG,1,,,
PENWOU,1,,,
PENWUA,1,,,
PEPGIB,2,,,
PEPJUT,1,,,
PEPLUV,1,,,
PEPQOR,1,,,
PEPSIM,2,,,
PEPSOS,2,,,
PERRIR,1,,,
PERROX,1,,,
PERRUD,1,,,
PERSAK,1,,,
PERSEO,1,,,
PERSIS,1,,,
PERWER,1,,,
PESGUR,1,,,
PESQUB,1,,,
PESRAI,1,,,
PESROY,1,,,
PESRUE,1,,,
PETDAX,1,,,
PETDEB,1,,,
PETHIJ,1,,,
PETTIT,2,,,
PEVZID,2,,,
PEVZOJ,2,,,
PEWTAO,2,,,
PEXCEB,1,,,
PEXGOR,1,,,
PEYNAM,1,,,
PEYXUM,1,,,
PEYYUQ,1,,,
PEYZAX,1,,,
PEZBII,1,,,
PEZCEC,1,,,
PEZKAG,1,,,
PEZSOF,1,,,
PHLEGL10,1,,,
PIBBUZ,1,,,
PIBCUC,1,,,
PIBDAJ,1,,,
PIDBIN01,1,,,
PIDCIQ,1,,,
PIDVAA,1,,,
PIFHUK,2,,,
PIFJAS,2,,,
PIFJOG,2,,,
PIFKOF,1,,,
PIFKOH,2,,,
PIFKUN,2,,,
PIFTOQ,2,,,
PIFVUY,2,,,
PIFXEL,1,,,
PIFZAI,1,,,
PIGHIW,1,,,
PIGJEY,1,,,
PIGQOL,1,,,
PIGVEK,1,,,
PIGVIO,1,,,
PIHTIJ,1,,,
PIKHUM,1,,,
PILBOD,1,,,
PILBUJ,1,,,
PILWUE,1,,,
PIMTAK,1,,,
PIMTEO,1,,,
PIMTIS,1,,,
PIMYUJ,1,,,
PINHEB,1,,,
PINHIF,1,,,
PINHOL,1,,,
PINJON,1,,,
PINKAA,1,,,
PINMAA,1,,,
PINRAJ,2,,,
PINSIR,2,,,
PIPSIS,1,,,
PIPSOY,1,,,
PIQHIJ,1,,,
PIQHOP,1,,,
PIQHUV,1,,,
PIQJAD,1,,,
PIQJIL,1,,,
PIQXEW,2,,,
PIQXIA,2,,,
PIRBAT,1,,,
PIRXIZ,1,,,
PIWTEV,1,,,
PIWTIZ,2,,,
PIYLER,1,,,
PIYLIW,1,,,
PIYLIW01,1,,,
PIYMOD,1,,,
PIYYAB,2,,,
PIYYEF,2,,,
PIYYIJ,2,,,
PIYYOP,2,,,
PIYYUV,2,,,
PIYZIK,2,,,
PIZHEO,1,,,
PIZHIS,1,,,
PIZNUI,1,,,
POBKOG,1,,,
POBKOO,1,,,
POBKUM,1,,,
POBNUP,1,,,
POBZUC,1,,,
POCBAL,1,,,
POCBEP,1,,,
POCBIT,1,,,
POCBOZ,1,,,
POCBUF,1,,,
POCCAM,1,,,
POCCEQ,1,,,
POCCIU,1,,,
POFMUT,1,,,
POGHEB,1,,,
POGLIH,1,,,
POGTEN,1,,,
POGTIR,1,,,
POGTOX,1,,,
POGTUD,1,,,
POGVIU,2,,,
POGVOA,2,,,
POGVUG,2,,,
POGXUH,1,,,
POGYAM,1,,,
POGYAO,1,,,
POHTOZ,2,,,
POJHIG,1,,,
POJYOG,1,,,
POKGEF,1,,,
POKHAZ,2,,,
POKHED,2,,,
POKHIH,2,,,
POKKOS01,1,,,
POKRIU,2,,,
POKROA,2,,,
POKXUI,1,,,
POLXOF,1,,,
POMCOJ,1,,,
POMHEG,1,,,
POMHOQ,1,,,
POQCEE,1,,,
POQCII,1,,,
POQMOB,1,,,
POQNES,1,,,
PORWUS,2,,,
POSPIX,1,,,
POSRUN,2,,,
POTBEG,2,,,
POTWIH,1,,,
POVHIU,1,,,
POVMUL,2,,,
POWSIG,1,,,
POWWEE,1,,,
POWYEG,1,,,
POXGAM,1,,,
POXGOZ,1,,,
POXNIC,1,,,
POXNOG,1,,,
POXNUM,1,,,
POXTIF,1,,,
POYGIV,1,,,
POYKOD,2,,,
PROGLY20,1,,,
PUCPAH,1,,,
PUDMUY,1,,,
PUDNAF,1,,,
PUDNEJ,1,,,
PUDNUZ,1,,,
PUDPEL,1,,,
PUDPOV,1,,,
PUDQAI,1,,,
PUDSUE,1,,,
PUDTEP,1,,,
PUDXES,2,,,
PUDXES01,2,,,
PUDXES02,2,,,
PUDXES03,2,,,
PUDXES04,2,,,
PUFMEL,2,,,
PUGDII,1,,,
PUGDII02,1,,,
PUHJUX,1,,,
PUHPOZ,1,,,
PUJTIZ02,1,,,
PUKHUA,1,,,
PUKXUS,1,,,
PUKYAZ,2,,,
PUKYED,2,,,
PUKYIE,1,,,
PUKYOK,1,,,
PUKYUQ,1,,,
PULHIQ,1,,,
PULHOW,1,,,
PULHUC,1,,,
PUMLIV,1,,,
PUMLIV01,1,,,
PUMVEZ,2,,,
PUMVID,2,,,
PUNMUH,1,,,
PUNNAO,1,,,
PUNPAR,1,,,
PUNWED,1,,,
PUNWIH,1,,,
PUNWON,1,,,
PUNWUT,1,,,
PUNXAA,1,,,
PUNXEE,1,,,
PUNXII,1,,,
PUNXOO,1,,,
PUQDUD,1,,,
PUQFAL,1,,,
PUQFEP,1,,,
PUQFIT,1,,,
PUQMAR,1,,,
PUSJOG,2,,,
PUSJUM,2,,,
PUSLAQ,1,,,
PUSSIJ,1,,,
PUSWEG,1,,,
PUTFEP,1,,,
PUTFIT,1,,,
PUTGEU,2,,,
PUTNIF,2,,,
PUTREC,2,,,
PUTXAH,1,,,
PUTYUC,1,,,
PUTZIR,1,,,
PUTZUD,1,,,
PUVBIS,1,,,
PUXGEX,1,,,
PUXYIU,2,,,
PUYMUV,1,,,
PUYNAC,1,,,
PUYNEE,1,,,
PUYRIO,1,,,
PUZBOC,1,,,
PUZBUI,1,,,
PUZCAP,1,,,
PUZCET,1,,,
PUZCUM,1,,,
PUZDAT,1,,,
PUZDEX,1,,,
PUZDIB,1,,,
PUZDOH,1,,,
PUZYIS,1,,,
PYEXDA,2,,,
PYRAMM01,2,,,
PYRCRW,1,,,
PYROPR,2,,,
PZPYRA,1,,,
QABDUW,1,,,
QABMAK,1,,,
QABMAK01,1,,,
QABMIS,1,,,
QABQIV,1,,,
QABQOB,1,,,
QABTEV,1,,,
QABTIZ,1,,,
QACCII,1,,,
QACFEI,1,,,
QACHIO,1,,,
QACHOU,1,,,
QACQES,2,,,
QACQIW,2,,,
QACQOC,2,,,
QACRAP,2,,,
QADFAE,2,,,
QADMER,1,,,
QADTAQ,1,,,
QADTEU,1,,,
QADYAW,1,,,
QADYAW01,1,,,
QADYEA,1,,,
QAFVUP,2,,,
QAFWUS,2,,,
QAGDIM,2,,,
QAGHIR,1,,,
QAGHOX,1,,,
QAGJOB,1,,,
QAGJUG,2,,,
QAJGIV,1,,,
QAJGOB,1,,,
QAJHAO,1,,,
QAJVAC,1,,,
QAKDEL,2,,,
QAKGOB,1,,,
QAKNAR,1,,,
QAKNEV,1,,,
QAKNIZ,1,,,
QAKNOF,1,,,
QAKTOL,1,,,
QAKVED01,1,,,
QALRAA,2,,,
QAMMUP,1,,,
QAMNAW,1,,,
QAMNAW01,1,,,
QAMNIB,1,,,
QAMNIE,1,,,
QAMYUA,1,,,
QAMZAH,1,,,
QAMZEL,1,,,
QANJOF,2,,,
QANQOP,1,,,
QANTIM,1,,,
QANTOS,1,,,
QAPBOZ,2,,,
QAPGIY,1,,,
QAQPII,1,,,
QARFUO,2,,,
QARGAV,2,,,
QARGEZ,2,,,
QARJEC,1,,,
QARJIG,1,,,
QARKOJ,1,,,
QARXAM,1,,,
QASFUL,1,,,
QASVUC,1,,,
QATDIY,1,,,
QATDOE,1,,,
QAVCOI,1,,,
QAVCUO,1,,,
QAVDAV,1,,,
QAVMIL,2,,,
QAVMOR,2,,,
QAVQUA,1,,,
QAVWIU,2,,,
QAVWOA,2,,,
QAVWUG,2,,,
QAVXAN,2,,,
QAWNOV,1,,,
QAXLOR,1,,,
QAXWAQ,1,,,
QAXWEU,1,,,
QAYBID,1,,,
QAYCAY,1,,,
QAYCEC,1,,,
QAYCOM,1,,,
QAYTUI,1,,,
QAYVAQ,1,,,
QAZJOU,1,,,
QAZNAG,1,,,
QAZNEK,1,,,
QAZYEV,1,,,
QAZYIZ,1,,,
QAZZID,1,,,
QAZZUP,1,,,
QECXEE,1,,,
QECXII,1,,,
QEFHUE,1,,,
QEGKOC,1,,,
QEHBEO,1,,,
QEHLIB,1,,,
QEHLOH,1,,,
QEHLUN,1,,,
QEJTUV,2,,,
QEKLUN,1,,,
QEKMAU,1,,,
QELBES,1,,,
QEMVAJ,1,,,
QENCAN,1,,,
QENCER,1,,,
QENDIW,1,,,
QENFEU,1,,,
QENRUZ,1,,,
QEPYET,2,,,
QEQJAY,1,,,
QEQQOV,1,,,
QERPUC,1,,,
QERRIS,1,,,
QESVAM,1,,,
QESVAM01,1,,,
QESVEQ,1,,,
QESVOA,1,,,
QESVUG,1,,,
QESWUH,1,,,
QETVIX,1,,,
QEVTEU,1,,,
QEXDOP,1,,,
QEXLIO,1,,,
QEXLUA,1,,,
QEXROB,1,,,
QEXXIC,1,,,
QEYDUX,2,,,
QEYFEJ,2,,,
QEYFOT,2,,,
QEYGAG,2,,,
QEYMUG,1,,,
QEYNAN,1,,,
QEZGIO,1,,,
QEZGIO01,1,,,
QEZJEM,2,,,
QEZJIQ,2,,,
QEZJOW,1,,,
QEZKIP,1,,,
QIBDAH,1,,,
QIBDEL,1,,,
QIBGEO,1,,,
QIBNEY,2,,,
QIBNIC,2,,,
QIBNOI,2,,,
QIBVEG,2,,,
QIBYAF,1,,,
QICHIX,1,,,
QICLAS,1,,,
QICNUL,1,,,
QICPAT,1,,,
QICPEX,1,,,
QIDHOD,2,,,
QIDHUJ,2,,,
QIDJAR,2,,,
QIDWUZ,1,,,
QIHCES,1,,,
QIHCIW,1,,,
QIHJOK,1,,,
QIHJUQ,1,,,
QIHQED,1,,,
QIHQIL,1,,,
QIJBEQ,1,,,
QIJJAX,1,,,
QIKSOS,1,,,
QILPUA,2,,,
QILQAH,2,,,
QILWUF,1,,,
QIMHOM,1,,,
QINSUE,1,,,
QINVER,2,,,
QIPGUU,1,,,
QIPHAB,1,,,
QIQWOF,1,,,
QISKOU,1,,,
QISQIT,1,,,
QITGAB,1,,,
QITLAG,1,,,
QITQAP,1,,,
QITXEX,1,,,
QITXIB,1,,,
QITXOH,1,,,
QITXUN,1,,,
QIWCEG,2,,,
QIWCIK,2,,,
QIWPOD,1,,,
QIXKIV,2,,,
QIXPAS,1,,,
QIXPEW,1,,,
QIXPIW,2,,,
QIXVIC,1,,,
QIZWOL,1,,,
QOCGAT,1,,,
QOCXUC,1,,,
QOCYAJ,1,,,
QOCYEN,1,,,
QOCYIR,1,,,
QOCYOX,1,,,
QOCYUD,1,,,
QOCZAK,1,,,
QOCZIS,1,,,
QOCZOY,1,,,
QOGFUP,1,,,
QOGGAW,1,,,
QOGGEA,1,,,
QOGHOL,1,,,
QOGHUR,1,,,
QOHKEF,1,,,
QOHMEF,1,,,
QOHMIJ,1,,,
QOHSIQ,1,,,
QOHSOW,1,,,
QOHSUC,1,,,
QOHTAJ,1,,,
QOHTEN,1,,,
QOJQAH,1,,,
QOJQAL,1,,,
QOJSAN,1,,,
QOJSIS,1,,,
QOJSIV,1,,,
QOJTAL,1,,,
QOKKUW,1,,,
QOKLAD,1,,,
QOMFUW,1,,,
QONCAX,1,,,
QONCEB,1,,,
QONPEQ,1,,,
QONXAT,1,,,
QONXEX,1,,,
QOPQOC,2,,,
QOPQOF,1,,,
QOPQUL,1,,,
QOPVOK,1,,,
QOPVUQ,1,,,
QOPZOM,1,,,
QOPZUS,1,,,
QOQXEB,1,,,
QORTEY,1,,,
QORTIC,1,,,
QORVEA,2,,,
QORVIE,2,,,
QORVOK,2,,,
QORVUQ,2,,,
QORWAX,2,,,
QORWEB,2,,,
QORWIF,2,,,
QORWOL,2,,,
QORWUR,2,,,
QORXAY,2,,,
QOSBUZ,1,,,
QOSCAG,1,,,
QOSCOQ,1,,,
QOSDAD,1,,,
QOSDEH,1,,,
QOSDIL,1,,,
QOSGOX,1,,,
QOSGUD,1,,,
QOSNAN,2,,,
QOTDUA,1,,,
QOTFAI,1,,,
QOTPIY,1,,,
QOVBUC,1,,,
QOVFIS,1,,,
QOVFOY,1,,,
QOVFUE,1,,,
QOVLUI,1,,,
QOVMAP,1,,,
QOWHIV,1,,,
QOWHOB,1,,,
QOWHOZ,1,,,
QOWMUM,1,,,
QOXDOW,1,,,
QOXGET,1,,,
QOXGIX,1,,,
QOXGOD,1,,,
QOXSAZ,1,,,
QOXVUU,2,,,
QOXZAF,1,,,
QOXZEJ,1,,,
QOYHUH,1,,,
QOYHUH01,1,,,
QOYLOI,2,,,
QOYMAV,2,,,
QOYMEZ,2,,,
QOYMID,2,,,
QOYPAW,1,,,
QOZTOQ,2,,,
QUCTIR,2,,,
QUCWIU,1,,,
QUCWOA,1,,,
QUCWUG,1,,,
QUCZIA,1,,,
QUDHOM,2,,,
QUDTIT,1,,,
QUDTOZ,1,,,
QUDTUF,1,,,
QUDVAN,1,,,
QUFGAB,1,,,
QUFGEF,1,,,
QUFLIO,1,,,
QUFLUA,1,,,
QUFQER,2,,,
QUFQIV,2,,,
QUGHUX,1,,,
QUGJAF,1,,,
QUGJEJ,1,,,
QUGKIO,1,,,
QUGRAN,1,,,
QUHSAP,1,,,
QUHSET,1,,,
QUHYAV,1,,,
QUHYID,1,,,
QUJFIK,1,,,
QUJFOQ,1,,,
QUJFUW,1,,,
QUJPAP,2,,,
QUJPET,2,,,
QUJVIB,1,,,
QUJWAW,2,,,
QUJZEB,2,,,
QUJZUR,1,,,
QUKQUK,1,,,
QUKRAR,1,,,
QUKREV,1,,,
QUKRIZ,1,,,
QUKSUN,2,,,
QUKTAU,2,,,
QULNOB,2,,,
QULXII,1,,,
QUMDAD,2,,,
QUMHAI,1,,,
QUMHEM,1,,,
QUMKOZ,1,,,
QUMNIX,1,,,
QUMNOB,1,,,
QUMZII,1,,,
QUMZOO,1,,,
QUMZUU,1,,,
QUNQIB,1,,,
QUNTEA,1,,,
QUNZOQ,1,,,
QUQREC,1,,,
QUQWAD01,1,,,
QUQXAC,2,,,
QUQXAC01,2,,,
QUSBUD,1,,,
QUSDEP,1,,,
QUSWAE,1,,,
QUSWEI,1,,,
QUSWIM,1,,,
QUSYEK,1,,,
QUSYEK01,1,,,
QUTGOC,1,,,
QUTNAY,1,,,
QUTNEC,1,,,
QUTNIG,1,,,
QUTPAW,1,,,
QUTYIP,1,,,
QUVFUM,1,,,
QUVNEC,1,,,
QUVRAC,1,,,
QUWLUQ,1,,,
QUWTIP,1,,,
QUYTEK,1,,,
QUZSIO,1,,,
QUZZIU,1,,,
QUZZOA,1,,,
RABTAL,1,,,
RABZIE,1,,,
RACFIO,2,,,
RACKAH,1,,,
RACNUI,2,,,
RACPUL,1,,,
RADBEH,1,,,
RADCOS,1,,,
RADCUY,1,,,
RADLUF,1,,,
RADZUW,1,,,
RAFBIJ,1,,,
RAFCUW,1,,,
RAFFAG,2,,,
RAFMUK,1,,,
RAFNAR,1,,,
RAFTIB,1,,,
RAGXAY,2,,,
RAGXEC,2,,,
RAGXIG,2,,,
RAGXOM,2,,,
RAJGIW,1,,,
RAJZUX,1,,,
RAKCIR,1,,,
RAKHIU,1,,,
RAKVEE,1,,,
RALCIU,2,,,
RALCOA,2,,,
RALQAW01,1,,,
RAMPEB,2,,,
RAMPIF,2,,,
RAMPOL,2,,,
RAMQAY,2,,,
RANGIA,2,,,
RANNIH,1,,,
RANYEO,1,,,
RANZIT,1,,,
RAPSIO,1,,,
RAPSOU,1,,,
RAQBUK,1,,,
RAQFIC,1,,,
RAQKIG,1,,,
RAQVOU,1,,,
RARJOL,1,,,
RARTEJ,1,,,
RASJIH,1,,,
RASJON,1,,,
RASJUT,1,,,
RASSOU,1,,,
RASTIR,1,,,
RASWAM,1,,,
RATDID,2,,,
RATDOJ,2,,,
RATDUP,2,,,
RATVOY,1,,,
RATXOC,1,,,
RATZOF,1,,,
RAVDIF,1,,,
RAYBOL,1,,,
RAYJOR,1,,,
RAYJUX,1,,,
RAYKAE,1,,,
RAYKEI,1,,,
RAYKIM,1,,,
RAYNEM,1,,,
RAYNIQ,1,,,
RAYSOD,1,,,
RAZWEX,1,,,
RAZWIB,1,,,
RAZYUQ,1,,,
REBFUA,1,,,
RECPEU,1,,,
RECPIY,1,,,
RECPOE,1,,,
RECRUQ,2,,,
RECSAX,2,,,
RECSEB,2,,,
RECSIF,2,,,
RECSOL,2,,,
REDMIA01,1,,,
REFMUM,1,,,
REFPAT,1,,,
REFPEX,1,,,
REFVUT,2,,,
REFVUT01,2,,,
REFWAA,1,,,
REFWEE,1,,,
REFXOQ,2,,,
REFYIM,2,,,
REFYUA,1,,,
REFZEL,1,,,
REGJOD,2,,,
REGJUJ,2,,,
REGKAQ,2,,,
REGPAW,1,,,
REGRAW,1,,,
REGRAW01,1,,,
REGREA,1,,,
REGRIE,1,,,
REHBIQ,1,,,
REHVIJ,1,,,
REHVOP,1,,,
REKFOD,1,,,
REKNAX,1,,,
REKYIR,2,,,
RELLIF,1,,,
RELLOL,1,,,
RELLUR,1,,,
RELMAY,1,,,
RELMUQ,1,,,
RELVAJ,1,,,
RELVEN,1,,,
RELVIR,2,,,
RELZEQ,2,,,
RELZOA,2,,,
RELZUG,2,,,
REMBAP,2,,,
REMDUK,1,,,
RENGEZ,1,,,
RENNEF,1,,,
RENZES,2,,,
REQRUB,1,,,
REQVEO,1,,,
REQVIS,1,,,
REQVOY,1,,,
REQVUE,1,,,
REQXES,2,,,
REQYES,1,,,
RESCIE,1,,,
RESCOK,1,,,
RESCUQ,1,,,
RESDAX,1,,,
RESDEB,1,,,
RESHEF,1,,,
RESTAO,1,,,
RESTES,1,,,
RESZOE,2,,,
RETKAC01,1,,,
RETKEG,1,,,
REVMIR,1,,,
REVNUC,1,,,
REVTOC,1,,,
REVXEW,1,,,
REWDAC,1,,,
REWKIQ,1,,,
REWQUI,1,,,
REWRAP,1,,,
REXDAD,1,,,
REXDII,2,,,
REXDOO,2,,,
REXNIV,1,,,
REXNIV01,1,,,
REXWUN,1,,,
REYJAI,2,,,
REYJIQ,1,,,
REYJOW,1,,,
REYMAL,2,,,
REYWUP,1,,,
REYXAW,1,,,
REYXEA,1,,,
REYXIE,1,,,
REYXOK,1,,,
REYXUQ,1,,,
REZKUG,1,,,
REZKUG01,1,,,
REZLER,1,,,
REZLIV,1,,,
REZLOB,1,,,
REZMAO,1,,,
REZYEA,1,,,
RIBBAG,1,,,
RIBBEK,1,,,
RIBBIO,1,,,
RIBFIS,1,,,
RIBFOY,1,,,
RIBGIW,2,,,
RIBJOB,1,,,
RIBJUH,1,,,
RIBKAO,1,,,
RIBMAU,1,,,
RIBMEY,1,,,
RICCEN,1,,,
RICCIR,2,,,
RICPAV,2,,,
RICVEE,1,,,
RICVII,1,,,
RIFPUS,1,,,
RIGCET,1,,,
RIHKIG,1,,,
RIHKIG01,1,,,
RIHKUS01,1,,,
RIHTUB,1,,,
RIJVOV,1,,,
RIJVUB,1,,,
RIKHIF,1,,,
RIKHOL,1,,,
RIKZOA,1,,,
RIMGOL,1,,,
RIMGOL01,1,,,
RINNIP,1,,,
RIPMOV,2,,,
RIPMUB,2,,,
RIPNAI,2,,,
RIPNEM,2,,,
RIPNIQ,2,,,
RIPNOW,2,,,
RIPNUC,2,,,
RIQTAM,1,,,
RIQVAP,1,,,
RIRHIL,1,,,
RIRVIZ,1,,,
RIRVOF,1,,,
RIRVUL,1,,,
RIRWAS,1,,,
RIRXAT,1,,,
RIRXOJ,1,,,
RIRYAS,1,,,
RIRZUN,1,,,
RISDOQ,2,,,
RISDUW,2,,,
RISVEW,1,,,
RISWUN,1,,,
RITNEO,1,,,
RITNIS,1,,,
RIWDIO,1,,,
RIWYAX,1,,,
RIWZOP,1,,,
RIWZUV,1,,,
RIXDEH,1,,,
RIXXUU,1,,,
RIYNET,1,,,
RIYPOF,1,,,
RIYPUL,1,,,
RIYVEB,1,,,
RIYYIH,1,,,
RIZGEM,2,,,
RIZGEM01,2,,,
RIZJOA,1,,,
RIZPOI,1,,,
RIZQEY,1,,,
RIZSUR,1,,,
ROBRAE,1,,,
ROBVAH,1,,,
ROCMUU,1,,,
RODDEU,1,,,
RODDIY,1,,,
ROFFAV,1,,,
ROFYIV,1,,,
ROFYIV01,1,,,
ROGNOR,1,,,
ROGPEM,1,,,
ROJSAO,2,,,
ROJZUN,1,,,
ROKBEA,1,,,
ROKBIE,1,,,
ROKBOK,1,,,
ROKGAA,1,,,
ROMGOR,1,,,
RONFIJ,1,,,
RONLAK,2,,,
RONLEO,2,,,
RONLIS,2,,,
RONMAL,1,,,
RONSAO,1,,,
RONTIA,1,,,
RONTIA02,1,,,
RONTUM,1,,,
RONTUM02,1,,,
ROPLUD,1,,,
ROPPUL,1,,,
ROPQAS,1,,,
RORBAD,1,,,
RORBEH,1,,,
RORBIL,1,,,
RORBOR,1,,,
RORBUX,1,,,
RORCAE,1,,,
RORCEI,1,,,
RORCIM,1,,,
ROTHOA,1,,,
ROVLAS,1,,,
ROVQAX,1,,,
ROVQEB,1,,,
ROVQIF,1,,,
ROVQOL,1,,,
ROXTIJ,2,,,
ROXZEM,1,,,
ROYGOE,1,,,
ROYYAJ,1,,,
ROZLUO,1,,,
RUBLEJ,1,,,
RUBLIN,1,,,
RUCLEI,2,,,
RUCPEN,1,,,
RUCQOW,1,,,
RUCVUH,1,,,
RUCWAO,1,,,
RUCWES,1,,,
RUDCEB,1,,,
RUDTAO,2,,,
RUFHEJ,1,,,
RUFHIN,1,,,
RUFNEM,1,,,
RUFTEV,1,,,
RUHGUA,1,,,
RUHRIZ,1,,,
RUJBUX,1,,,
RUJCAE,1,,,
RUJPOE,1,,,
RUKFUZ,1,,,
RUKGAG,1,,,
RUKHIP,1,,,
RUKPEU,1,,,
RUKRIZ,1,,,
RULHUC,1,,,
RULKAL,1,,,
RULRIC,1,,,
RUPTAB,1,,,
RUPTEF,1,,,
RUPTIJ,1,,,
RUQCOY,1,,,
RUQHEU,1,,,
RUQHIY,2,,,
RUQNAW,2,,,
RURLAS,1,,,
RURLEW,1,,,
RURLIA,1,,,
RURZUB,2,,,
RUSJEX,1,,,
RUSJIB,1,,,
RUSPOK,1,,,
RUSPON,1,,,
RUSPUT,1,,,
RUSTUV,1,,,
RUTGAS,1,,,
RUVJIE,1,,,
RUVJIE01,1,,,
RUVJOK,1,,,
RUVJOK01,1,,,
RUVJOK02,1,,,
RUWGOF,1,,,
RUWKUS,1,,,
RUWMAB,1,,,
RUXKED,1,,,
RUXKIH,1,,,
RUXKON,1,,,
RUXLAA,1,,,
RUYBEV,2,,,
RUYBIZ,2,,,
RUYXUE,1,,,
SABCUX,1,,,
SABDAE,1,,,
SABDEI,1,,,
SABDIM,1,,,
SABVOK,1,,,
SABVUQ,1,,,
SABWAX,1,,,
SABWEB,1,,,
SABWIF,1,,,
SABWOL,1,,,
SABWUR,1,,,
SABXAY,1,,,
SABXEC,1,,,
SABXIG,1,,,
SABXOM,1,,,
SABXUS,1,,,
SABYAZ,1,,,
SABYED,1,,,
SABYIH,1,,,
SACKIS,1,,,
SADGAI,1,,,
SADGEM,1,,,
SADGIQ,1,,,
SADGOW,1,,,
SADPET,1,,,
SADQAT,1,,,
SADQAT01,1,,,
SAFVOM,1,,,
SAFWED,1,,,
SAFYIM,1,,,
SAGBEH,2,,,
SAGFEN,1,,,
SAGGOY,2,,,
SAGGOY01,2,,,
SAGTAA,1,,,
SAGTEE,1,,,
SAGTII,1,,,
SAGTOO,1,,,
SAGTUU,1,,,
SAGWEE,1,,,
SAGWEE01,1,,,
SAHDOW,1,,,
SAHHEP,1,,,
SAHRAU,1,,,
SAHREY,1,,,
SAHRIC,1,,,
SAJTUW,1,,,
SAKJEV,1,,,
SAKRIK,2,,,
SALFIZ,1,,,
SALXOT,1,,,
SALXUC,1,,,
SALXUZ,1,,,
SAMHEX,1,,,
SANDES,1,,,
SANHAS,2,,,
SANJIE,1,,,
SANJOK,1,,,
SANJUQ,1,,,
SANKIF,1,,,
SANKOL,1,,,
SANLAY,1,,,
SAPYEQ,1,,,
SAQQIM,1,,,
SAQYAM,2,,,
SARDOF,1,,,
SARDUL,2,,,
SARJIH,1,,,
SARXUG,1,,,
SARYIU,1,,,
SARZAN,2,,,
SASCUO,1,,,
SASZOF,2,,,
SASZUL,2,,,
SATBEX,1,,,
SATJAA,2,,,
SATJEE,2,,,
SATNUX,1,,,
SAVDAV,1,,,
SAVDEZ,1,,,
SAVDID,1,,,
SAVDOJ,1,,,
SAVLOS,1,,,
SAVLUY,1,,,
SAVXIA,1,,,
SAVXOG,1,,,
SAVXUM,1,,,
SAVYAS,2,,,
SAVYEX,1,,,
SAVYEX01,1,,,
SAXCUS,2,,,
SAXDAZ,1,,,
SAYXOH,2,,,
SAYXUN,2,,,
SAZTIZ,2,,,
SECFEO,1,,,
SEDJOE,1,,,
SEFCOY,1,,,
SEFCUE,1,,,
SEFCUE01,1,,,
SEFDAL,1,,,
SEFDEP,1,,,
SEFDIT,1,,,
SEFDOZ,1,,,
SEFLUK,1,,,
SEFMAR,1,,,
SEFNOK,1,,,
SEFXUY,1,,,
SEFYAF,1,,,
SEFYEJ,1,,,
SEGDOZ,1,,,
SEGDUF,1,,,
SEGFAN,1,,,
SEGFER,1,,,
SEGKAR,2,,,
SEGKIB,1,,,
SEGLID,2,,,
SEGMAW,2,,,
SEGTIJ,1,,,
SEGTUV,1,,,
SEHCOX,2,,,
SEHTAA,1,,,
SEHTOO,1,,,
SEKQOR,1,,,
SEKTIL,2,,,
SEKTIL10,2,,,
SEKZOZ,2,,,
SELFOI,1,,,
SELFUO,1,,,
SELHOI,1,,,
SELMUT,2,,,
SELNEE,2,,,
SELWIQ,1,,,
SELXAJ,1,,,
SELXEN,1,,,
SELXIR,1,,,
SELXOX,1,,,
SEMLOM,1,,,
SEMYAN02,1,,,
SENBAS,1,,,
SENBEW,1,,,
SENFIB,1,,,
SENNOR,2,,,
SENNUX,2,,,
SENPAF,2,,,
SENPIN,2,,,
SENPOT,2,,,
SENPUZ,2,,,
SENQAG,2,,,
SENQEK,2,,,
SENQIO,2,,,
SENQOU,2,,,
SENQUA,2,,,
SENRAH,2,,,
SENREL,2,,,
SENTAH,1,,,
SENTEL,1,,,
SENTIP,1,,,
SENTUB,1,,,
SENVAJ,1,,,
SENZAN,1,,,
SENZIV,1,,,
SENZIV01,1,,,
SEPXUK,1,,,
SEPXUK01,1,,,
SEQGEA,1,,,
SEQGIE,1,,,
SEQZUM,1,,,
SERBAV,1,,,
SERBEZ,1,,,
SERBID,1,,,
SESFED,1,,,
SESWUM,2,,,
SESXAT,2,,,
SESXEX,2,,,
SESXIB,2,,,
SESXOH,2,,,
SESXUN,2,,,
SESYAU,2,,,
SESYEY,2,,,
SESYIC,2,,,
SESYOI,2,,,
SESYUO,2,,,
SESZAV,2,,,
SETFUV,1,,,
SETGUX,1,,,
SETGUX01,1,,,
SETNEM,2,,,
SETZUN,1,,,
SEVBAX,1,,,
SEWQUH,1,,,
SEWRAO,1,,,
SEYQOG,1,,,
SEYXAW,1,,,
SEYXEA,1,,,
SEYXEA01,1,,,
SEYXIE,1,,,
SEYXOK,1,,,
SEZKIU,1,,,
SIBSIG,1,,,
SICLID,2,,,
SICNAU01,2,,,
SIDCOY,2,,,
SIDLAT,1,,,
SIFBOB,1,,,
SIGCIU01,2,,,
SIGHOF,1,,,
SIGHOF01,1,,,
SIHHOJ,1,,,
SIHNIJ,1,,,
SIHNOP,1,,,
SIJTIR,1,,,
SIKBOD,2,,,
SIKDAT,1,,,
SILCID,1,,,
SILQAI,1,,,
SILQEM,1,,,
SILQOW,1,,,
SIMZIZ,1,,,
SINCAU,1,,,
SIPVOC,1,,,
SIQTOD,1,,,
SIQYAS,1,,,
SIQYEW,1,,,
SIRCAZ,1,,,
SIRCII,1,,,
SIRCON,1,,,
SIRCOO,1,,,
SIRCUT,1,,,
SIRCUU,1,,,
SIRDAB,1,,,
SIRDEF,1,,,
SIRDIJ,1,,,
SISCEF,2,,,
SISFEJ,1,,,
SISFIN,1,,,
SISFOT,1,,,
SISFUZ,1,,,
SISGAG,1,,,
SISMUC,1,,,
SISNAJ,1,,,
SISQIX,1,,,
SISQOD,1,,,
SISQUJ,1,,,
SISRAQ,1,,,
SISREU,1,,,
SISSEU,1,,,
SISSIY,1,,,
SISTAT,1,,,
SISXUP,1,,,
SITHEM,1,,,
SITHIQ,1,,,
SITMAN,1,,,
SITMER,1,,,
SITMIV,1,,,
SITMOB,1,,,
SITXOM,2,,,
SITXOM01,2,,,
SITXUS,2,,,
SITXUS01,2,,,
SIVFIQ,1,,,
SIVGAJ,1,,,
SIVRIY,1,,,
SIVROE,1,,,
SIWLIV,2,,,
SIXFOU,1,,,
SIXTEY,1,,,
SIXVED,1,,,
SIYHUG,1,,,
SIYJES,1,,,
SIYNOD,1,,,
SIZRAV,1,,,
SIZREZ,1,,,
SIZRIG,2,,,
SIZROM,2,,,
SOBGUM,1,,,
SOBWAL,1,,,
SOCCAQ,1,,,
SOCJID,1,,,
SOCLUR,1,,,
SOCSUA,1,,,
SODHAU,1,,,
SODPUY,1,,,
SODQAF,1,,,
SOFPAG,1,,,
SOFPAG01,1,,,
SOGMAE,1,,,
SOGQIO,2,,,
SOGSIS,1,,,
SOGSOY,1,,,
SOHJOR,1,,,
SOJCID,1,,,
SOJPEO,1,,,
SOKDEF,1,,,
SOKGAC,1,,,
SOKGIK,1,,,
SOKHEI,1,,,
SOKPIV,1,,,
SOKPOZ,1,,,
SOKPUF,1,,,
SOKQAM,1,,,
SOKTET,1,,,
SOKTIX,1,,,
SOLJUZ,1,,,
SONTIB,1,,,
SOPDOT,1,,,
SOPJIU,1,,,
SOPJUG,1,,,
SOPKER,1,,,
SOPKOB,1,,,
SOPTAU,2,,,
SOPWOL,1,,,
SOQBEF,1,,,
SOQNAQ,1,,,
SOQNIY,1,,,
SOQNOB,1,,,
SOQNOE,1,,,
SOQPAS,1,,,
SORKAP,2,,,
SORKET,2,,,
SORKIX,2,,,
SORKOD,2,,,
SORKUJ,2,,,
SORLAQ,2,,,
SORLEU,2,,,
SORLIY,2,,,
SORLOE,2,,,
SORLUK,2,,,
SORMAR,2,,,
SORMOF,2,,,
SORPEY,2,,,
SORPIC,2,,,
SORPOI,2,,,
SORQAU,1,,,
SORQEY,1,,,
SORQIC,1,,,
SORQOI,1,,,
SORRAV,1,,,
SOTBAI,1,,,
SOTBEM,1,,,
SOTBIQ,1,,,
SOTDUE,1,,,
SOTFAM,1,,,
SOTNEY,1,,,
SOVKAP,1,,,
SOVKAQ,1,,,
SOVKEU,1,,,
SOVVEG,1,,,
SOVXUZ,1,,,
SOVYAG,1,,,
SOVYEK,1,,,
SOVYIO,1,,,
SOVYOU,1,,,
SOVYUA,1,,,
SOWBIR,1,,,
SOWKEX,1,,,
SOWNUP,1,,,
SOWPAX,1,,,
SOXKUN,1,,,
SOXLEY,1,,,
SOXQOL,1,,,
SOXTUV,1,,,
SOYMUS,1,,,
SUBLOT,1,,,
SUBSOB,1,,,
SUDCED,1,,,
SUDCIH,1,,,
SUFHAG,2,,,
SUFHEK,2,,,
SUFVEW,1,,,
SUFXEA,1,,,
SUGZAZ,1,,,
SUHFOU,1,,,
SUHFUA,1,,,
SUHGAH,1,,,
SUHGEL,1,,,
SUHGIP,1,,,
SUJBIK,2,,,
SUJDAD,1,,,
SUJNIX,1,,,
SUJNOD,1,,,
SUJNUJ,1,,,
SUJPAR,1,,,
SUJVOM,1,,,
SUJWAZ,1,,,
SUJWED,1,,,
SUJXOO,1,,,
SUKMIV,1,,,
SUKMOB,1,,,
SUKMUH,1,,,
SUKTAT,1,,,
SULJEQ,1,,,
SULJIU,1,,,
SULJOA,1,,,
SULJUG,1,,,
SULLUG,2,,,
SULLUG10,2,,,
SULWUV,1,,,
SUMMIW,1,,,
SUMMOC,1,,,
SUMNOD,1,,,
SUNQOK,1,,,
SUNRIF,2,,,
SUNSEC,2,,,
SUNTOO,1,,,
SUPKOE,1,,,
SUPMEV01,1,,,
SUQFAM,1,,,
SURDUE,2,,,
SURTUX,1,,,
SURYOT,1,,,
SUSDUH,1,,,
SUSWEM,1,,,
SUSWIQ,1,,,
SUTHEX,1,,,
SUTHIB,1,,,
SUVDIZ,1,,,
SUVLEA01,1,,,
SUVVIP,2,,,
SUWFEV,1,,,
SUWFEV01,1,,,
SUXHUQ,1,,,
SUXWAJ,1,,,
SUXWAM,1,,,
SUXWEN,1,,,
SUXWEQ,1,,,
SUYMOR,2,,,
SUYMUX,2,,,
SUYVAJ,2,,,
SUYVIR,2,,,
SUYZUK,1,,,
SUZCIA,1,,,
SUZCOJ,2,,,
SUZCUP,2,,,
SUZGON,1,,,
TABFEI,2,,,
TACSOH,2,,,
TACSUN,2,,,
TACTUO,1,,,
TACVAW,1,,,
TACWAX,1,,,
TACWEB,1,,,
TACWIF,1,,,
TACWOL,1,,,
TACWUR,1,,,
TACXUS,2,,,
TADJOC,1,,,
TADSID,1,,,
TADYOP,1,,,
TAFROL,1,,,
TAFYOO,1,,,
TAFYOQ,1,,,
TAFYUW,1,,,
TAFZEG,1,,,
TAGHUG,2,,,
TAGJAO,2,,,
TAGJES,2,,,
TAGJIW,2,,,
TAGJIX,1,,,
TAGJOC,2,,,
TAGJUI,2,,,
TAGKEU,1,,,
TAGREB,1,,,
TAGVIK,1,,,
TAGYAC,1,,,
TAHPOM,1,,,
TAHREZ,1,,,
TAJNOM,2,,,
TAJPOM,1,,,
TAJWOT,1,,,
TAJWUZ,1,,,
TAJZAK,1,,,
TAKDOB,1,,,
TAKFUG,1,,,
TAKFUG01,1,,,
TALKUN,1,,,
TALVAD,1,,,
TAMRUW,1,,,
TAMSAD,1,,,
TAMSIL,1,,,
TAMTAE,2,,,
TAMTIM,2,,,
TAMTOS,2,,,
TANJEY,1,,,
TAPJEC,2,,,
TAPJIG,2,,,
TAPKEC,1,,,
TAPKIG,1,,,
TARQOV,1,,,
TASPUB,1,,,
TASQOW,1,,,
TASQOW01,1,,,
TASQOW02,1,,,
TATLEH,1,,,
TATLIL,1,,,
TATVER,2,,,
TAVLOU,1,,,
TAWBOJ,1,,,
TAWKAD,1,,,
TAXDUV,1,,,
TAXMIP,2,,,
TAXRAO,1,,,
TAXSIU,2,,,
TAYJOS,1,,,
TAYKAF,1,,,
TAYMOY,1,,,
TAYRAP,1,,,
TAZDUW,1,,,
TAZFAE,1,,,
TAZFIM,1,,,
TAZGOT,1,,,
TAZHAG,1,,,
TAZKUA,2,,,
TAZKUE,2,,,
TAZVEZ,1,,,
TEBMAQ,1,,,
TEBRAW,1,,,
TEBTIE,1,,,
TEBTIE01,1,,,
TEBXEH,1,,,
TEBXIL,1,,,
TEBXOR,1,,,
TECCEK,1,,,
TECGOZ,1,,,
TECJAP,1,,,
TECLEV,1,,,
TECRIC,1,,,
TECVOQ,1,,,
TEDVUW,1,,,
TEDZAG,1,,,
TEFFES,2,,,
TEFMAW,1,,,
TEFMEA,1,,,
TEFVIN,2,,,
TEGBIU,1,,,
TEGFAM,2,,,
TEGGIZ,1,,,
TEGHAP,1,,,
TEGSUU,1,,,
TEHQEE,2,,,
TEJKAY,1,,,
TEKPAE,2,,,
TEMJIH,1,,,
TEMXAN,2,,,
TEMXER,2,,,
TEMXIV,1,,,
TEMXOB,1,,,
TEMXUH,1,,,
TENLIH,1,,,
TENLON,2,,,
TENLUT,2,,,
TEQKEF,2,,,
TEQKIJ,1,,,
TEQQEN,1,,,
TEQTER,1,,,
TEQTIV,1,,,
TEQWIW,1,,,
TEQWIZ,1,,,
TERCOI,1,,,
TERDAW,1,,,
TERDEA,1,,,
TESKAG,1,,,
TETNEP,1,,,
TETRIN11,1,,,
TETRIN12,1,,,
TETWAU,2,,,
TETWEY,2,,,
TEVDII,1,,,
TEVDOO,2,,,
TEVXUO,1,,,
TEVZEZ,1,,,
TEVZID,1,,,
TEWYOM,1,,,
TEWYUS,1,,,
TEXXED,2,,,
TEXXIH,2,,,
TEYFOS,1,,,
TEYTUQ,1,,,
THYMEA20,1,,,
TIBKAQ,1,,,
TIBKEU,1,,,
TIBQEA,1,,,
TICZUD,1,,,
TIDDAL,2,,,
TIDDEP,2,,,
TIDWEI,1,,,
TIDWEM,2,,,
TIDWOW,2,,,
TIDYUA,1,,,
TIDZAL,1,,,
TIDZEP,1,,,
TIDZIT,1,,,
TIDZOZ,1,,,
TIDZUF,1,,,
TIFDIZ,1,,,
TIFDOF,1,,,
TIFKAU,1,,,
TIFKEY,1,,,
TIFKIC,1,,,
TIFVOU,1,,,
TIGJEY,1,,,
TIGJIC,1,,,
TIGZOZ,1,,,
TIHCEV,1,,,
TIHCIZ,1,,,
TIHDAS,1,,,
TIHDIA,1,,,
TIHDUM,1,,,
TIHFAU,1,,,
TIHFEY,1,,,
TIHFIC,1,,,
TIHFOI,1,,,
TIHGAV,1,,,
TIHSEM,1,,,
TIHTOX,1,,,
TIHVAL,1,,,
TIHVEP,1,,,
TIJDOH,1,,,
TIJDUN,1,,,
TIJFAV,1,,,
TIJGEA,1,,,
TIJQEJ,1,,,
TIJQIN,1,,,
TIKCUL,1,,,
TIKHUR,1,,,
TIKREN,1,,,
TIKRIR,1,,,
TIMCAV,1,,,
TIMCEZ,1,,,
TIMCID,1,,,
TIMCID01,1,,,
TIMCID02,1,,,
TIMCOJ,1,,,
TIPLAJ,1,,,
TIPPUE,2,,,
TIQKEK,1,,,
TIQKIO,1,,,
TIQVUL,1,,,
TIRPOC,1,,,
TIRPUI,1,,,
TIRQAP,1,,,
TIRQET,1,,,
TIRQIX,1,,,
TIRQOD,1,,,
TIRQUJ,1,,,
TIRRAQ,1,,,
TIRREU,1,,,
TIRRIY,1,,,
TIRROE,2,,,
TIRSAR,1,,,
TISKUB,2,,,
TISLAI,2,,,
TISSAQ,2,,,
TISSEU,2,,,
TISVAW,2,,,
TISVEA,2,,,
TISVIE,2,,,
TISVUQ,2,,,
TITLUD,2,,,
TIVTOH,1,,,
TIVYAY,1,,,
TIVYAY01,1,,,
TIWREZ,1,,,
TIWXON,1,,,
TIXFEM,1,,,
TIXFIQ,1,,,
TIXPOI,1,,,
TIXQAV,1,,,
TIYJIY,1,,,
TIYJOE,1,,,
TIYXOO,1,,,
TIZVEE01,1,,,
TOBGIC,2,,,
TOBGOI,2,,,
TOBGUO,2,,,
TOBTAF,1,,,
TOBZOZ,1,,,
TODBOH,2,,,
TODBUN,2,,,
TODPIP,2,,,
TODREN,2,,,
TODTUF,2,,,
TODVAN,2,,,
TODVER,2,,,
TODVIV,2,,,
TODVOB,2,,,
TOHFUV,2,,,
TOJQIV,2,,,
TOJQOB,2,,,
TOJQUH,2,,,
TOJRAO,2,,,
TOKNOA,2,,,
TOKSOF,2,,,
TOKTAS,2,,,
TOKTIA,2,,,
TOKTOG,2,,,
TONKOX,1,,,
TONLAK,1,,,
TONZAA,1,,,
TONZEE,1,,,
TOPGIR,1,,,
TOPMER,1,,,
TOQBEK,1,,,
TOQBIO,1,,,
TOTCAG,1,,,
TOTGIS,1,,,
TOVGIW,1,,,
TOVWUY,2,,,
TOWBUG,1,,,
TOYHEU,1,,,
TOYHIY,1,,,
TOYHOE,1,,,
TOYKID,1,,,
TOZFIA,1,,,
TOZGUN,1,,,
TOZHOJ,1,,,
TRSBBZ10,1,,,
TUBCUR10,1,,,
TUBOBM,1,,,
TUCMOT,1,,,
TUDBOJ,1,,,
TUDJAG,1,,,
TUDJEK,1,,,
TUDJIO,1,,,
TUDJUA,1,,,
TUDKAH,1,,,
TUDKEL,1,,,
TUDKIP,1,,,
TUDLAG,1,,,
TUDNEO,1,,,
TUDQAO,1,,,
TUDQES,1,,,
TUDQIW,1,,,
TUDQOC,1,,,
TUDVUN,1,,,
TUFJIR,1,,,
TUGJEL,1,,,
TUGJIP,1,,,
TUGXAV,2,,,
TUHGIQ,2,,,
TUHKIS,1,,,
TUHMUI,2,,,
TUHNET,2,,,
TUHNIX,2,,,
TUHTUP,2,,,
TUJKAN01,1,,,
TUJKIV,1,,,
TUJKIV01,1,,,
TUJKOY,1,,,
TULYEI,1,,,
TULZEJ,1,,,
TUPDAL,1,,,
TUQGIW,1,,,
TUQGIW01,1,,,
TUQVIK,1,,,
TUQZAH,1,,,
TURLEX,1,,,
TURXUB,1,,,
TUSPAY,1,,,
TUSPIG,1,,,
TUSSUY,1,,,
TUSVIP,1,,,
TUSVOV,1,,,
TUTVOT,1,,,
TUTZOB,1,,,
TUTZUH,1,,,
TUVRUZ,1,,,
TUVSAG,1,,,
TUXCAS,2,,,
TUXMIK,1,,,
TUXNOR,1,,,
TUXNUX,1,,,
TUXXUG,2,,,
TUXYAN,2,,,
TUXYER,2,,,
TUYLOO,1,,,
TUZVOZ,1,,,
TUZWEQ,1,,,
TUZWIU,1,,,
TUZXIV,1,,,
TUZXOB,1,,,
TXTDBP,1,,,
TZHCOS,1,,,
UBADEJ,1,,,
UBAKER,1,,,
UBAKIV,1,,,
UBAKUH,1,,,
UBALAO,1,,,
UBALIW,1,,,
UBAPOG,1,,,
UBAPUM,1,,,
UBAZAC,1,,,
UBEKIZ,2,,,
UBIGOB,1,,,
UBIGUH,1,,,
UBIVAC,1,,,
UBIYOT,1,,,
UBUHUX,1,,,
UBUJAF,1,,,
UBUJAF01,1,,,
UBUMIP01,1,,,
UBUMUB,1,,,
UBUQIT,2,,,
UBUWET,1,,,
UCEZAF,1,,,
UCIQOQ,1,,,
UCOPAH,2,,,
UCOWAO,2,,,
UCUFAB,2,,,
UCUFIJ,1,,,
UDADIO,1,,,
UDADOU,1,,,
UDAWIG,2,,,
UDAWOM,1,,,
UDEBIP,1,,,
UDEFUF,2,,,
UDEGAM,2,,,
UDESEF,1,,,
UDIMEZ,1,,,
UDOXAN,2,,,
UDOXAN01,2,,,
UDOXER,2,,,
UDOXIV,2,,,
UDOXOB,2,,,
UDOXUH,2,,,
UDOYAO,2,,,
UDOZIZ,1,,,
UDOZOF,1,,,
UDUBOL,1,,,
UDUHIN,1,,,
UDUJOW,1,,,
UDUXOI,1,,,
UFENOM,1,,,
UFENUS,1,,,
UFIQEG,1,,,
UFUQOC,1,,,
UFUYAV,1,,,
UFUYEZ,1,,,
UFUYID,1,,,
UFUYOJ,1,,,
UFUYUP,1,,,
UFUZAW,1,,,
UFUZEA,1,,,
UGACIR,1,,,
UGACOX,1,,,
UGADUF,1,,,
UGEGIZ,1,,,
UGEHAS,1,,,
UGEHOG,1,,,
UGISAF,1,,,
UGIZIW,1,,,
UGOGAB,1,,,
UGUNER,1,,,
UGUROH,1,,,
UHAQOM,1,,,
UHAQUS,1,,,
UHERIJ,1,,,
UHEROP,2,,,
UHERUV,2,,,
UHESAC,2,,,
UHEWUB,1,,,
UHEXEM,1,,,
UHIBIZ,1,,,
UHIBOG,2,,,
UHICAT,2,,,
UHOKOV,1,,,
UHUZAB,1,,,
UHUZEF,1,,,
UHUZIJ,1,,,
UJAHAQ,1,,,
UJEFEV,1,,,
UJEPAB,2,,,
UJEPEF,2,,,
UJEVAJ,1,,,
UJEVEN,1,,,
UJEVIR,1,,,
UJEVOX,1,,,
UJEVUD,1,,,
UJEWAK,1,,,
UJOCAA,1,,,
UJUCOS,2,,,
UJUKAP,1,,,
UJUKOD,1,,,
UJUKUJ,1,,,
UJUNOC,1,,,
UJUNUI,1,,,
UJUQUO,1,,,
UJUREZ,1,,,
UJUSAW,1,,,
UJUSEA,1,,,
UKAGOC,1,,,
UKATOS,1,,,
UKAVAG,1,,,
UKINUZ,2,,,
UKIXAP,1,,,
UKIXET,1,,,
UKOFEJ,2,,,
UKOROC,1,,,
UKORUI,1,,,
UKOYAU,1,,,
UKUCEI,1,,,
UKUNEV,1,,,
UKUNIZ,1,,,
UKURUN,1,,,
UKUSEZ,1,,,
ULAFAS,1,,,
ULAFEW,1,,,
ULAGUK,1,,,
ULEHOJ,1,,,
ULELIH,1,,,
ULELIH01,1,,,
ULETOY,1,,,
ULETUE,1,,,
ULIFOO,2,,,
ULIVEU,1,,,
ULIVIY,1,,,
ULOLEM,1,,,
ULOWIF,1,,,
ULOWUR,1,,,
ULOZAW,1,,,
ULOZIF,1,,,
ULOZIF01,1,,,
ULOZUR,1,,,
ULUZEJ,1,,,
UMAROS,1,,,
UMIROY,1,,,
UMOCEF,2,,,
UMOCIJ,2,,,
UMOFAH,1,,,
UMOFEL,1,,,
UMOFIP,1,,,
UMOFOV,1,,,
UMOFUB,1,,,
UMOGEL,1,,,
UMOGIP,1,,,
UMOGOV,1,,,
UMOGUB,1,,,
UMOMAO,1,,,
UMUHIX,1,,,
UMUJUL,1,,,
UMUMEY,1,,,
UNAGOF,1,,,
UNEBIB,2,,,
UNEHUS,1,,,
UNEJAA,1,,,
UNEJUU,1,,,
UNIDUQ,1,,,
UNIFOM,1,,,
UNIQAM,1,,,
UNISIW,1,,,
UNISUI,1,,,
UNITAP,1,,,
UNITET,1,,,
UNITIX,1,,,
UNOJUF,1,,,
UNOZED,1,,,
UNUHUI,1,,,
UNUJAQ,1,,,
UPALAB,1,,,
UPALEF,1,,,
UPAZAO,1,,,
UPAZES,1,,,
UPAZIW,1,,,
UPEBEY,1,,,
UPENAG,1,,,
UPENEK,1,,,
UPENIO,1,,,
UPEWOC,1,,,
UPIBUS,1,,,
UPICOM,1,,,
UPINEO,1,,,
UPINIS,2,,,
UPISOC,2,,,
UPULUP,1,,,
UQAKOO,1,,,
UQAQIP,2,,,
UQEHIJ,1,,,
UQIHOT,1,,,
UQIHUZ,1,,,
UQUWIO,1,,,
UQUWOU,1,,,
UQUWUA,1,,,
UQUXAH,1,,,
UQUXEL,1,,,
UQUXUB,1,,,
UQUYAI,1,,,
URAWAM,1,,,
UREFOP,2,,,
UREFOP01,2,,,
URINOA,1,,,
URUMIG,1,,,
URUMOM,1,,,
URUNAZ,1,,,
URUNIH,1,,,
URUQAA,1,,,
URUQAC,1,,,
URUQEG,1,,,
URUQIK,1,,,
URUQOQ,1,,,
URUROR,2,,,
USENEN,2,,,
USENIR,2,,,
USIXEA,2,,,
USOQEB,1,,,
USOWOQ,1,,,
USUCAN,1,,,
USUCER,1,,,
USUGEW,1,,,
UTACEY,1,,,
UTEVAR,2,,,
UTEVEV,2,,,
UTEVIZ,2,,,
UTOGES,1,,,
UTOGIW,1,,,
UTOGOC,1,,,
UTOHET,2,,,
UTOHOD,1,,,
UTUCAQ,1,,,
UTUJIF,1,,,
UTUJOL,1,,,
UTUJUR,1,,,
UTUKAY,1,,,
UTUKEC,1,,,
UTUKIG,1,,,
UVAHEG,1,,,
UVEBIJ,1,,,
UVEBOP,1,,,
UVEQOC,1,,,
UVEVID,1,,,
UVEVOJ,1,,,
UVISIC,2,,,
UWAFAB,1,,,
UWIMOE,1,,,
UWIVUS,1,,,
UWIVUS01,1,,,
UWODUG,2,,,
UWOFAO,2,,,
UWOFES,2,,,
UWOFIW,2,,,
UWOFUI,2,,,
UWOGAP,1,,,
UWOGET,1,,,
UWUFEY,1,,,
UWUFEY01,1,,,
UWUFIC,1,,,
UWUFOI,1,,,
UWUTUC,1,,,
UXAGEI,1,,,
UXELIV,1,,,
UXIQUP,1,,,
UXIVIH,2,,,
UXIZOT,1,,,
UXIZUZ,1,,,
UXOBAN,1,,,
UXOBER,1,,,
UXOBIV,1,,,
UXOHIZ,1,,,
UXOYEN,1,,,
UXOYIR,1,,,
UXOYOX,1,,,
UXOYUD,1,,,
UXOZAK,1,,,
UXOZOY,1,,,
UXUGEC,1,,,
UXUGIG,1,,,
UXUGOM,1,,,
UXUHAZ,1,,,
UYIJES,1,,,
UYIJIW,1,,,
UYOKEB,1,,,
UYONEE,1,,,
UYUWAN,2,,,
UYUXIW,2,,,
UYUXOC,2,,,
UYUXUI,2,,,
UYUYAP,2,,,
UZATUN,1,,,
UZELIX,1,,,
UZEMAQ,2,,,
UZEQEY,1,,,
UZIJUL,1,,,
UZIJUL01,1,,,
UZIWOQ,1,,,
UZIWOQ01,1,,,
UZOTUB,1,,,
UZOVAJ,1,,,
UZOZAN,1,,,
UZUBAV,2,,,
UZUBEZ,2,,,
UZUKUW,1,,,
UZUXIY,1,,,
VABDOT,1,,,
VABFAK,1,,,
VABFEO,1,,,
VABFIS,1,,,
VABFOY,1,,,
VABFUE,1,,,
VABGOX,1,,,
VABGUD,1,,,
VABHAK,1,,,
VACXAD,1,,,
VADJER,2,,,
VADJIV,2,,,
VADJOB,2,,,
VAFPIF,1,,,
VAFRID,1,,,
VAFRID10,1,,,
VAFROJ,1,,,
VAFRUP,1,,,
VAFRUP10,1,,,
VAFSAW,1,,,
VAFZUY,2,,,
VAGBAH,2,,,
VAGKAR,1,,,
VAGKEV,2,,,
VAGQOK,1,,,
VAJPUV,1,,,
VAKJEZ,1,,,
VAKJIE,1,,,
VAKQEG,1,,,
VAKQIK,1,,,
VAKVOV,2,,,
VAKVUB,2,,,
VAKWAI,2,,,
VAKWEM,2,,,
VALINO01,1,,,
VAMCAN,1,,,
VAMDOF,2,,,
VAMDUL,1,,,
VAMFAT,1,,,
VAMFEX,1,,,
VAMFIB,1,,,
VAMFOH,1,,,
VAMFUN,1,,,
VAMGEY,1,,,
VAMGIC,1,,,
VAMKIF,1,,,
VAMNEF,1,,,
VAMNIJ,1,,,
VAMNOP,1,,,
VAMTIO,1,,,
VAMVIQ,1,,,
VAMVOW,1,,,
VAMVUC,1,,,
VANSEL,2,,,
VANSIO,1,,,
VANVEO,2,,,
VANWEN,2,,,
VANWIR,2,,,
VAQKUV,1,,,
VAQRUD,1,,,
VARGOL,1,,,
VARGUR,1,,,
VARQUC,2,,,
VARRAJ,2,,,
VARREN,1,,,
VARRIR,2,,,
VARZIB,2,,,
VASQEM,1,,,
VASTOZ,1,,,
VATGED,1,,,
VATGON,1,,,
VAVKAI,2,,,
VAVLUZ,1,,,
VAVLUZ01,1,,,
VAVWAS,1,,,
VAWRET,1,,,
VAWTAQ,1,,,
VAWVOG,1,,,
VAWVUM,1,,,
VAWYEA,1,,,
VAXLAI,1,,,
VAXMUE,1,,,
VAYLIT,1,,,
VAYLOZ,1,,,
VAYLUF,1,,,
VAYMOA,1,,,
VAZGAH,2,,,
VAZKIS,1,,,
VECBAJ,1,,,
VECXAD,1,,,
VEDDAN,1,,,
VEDJIZ,1,,,
VEDJOD,1,,,
VEDPIH,1,,,
VEDPON,1,,,
VEDPUT,1,,,
VEDTOQ,1,,,
VEDTUW,1,,,
VEDZAF,1,,,
VEFBIR,1,,,
VEFQEF,1,,,
VEFRAZ,1,,,
VEFSOP,2,,,
VEFZAI,1,,,
VEFZEM,1,,,
VEGKAV,1,,,
VEHDIV,1,,,
VEHFOG,1,,,
VEHFUM,1,,,
VEHGAT,1,,,
VEHGEX,1,,,
VEHWOU,2,,,
VEJFIB,1,,,
VEJGEY,2,,,
VEJGIC,2,,,
VEJGOI,2,,,
VEJJIF,2,,,
VEKRIN,1,,,
VELQIN,1,,,
VEMXIY,1,,,
VEMXOE,1,,,
VEMXUK,1,,,
VEMYAR,1,,,
VENHUU,1,,,
VENYUJ,1,,,
VEPGOP,1,,,
VEPKIL,1,,,
VEPKIL01,1,,,
VEPNAG,2,,,
VEPNEK,2,,,
VEPRAM,1,,,
VEPWOF,1,,,
VEPWUL,1,,,
VEPXAS,1,,,
VEPXEW,1,,,
VEPXIA,1,,,
VEQDAX,1,,,
VEQKEH,1,,,
VERLUA,2,,,
VERMEL,2,,,
VERMIP,2,,,
VESGUW,1,,,
VESHEH,1,,,
VESNAJ,1,,,
VESNEN,1,,,
VESTUI,2,,,
VETQOE,1,,,
VETQUK,1,,,
VEVPAO,1,,,
VEVPES,1,,,
VEVYAW,1,,,
VEVYIE,1,,,
VEWNUK,1,,,
VEYHOZ,1,,,
VEYJUI,1,,,
VEYLEQ,1,,,
VEYQOF,1,,,
VICLIF,1,,,
VICZUG,1,,,
VIDLUR,1,,,
VIFNAZ,1,,,
VIFZUI,1,,,
VIGPAD,1,,,
VIGQOS,1,,,
VIJLIM,1,,,
VIJLOS,1,,,
VIJLUY,1,,,
VIJMIL,1,,,
VIKHON,1,,,
VIKTEP,1,,,
VIKTUF,1,,,
VIKVAN,1,,,
VIKVER,1,,,
VIKVIV,1,,,
VIKVOB,1,,,
VIKVUH,1,,,
VIKWAO,1,,,
VILCEZ,2,,,
VILXOH,1,,,
VIMBIE,1,,,
VIMBOK,1,,,
VIMGIJ,1,,,
VIMRIU,1,,,
VIMROA,1,,,
VIMRUG,1,,,
VINKAG,1,,,
VINPOY,2,,,
VINVAS,1,,,
VINVEW,1,,,
VINZEB,1,,,
VIPHAF,1,,,
VIPHEJ,1,,,
VIPLOY,1,,,
VIQHOS,1,,,
VIQHUY,1,,,
VIQJAG,1,,,
VIQLOY,1,,,
VIRXAV,1,,,
VISCIM,1,,,
VISKOY,1,,,
VISQAS,1,,,
VISWUS,1,,,
VITNOE,1,,,
VITNUK,1,,,
VIWNEU,1,,,
VIWPEA,2,,,
VIWQOH,2,,,
VIXCOX,1,,,
VIXGUF,1,,,
VIXHAM,1,,,
VIXHEQ,1,,,
VIXHIU,1,,,
VIXMEV,1,,,
VIXMIZ,1,,,
VIYZAH,1,,,
VIZJUN,1,,,
VIZKAU,1,,,
VIZMIE,1,,,
VIZNOJ,2,,,
VIZVUW,1,,,
VOBFIF,1,,,
VOBFOL,1,,,
VOBRUD,1,,,
VOBXIT,1,,,
VOBXOZ,1,,,
VOCWEP,2,,,
VODJII,1,,,
VOFJIK,1,,,
VOFKEH,1,,,
VOFRUF,2,,,
VOGPEQ,1,,,
VOGPIU,1,,,
VOGPOA,1,,,
VOGPUG,2,,,
VOHHEG,1,,,
VOJLIQ,1,,,
VOKBOM10,1,,,
VOKKAH,1,,,
VOKTAQ,1,,,
VOLCOS,1,,,
VOLMEO,1,,,
VOLRAT,1,,,
VOLZON,2,,,
VOMBEG,1,,,
VOMBIK,1,,,
VOMBOQ,1,,,
VOMBUW,1,,,
VOMHAJ,1,,,
VOMHEN,1,,,
VOMHIR,1,,,
VOMHOX,1,,,
VOMHUD,1,,,
VOMKUG,1,,,
VOMLAN,1,,,
VOMLER,1,,,
VOMNUI,2,,,
VOMPAQ,2,,,
VOMPEU,2,,,
VOMPIY,2,,,
VOMWIG,1,,,
VONKOY,1,,,
VONROF,1,,,
VONRUL,1,,,
VOPXAC,1,,,
VOPXOO,1,,,
VOPXUU,1,,,
VOPYAB,1,,,
VOPYAD,1,,,
VOPYEF,1,,,
VOPYIJ,1,,,
VOPYOP,1,,,
VOPYUV,1,,,
VOPZEG,1,,,
VOPZOQ,1,,,
VOPZUW,1,,,
VOQBEM,1,,,
VOQBIQ,1,,,
VOQBOW,1,,,
VOQDEK,2,,,
VORTUS,1,,,
VOSHIY,2,,,
VOSJIA,2,,,
VOVPUT,1,,,
VOWCUF,1,,,
VOWQEF,1,,,
VOWTUY,2,,,
VOWVEK,2,,,
VOWVOS,1,,,
VOYRAG,1,,,
VOYREK,1,,,
VOYROU,1,,,
VOYRUA,1,,,
VOYSAH,1,,,
VOYSEL,1,,,
VOYSIL10,1,,,
VOYSOR10,1,,,
VOYSOV,1,,,
VOYSUB,1,,,
VUBDOO,1,,,
VUBDOO01,1,,,
VUBWOG,1,,,
VUCPIW,2,,,
VUCQIX,1,,,
VUCRAQ,1,,,
VUCTUI,1,,,
VUFWEZ,1,,,
VUGBIM,1,,,
VUGMEP,1,,,
VUGTUO,1,,,
VUHDEH,1,,,
VUHYAA,2,,,
VUJMOF,1,,,
VUJRIE,2,,,
VUJROK,2,,,
VUJRUQ,2,,,
VUKBAH,1,,,
VUKBIP,1,,,
VUKMUL,1,,,
VUKWUU,1,,,
VULCUD,2,,,
VULWEI,1,,,
VULXUX,1,,,
VULYIO,1,,,
VUMFOC,1,,,
VUMMEX,1,,,
VUMMIB,1,,,
VUMMOH,1,,,
VUMMUN,1,,,
VUMTUS,1,,,
VUMTUS01,1,,,
VUMTUS02,1,,,
VUNGUK,1,,,
VUNHAR,1,,,
VUNHEV,1,,,
VUNHIZ,1,,,
VUNHUL,1,,,
VUNJAT,1,,,
VUNQAY,1,,,
VUNQEC,1,,,
VUNQOM,2,,,
VUNTEH,2,,,
VUPBEO,1,,,
VUPHOE,1,,,
VUPHUK,1,,,
VUPLIF,1,,,
VUPLOL,1,,,
VUQDEU,1,,,
VUQDEU01,1,,,
VUQDEU02,1,,,
VUQDEU03,1,,,
VUQDUK,1,,,
VUQGOF,2,,,
VUQNOO,1,,,
VUQQOR,1,,,
VUQYIS,1,,,
VUSFIY01,1,,,
VUTDIY,1,,,
VUTMAY,1,,,
VUWKOP,1,,,
VUWLAC,1,,,
VUWLIK,1,,,
VUWMAD,1,,,
VUWMEH,1,,,
VUWMOR,1,,,
VUWMOR01,1,,,
VUWNEI,1,,,
VUWNIM,1,,,
VUWNIM01,1,,,
VUWNUY,1,,,
VUWNUY01,1,,,
VUWPOU,1,,,
VUWTEO,1,,,
VUWTIS,1,,,
VUXJUT,1,,,
VUXNIL,1,,,
VUXNOR,1,,,
VUXNUX,1,,,
VUXTIS,1,,,
VUXTUE,1,,,
VUYHAA,1,,,
VUYHEE,1,,,
VUYSIT,1,,,
WABYII,1,,,
WACFOV,1,,,
WADTIH,1,,,
WADTON,1,,,
WADTUT,1,,,
WADVAB,1,,,
WAFHIV,1,,,
WAFHOB,1,,,
WAFSOL,1,,,
WAFXEI,1,,,
WAFXIM,1,,,
WAFXOS,1,,,
WAGLUM,1,,,
WAHLOH,1,,,
WAHLUN,1,,,
WAKBUG,1,,,
WAKGAQ,1,,,
WAKROR,1,,,
WAKVOV,2,,,
WAKVUB,2,,,
WAKWAI,2,,,
WAKXOZ,2,,,
WAKXUF,2,,,
WALDEW,1,,,
WALHOJ,1,,,
WALTIN,1,,,
WAMKIH,1,,,
WAMTUA,1,,,
WAMVAI,1,,,
WANBOD,2,,,
WANNAA,2,,,
WANXEP,1,,,
WANXIT,1,,,
WAPGON,1,,,
WAPTUG,1,,,
WAPVAO,1,,,
WAPVES,1,,,
WAPVIW,1,,,
WARHEG,1,,,
WARNEM,1,,,
WASCOK,1,,,
WASHUV,1,,,
WASJAD01,1,,,
WASJIL,1,,,
WASJOR,1,,,
WASNEM,1,,,
WASNUC,1,,,
WASPEO,1,,,
WASPOZ,2,,,
WAVTEW,1,,,
WAWGEJ,1,,,
WAWQUH,1,,,
WAWYAY,1,,,
WAYHOV,2,,,
WAYRIX,1,,,
WAYROD,1,,,
WAZHAJ,1,,,
WAZXOK,1,,,
WAZXOK01,1,,,
WAZZAY,1,,,
WEBWEJ,1,,,
WEBWIN,1,,,
WEBWOT,1,,,
WEBWUZ,1,,,
WEBXAG,1,,,
WECLUL,1,,,
WECMEW,1,,,
WECPID,1,,,
WECWOS,1,,,
WECWUY,1,,,
WEDNID,1,,,
WEDYEM,1,,,
WEFJEY,1,,,
WEFJIC,1,,,
WEFJOI,1,,,
WEFLAX,1,,,
WEFLAX01,1,,,
WEFSAD,1,,,
WEFTOU,1,,,
WEGBUJ,1,,,
WEGCAQ,1,,,
WEGXIR,1,,,
WEHMEE,2,,,
WEHMEF,2,,,
WEJDIY,1,,,
WEKCOF,1,,,
WEKMUX,1,,,
WELPEM,2,,,
WEMGUT,1,,,
WEMXIZ,1,,,
WEMXOF,1,,,
WEMXUL,1,,,
WENFIF,1,,,
WENFOL,1,,,
WENFUR,1,,,
WENPAI,1,,,
WENWIZ,1,,,
WEPROC,1,,,
WEPRUI,1,,,
WEPTOA,1,,,
WEPTUG,1,,,
WEPVES,1,,,
WEQJIM,2,,,
WERSAR,1,,,
WERSEV,1,,,
WESDAC,2,,,
WESDEG,2,,,
WESDOQ,2,,,
WESDUW,2,,,
WESLEM,1,,,
WESLIQ,1,,,
WESLOW,1,,,
WESLUC,1,,,
WETWOI,1,,,
WETYAW,1,,,
WETYEA,1,,,
WEWNEV,1,,,
WEWTOJ,1,,,
WEXKIT,1,,,
WEXPUK,1,,,
WEXTOJ,2,,,
WEXTUP,2,,,
WEXVAX,2,,,
WEXWOP,2,,,
WEYHIU,1,,,
WEZFOX,1,,,
WEZFUD,1,,,
WEZGAN,1,,,
WIBGEX,1,,,
WIBPOO,1,,,
WIDKAV,1,,,
WIFSOU,2,,,
WIGMUV,1,,,
WIGPEI,1,,,
WIJBEZ,1,,,
WIKHAZ,1,,,
WIKHED,1,,,
WIKLIL,1,,,
WILLEI,1,,,
WILMAG,1,,,
WILNAG,1,,,
WILWAQ,1,,,
WILWEU,1,,,
WILWIY,1,,,
WINBUQ,2,,,
WINCIF,2,,,
WINWIB,2,,,
WINWUN,2,,,
WIQFAF,1,,,
WIQFEJ,1,,,
WIQNAO,2,,,
WIQNIW,2,,,
WIQQUL,1,,,
WISBAD,1,,,
WISTOH,1,,,
WITGUB,1,,,
WIVDIP,1,,,
WIVDOV,1,,,
WIVFIQ,1,,,
WIWLOD,1,,,
WIWLUJ,1,,,
WIWMAQ,1,,,
WIWXOQ,1,,,
WIWXUW,1,,,
WIXDEP,1,,,
WIXDIT,1,,,
WIXWEJ,2,,,
WIYKOF,2,,,
WIYKUL,2,,,
WIYVUY,1,,,
WIZKAV,1,,,
WIZQEB,1,,,
WOBGIF,1,,,
WOCHEE,1,,,
WODFEA,1,,,
WODFIE,1,,,
WODGIG,1,,,
WODTUH,1,,,
WOFXEY,1,,,
WOGBEZ,2,,,
WOGBID,2,,,
WOGBOJ,2,,,
WOGDUV,1,,,
WOGFAD,1,,,
WOGFEH,1,,,
WOGFIL,1,,,
WOGFOR,1,,,
WOGFUX,1,,,
WOGHIN,1,,,
WOGJUX,1,,,
WOHBAW,1,,,
WOHHIN,1,,,
WOJYED,1,,,
WOJYON,1,,,
WOJYUQ,1,,,
WOMKOC,1,,,
WOMKUI,1,,,
WOMSIA,1,,,
WONDUZ,1,,,
WONFAH,1,,,
WONFEL,1,,,
WONFIP,1,,,
WONROK,2,,,
WONWAX,2,,,
WONWIF,2,,,
WOPQOI,1,,,
WOPQUO,1,,,
WOPTIG,1,,,
WOPZIM,1,,,
WOQCAG,1,,,
WOQGEQ,1,,,
WORMEV01,1,,,
WOSTAD,1,,,
WOSVOT,1,,,
WOSVUZ,1,,,
WOTBAL,2,,,
WOTBIT,2,,,
WOTCAL,2,,,
WOTCEP,2,,,
WOTCIT,2,,,
WOTCOZ,2,,,
WOVCAL,1,,,
WOVKEB,1,,,
WOWCEQ,1,,,
WOWCIU,1,,,
WOXBEU,1,,,
WOXBOE,1,,,
WOXCAR,1,,,
WOXDAO,1,,,
WOXDES,1,,,
WOYKII,1,,,
WOYKOO,1,,,
WOYKUU,1,,,
WOYLAB,1,,,
WOZSEM,1,,,
WOZSOW,1,,,
WOZSUC,1,,,
WOZTIR,1,,,
WUBGAB,1,,,
WUBWIC,1,,,
WUBWUL,1,,,
WUGPOF,1,,,
WUHKOZ,2,,,
WUJBIM,1,,,
WUJTAZ,1,,,
WUJTED,1,,,
WUJTIH,1,,,
WUJTON,1,,,
WUJTUT,1,,,
WUJVAB,1,,,
WUJVEF,1,,,
WULKAS,1,,,
WULMUN,1,,,
WULZIP,1,,,
WUNMIB,2,,,
WUNXEL,1,,,
WUPKID,1,,,
WUPMOM,1,,,
WUQMIH,1,,,
WUQSIN,1,,,
WUQYUE,1,,,
WURBAO,1,,,
WURBES,1,,,
WURVEL,1,,,
WURVOV,1,,,
WURYER,1,,,
WUSBET,1,,,
WUSBIX,1,,,
WUTGOK,2,,,
WUTJOM,2,,,
WUTVOY,1,,,
WUTWIR,1,,,
WUVVUE,1,,,
WUVZIW,1,,,
WUWLOQ,2,,,
WUWLUW,2,,,
WUXJEE,2,,,
WUXVAQ,1,,,
WUYLUY,1,,,
WUYMAF,1,,,
WUYMEJ,1,,,
WUYMIN,1,,,
WUYMOT,1,,,
WUYMUZ,1,,,
WUYNAG,1,,,
WUYNEK,1,,,
WUZCAV,1,,,
WUZCEZ,1,,,
WUZTAO,1,,,
XABLEU,1,,,
XABPUO,1,,,
XACNEY,1,,,
XAFZEL,2,,,
XAFZIP,1,,,
XAGDUF,1,,,
XAGGOC,1,,,
XAGHAO,1,,,
XAGHOE,2,,,
XAGHUK,2,,,
XAGPEA,1,,,
XAGRIJ,1,,,
XAGVAH,1,,,
XAGXUY,1,,,
XAGXUY01,1,,,
XAHKIA,2,,,
XAHRUX,1,,,
XAHYAK,2,,,
XAJCEV,1,,,
XAJKED,1,,,
XAJZOC,1,,,
XAKNIL,2,,,
XAKNOR,2,,,
XAMYUH,1,,,
XANJIG,1,,,
XANLOO,1,,,
XAPCOK,1,,,
XAPNUX,2,,,
XAPREO,1,,,
XAPRIS,1,,,
XAPVOZ,1,,,
XAPVUF,1,,,
XAPZEV,1,,,
XAPZOF,1,,,
XAQJII01,1,,,
XARCIE,2,,,
XARCOK,2,,,
XARXEU,1,,,
XARXIY,1,,,
XASFIH,1,,,
XASKUZ,1,,,
XASLEK,1,,,
XASMEL,1,,,
XASNAI,1,,,
XASVUJ,1,,,
XASXOF,1,,,
XASXUL,1,,,
XASYIB,2,,,
XASYIB01,2,,,
XASYUN,2,,,
XATKUB,1,,,
XATNUB,1,,,
XAVBUR,1,,,
XAVSOF,1,,,
XAVTOD,1,,,
XAVTOE,1,,,
XAWHAH,2,,,
XAWKIS,1,,,
XAWLIT,1,,,
XAWVEZ,1,,,
XAWVID,1,,,
XAWZAA,1,,,
XAYGAF,2,,,
XAYGIN,1,,,
XAYMOC,2,,,
XAYMUI,2,,,
XAYYOL,1,,,
XAZLIT,2,,,
XECMIF,1,,,
XECMIF01,1,,,
XECMUR,1,,,
XEDKOH,1,,,
XEDSAB,1,,,
XEDTEF,1,,,
XEFDAN,2,,,
XEFDOB,1,,,
XEFDUH,1,,,
XEFKAX,1,,,
XEFMAX,1,,,
XEFMII,2,,,
XEFMOO,2,,,
XEFMUU,2,,,
XEFNIF,1,,,
XEFVAJ,1,,,
XEFVEL,1,,,
XEFVIP,1,,,
XEFVOV,1,,,
XEFXAL,1,,,
XEFXEP,1,,,
XEFYIU,1,,,
XEFYOA,1,,,
XEFYUG,1,,,
XEFZOB,1,,,
XEGMUT,1,,,
XEGSIM,2,,,
XEGXOY,1,,,
XEHCIY,1,,,
XEHSEK,1,,,
XEJCEV,2,,,
XEJCIZ,2,,,
XEJCOF,2,,,
XEJHEZ,1,,,
XELWES,1,,,
XELWIW,1,,,
XELWOC,1,,,
XEMQUD,1,,,
XEMZOI,1,,,
XENCOM,1,,,
XENDAZ,1,,,
XEPJEK,1,,,
XEPKAH,1,,,
XEPKEL,1,,,
XEPQIV,1,,,
XEQGOR,1,,,
XERSIW,1,,,
XERSUI,1,,,
XERSUJ,1,,,
XERTAQ,1,,,
XERTEU,1,,,
XERTIY,1,,,
XERTOE,1,,,
XESLOX,1,,,
XESMAK,1,,,
XETSIB,1,,,
XEVCAD,2,,,
XEVCEJ,1,,,
XEVCIN,1,,,
XEVDUA,1,,,
XEVFAI,1,,,
XEVFEM,1,,,
XEVGIR,1,,,
XEVGOX,1,,,
XEVGUD,1,,,
XEVQAT,1,,,
XEVQOH,1,,,
XEVQUN,1,,,
XEXDAI,1,,,
XEXFOY,1,,,
XEXFUE,1,,,
XEXGAL,1,,,
XEXQAU,1,,,
XEXVOP,1,,,
XEYDIQ,1,,,
XEYFAI,2,,,
XEZYAC,1,,,
XIBDES,1,,,
XIBDIW,1,,,
XIBDOC,1,,,
XIBHAR,1,,,
XIBHIZ,1,,,
XIBPUU,2,,,
XIBQEI,1,,,
XIBVAJ,2,,,
XICKUT,2,,,
XICLAA,2,,,
XIDBOC,1,,,
XIDPOQ,1,,,
XIGBIC01,1,,,
XIGBUK,1,,,
XIGCAR,1,,,
XIGCIC,1,,,
XIGFOM,1,,,
XIGFUS,1,,,
XIHQAI,2,,,
XIHQEM,2,,,
XIHQIQ,2,,,
XIHYES,1,,,
XIJYIA,1,,,
XIKBAY,2,,,
XIKBEC,2,,,
XIKBIG,2,,,
XIKNUC,1,,,
XIKPAK,1,,,
XIMGAF,1,,,
XIMQAM,1,,,
XIMYUR,1,,,
XINHEH,1,,,
XIPKIR,1,,,
XIPZEB,1,,,
XIPZIF,1,,,
XIPZOL,1,,,
XIPZUR,1,,,
XIQBAA,1,,,
XIQCAF,1,,,
XIQCEJ,1,,,
XIQCIN,1,,,
XIRZIL,1,,,
XIRZUX,1,,,
XISKIV,2,,,
XISWUT,1,,,
XISXAA,1,,,
XITDIN,1,,,
XITMIX,1,,,
XITMOD,1,,,
XITMUJ,1,,,
XITNAQ,1,,,
XITNEU,1,,,
XITNIY,1,,,
XIVLOD,1,,,
XIVLOD01,1,,,
XIVLOD02,1,,,
XIVLUJ,1,,,
XIVMAQ,1,,,
XIVMAQ01,1,,,
XIVMAU,2,,,
XIVMEU,1,,,
XIVSIE,1,,,
XIVYIN,2,,,
XIVYOT,2,,,
XIVYUZ,2,,,
XIVZAG,2,,,
XIVZEK,2,,,
XIVZIO,2,,,
XIVZOU,2,,,
XIVZUA,2,,,
XIWBOX,2,,,
XIWFAK,1,,,
XIWJAS,1,,,
XIWJEW,1,,,
XIWTEG,1,,,
XIWTEG01,1,,,
XIWTEG02,1,,,
XIWTEG03,1,,,
XIWTEG04,1,,,
XIWVEI,1,,,
XIWVEI08,1,,,
XIWVEI09,1,,,
XIWVEI10,1,,,
XIWVEI11,1,,,
XIWVEI12,1,,,
XIWVEI13,1,,,
XIWVEI15,1,,,
XIWVEI21,1,,,
XIWVEI22,1,,,
XIWVEI23,1,,,
XIWVEI24,1,,,
XIWVEI25,1,,,
XIWVEI26,1,,,
XIWVEI27,1,,,
XIWVEI28,1,,,
XIWVEI29,1,,,
XIWYIM,2,,,
XIXKOI,1,,,
XIXKOI01,1,,,
XIXLEZ,1,,,
XIXSAB,1,,,
XIXSEF,1,,,
XIXSIJ,1,,,
XIYLEA,1,,,
XIYLIE,1,,,
XIYLOK,1,,,
XIYMIF,1,,,
XIYVEK,1,,,
XIYVIO,1,,,
XIYVOU,1,,,
XIYVUA,1,,,
XIZGES,1,,,
XIZMAV,1,,,
XIZMEB,1,,,
XIZMUP,1,,,
XIZNAW,1,,,
XIZNEA,1,,,
XIZNIE,1,,,
XOBFAW,2,,,
XOBFEA,2,,,
XOBFEA01,2,,,
XOBLUY,1,,,
XOBMAF,1,,,
XOBWES,1,,,
XOBWES01,1,,,
XOBWOC,1,,,
XOCHUU,1,,,
XOCJAC,1,,,
XOCJEG,1,,,
XOCQIR,1,,,
XOCYOH,1,,,
XOCYUN,1,,,
XOCZAU,1,,,
XODKUW,1,,,
XODLIN,1,,,
XODSUE,1,,,
XOFSOA,1,,,
XOFSUG,1,,,
XOFZOK,1,,,
XOGBAZ,1,,,
XOGBED,1,,,
XOGBIH,1,,,
XOHNER,1,,,
XOHNIV,1,,,
XOHRUL,1,,,
XOKHAI,1,,,
XOKKIR01,1,,,
XOLGOV,1,,,
XOLNUI,1,,,
XOLPOE,2,,,
XONVIF,1,,,
XONWIH,2,,,
XONWON,2,,,
XONWUT,2,,,
XONXAA,2,,,
XONXED,1,,,
XOPLIB,1,,,
XOPTAZ,1,,,
XOQDIT,1,,,
XOQDOZ,1,,,
XOQTUW,1,,,
XOQVAE,1,,,
XOQVEI,1,,,
XORGAN,1,,,
XORPIH,2,,,
XORPIH01,2,,,
XOSJIY,1,,,
XOTHUL,2,,,
XOTJAT,2,,,
XOVGIA,1,,,
XOVGOG,1,,,
XOVGUN,2,,,
XOVKOI,1,,,
XOVQAE,2,,,
XOVQEI,2,,,
XOVREJ,1,,,
XOVRIN,1,,,
XOVROT,1,,,
XOVRUZ,1,,,
XOVSAG,1,,,
XOVSEK,1,,,
XOVSIO,1,,,
XOVSOU,1,,,
XOVSUA,1,,,
XOVTEL,1,,,
XOVTIP,1,,,
XOVTOV,1,,,
XOVTUB,1,,,
XOVVAJ,1,,,
XOVVEN,1,,,
XOVVIR,1,,,
XOVVOX,1,,,
XOVVUD,1,,,
XOVWEO,1,,,
XOVWUC,1,,,
XOWCOC,1,,,
XOWGIZ,2,,,
XOWZOC,1,,,
XOYZUG,2,,,
XOZCUM,1,,,
XOZDAT,1,,,
XOZDEX,1,,,
XUCKAK,1,,,
XUCKAK01,1,,,
XUCKIS,1,,,
XUDGIN,1,,,
XUFQOH,1,,,
XUFSUM,1,,,
XUFSUN,1,,,
XUFSUO,2,,,
XUFTAU,1,,,
XUFTAX,2,,,
XUFTEB,2,,,
XUFYUS,1,,,
XUHBEL,1,,,
XUHKOC,1,,,
XUHPOJ,2,,,
XUHPUP,2,,,
XUHQAW,2,,,
XUJBOX,1,,,
XUJJEV,1,,,
XUJYUW,1,,,
XUKFIW,1,,,
XUKTOP,1,,,
XUKXIK,2,,,
XULFOD,1,,,
XUMLIA,1,,,
XUMTUU,1,,,
XUMVAC,1,,,
XUNLEX,1,,,
XUNLIB,2,,,
XUNLUN,2,,,
XUNQOM,2,,,
XUPRUX,1,,,
XUQFIY,1,,,
XURBIY,1,,,
XURGAW,1,,,
XURHOH,1,,,
XUSGIF,2,,,
XUSGUP,1,,,
XUSNAE,1,,,
XUSNAE01,1,,,
XUSSUC,1,,,
XUSTAJ,1,,,
XUSVEN02,1,,,
XUTWES,2,,,
XUVJEG,1,,,
XUVJIK,1,,,
XUVMOU,2,,,
XUVZOD,1,,,
XUWDAW,1,,,
XUWLEK,2,,,
XUWLIO,2,,,
XUWLOU,2,,,
XUWLUA,2,,,
XUXDEC,2,,,
XUXFEC,1,,,
XUXHOO,1,,,
XUYDOL,1,,,
XUYFEF,2,,,
XUYFOP,2,,,
XUZCAY01,1,,,
XUZFAB01,1,,,
XUZKOU,2,,,
XUZLOU,2,,,
XUZTOB,2,,,
XUZTUH,1,,,
XZHCBH,2,,,
YABFOA,2,,,
YABFUG,2,,,
YABGER,2,,,
YABLIB,2,,,
YABQOL,1,,,
YABWIH,1,,,
YACGIV,1,,,
YACRON,1,,,
YADMAS,2,,,
YADTOQ,2,,,
YADVAE,2,,,
YADVEI,2,,,
YAFCEO,1,,,
YAFDOZ,1,,,
YAFFOB,2,,,
YAFLOH,1,,,
YAFLUN,1,,,
YAFZEN,1,,,
YAGKOG10,1,,,
YAGVEH,1,,,
YAGWIQ,1,,,
YAGWOW,1,,,
YAGWUC,1,,,
YAGXAJ,1,,,
YAHJEZ,1,,,
YAHJID,1,,,
YAHKEA,1,,,
YAHVOS01,1,,,
YAJNON,2,,,
YAJNON01,2,,,
YAJNUT,2,,,
YAJPAB,2,,,
YAJWIQ,1,,,
YAJWOW,1,,,
YAJXEO,1,,,
YAKNIJ,2,,,
YAKPEH,1,,,
YAKRIO,1,,,
YAKXIV,1,,,
YALMOP,1,,,
YALMUV,1,,,
YALQOU,1,,,
YALQUA,1,,,
YALRAH,1,,,
YALREL,1,,,
YALRIP,1,,,
YAPPOW,1,,,
YAPPUC,1,,,
YAPSUD,2,,,
YAPTAK,2,,,
YAPXET,2,,,
YAPYEV,2,,,
YAQVAQ,1,,,
YARJAD,1,,,
YARMUC,1,,,
YARNAJ,1,,,
YARNEN,1,,,
YARWUN,1,,,
YARXAU,1,,,
YARXEY,1,,,
YARXIC,1,,,
YARXOI,1,,,
YARXUO,1,,,
YARYAV,1,,,
YASGOP,1,,,
YASWAR,1,,,
YATDAB,1,,,
YATDEF,1,,,
YATDIJ,1,,,
YAVQAN,2,,,
YAVWUP,1,,,
YAWGEK,1,,,
YAXMEQ,1,,,
YAXMUG,1,,,
YAXNAN,1,,,
YAXNER,1,,,
YAXNIV,1,,,
YAXNOB,1,,,
YAXNUH,1,,,
YAXPAP,1,,,
YAXPET,1,,,
YAXPIX,1,,,
YAXPOD,1,,,
YAXQIX,1,,,
YAYHUB,1,,,
YAZPAU,2,,,
YAZPIC,2,,,
YEBLUO,1,,,
YEBMAV,1,,,
YECPON,1,,,
YECVEK,2,,,
YEDGET,1,,,
YEDNAZ,2,,,
YEFSUZ,2,,,
YEGBUI,2,,,
YEGDIY,1,,,
YEGFOH,1,,,
YEGNIH,2,,,
YEGROV,1,,,
YEGVIP,1,,,
YEGVIP01,1,,,
YEGVOZ,1,,,
YEHJIF,2,,,
YEKJAD,1,,,
YEKJEH,1,,,
YEKKEG,2,,,
YEKVUG,2,,,
YEKXIW,1,,,
YEKYEV,1,,,
YEKYIZ,1,,,
YEKYOF,1,,,
YELFIE,1,,,
YELJEE,1,,,
YELKOQ,1,,,
YELKUW,1,,,
YELSIV,2,,,
YENPIQ,1,,,
YENQER,1,,,
YENQIV,1,,,
YENRUI,1,,,
YENVOC,1,,,
YENZAS,2,,,
YEPHIN,1,,,
YEQBEC,1,,,
YEQFUZ,2,,,
YERFIO,1,,,
YERGAD,1,,,
YERHOT,1,,,
YERHUZ,1,,,
YERSIA,1,,,
YESREU,1,,,
YESROE,1,,,
YESSAR,1,,,
YETKAJ,1,,,
YETKEN,2,,,
YETWIG,1,,,
YEVCAD,1,,,
YEVHIU,1,,,
YEVMAR,2,,,
YEVMEV,2,,,
YEVMOF,2,,,
YEVMUL,2,,,
YEVNAS,2,,,
YEVNEW,2,,,
YEVTAX,1,,,
YEVTUS,2,,,
YEVVAA,2,,,
YEVVED,1,,,
YEVVEE,2,,,
YEVVIH,1,,,
YEVVII,2,,,
YEVVOO,2,,,
YEVVUU,2,,,
YEVWEF,2,,,
YEVWOP,2,,,
YEXJIV,1,,,
YEXNEW,1,,,
YEYCUD,1,,,
YEYDIT,2,,,
YEYDOZ,2,,,
YEYDUF,2,,,
YEYFAN,2,,,
YEYFER,2,,,
YEYPOJ,1,,,
YEYYOT,1,,,
YEZKIY,1,,,
YEZLOH,1,,,
YEZLUN,1,,,
YEZLUN01,1,,,
YEZMAU,1,,,
YEZMIC,1,,,
YEZMOI,1,,,
YEZMUO,1,,,
YEZNAV,1,,,
YIBRUX,2,,,
YIBSAE,2,,,
YIBSEI,2,,,
YIBWIS,2,,,
YICMAA,1,,,
YICMEE,1,,,
YIDQOV,2,,,
YIFTOA,1,,,
YIFTUG,1,,,
YIGNOT,1,,,
YIGPOW,2,,,
YIGQEN,2,,,
YIJDIE,1,,,
YIKTEV,2,,,
YIKTIZ,2,,,
YIKTOE,1,,,
YIKTUK,1,,,
YILBED,1,,,
YILCII,1,,,
YIMCUW,1,,,
YIMVEX,1,,,
YIMZAV,1,,,
YIMZAV01,1,,,
YINFEG,1,,,
YINFIK,1,,,
YINFUW,1,,,
YIPYED,1,,,
YIQBEH,1,,,
YIQJEN,1,,,
YIQJEN01,1,,,
YIQZAD,1,,,
YIQZOR,1,,,
YIRPIA,1,,,
YITDUB,1,,,
YITFAJ,1,,,
YITFIT,1,,,
YITZEG,1,,,
YITZIK,1,,,
YIVKEU,1,,,
YIVKOE,1,,,
YIVKUK,1,,,
YIVNOG,1,,,
YIWFUI,1,,,
YIWHOB,1,,,
YIWHOB01,1,,,
YIWKOE,1,,,
YIXKOH,1,,,
YIXKUN,1,,,
YIXPUS,1,,,
YIYJUN,1,,,
YIYWOU,1,,,
YIYWUA,1,,,
YIZCEP,1,,,
YIZPEE,1,,,
YIZSAD,1,,,
YIZSAE,2,,,
YIZTEG,1,,,
YOBDUR,2,,,
YOBFAZ,2,,,
YOBFED,2,,,
YOCJEH,1,,,
YOCPUB,1,,,
YOCRAJ,2,,,
YODLIO,1,,,
YODMIR,1,,,
YODXOI,1,,,
YOFQIU,1,,,
YOHDOQ,1,,,
YOHSIA,1,,,
YOJDAG,1,,,
YOKBUZ,1,,,
YOKCEK,1,,,
YOKCIO,1,,,
YOKCOU,1,,,
YOKHUB,2,,,
YOKWUQ,1,,,
YOKWUQ01,1,,,
YOKZON,1,,,
YONGUG,1,,,
YONYIN,1,,,
YOPGOC,1,,,
YOPGUI,1,,,
YORHOC,1,,,
YOSDUJ,2,,,
YOSYAJ,2,,,
YOSYEN,2,,,
YOSYIR,2,,,
YOSYOX,2,,,
YOTSAC,1,,,
YOWJAX,1,,,
YOWJIF,2,,,
YOWJOL,2,,,
YOWJUR,2,,,
YOXTAI,1,,,
YOXTEK,1,,,
YOZYAQ,1,,,
YOZYIY,1,,,
YOZYOE,1,,,
YUBPUH,1,,,
YUBQAO,1,,,
YUBQES,1,,,
YUCDEI,1,,,
YUCWAW,1,,,
YUCYOK,1,,,
YUDNIU,1,,,
YUDNOA,1,,,
YUDVAX,1,,,
YUDZUW,1,,,
YUFBAG,1,,,
YUFBUX,1,,,
YUFCAE,1,,,
YUFCEI,1,,,
YUFQAS,1,,,
YUFQIA,1,,,
YUFRUQ,1,,,
YUHMAT,1,,,
YUHMEX,1,,,
YUHMIB,1,,,
YUHNUN,1,,,
YUHRIG,1,,,
YUHTON,1,,,
YUHTUT,1,,,
YUHVAB,1,,,
YUHVEF,1,,,
YUHVUV,2,,,
YUHVUV01,2,,,
YUKXIL,1,,,
YUMCIT,1,,,
YUMCUF,1,,,
YUMDAM,1,,,
YUMDUI,2,,,
YUMGAS,2,,,
YUMGEW,2,,,
YUMKUP,2,,,
YUNSIJ,1,,,
YUNXIR,1,,,
YUNXOV,1,,,
YUPBAN01,1,,,
YUPBER,1,,,
YUPTIM,2,,,
YURRIM,1,,,
YURROS,1,,,
YURSAG,2,,,
YURSAH,1,,,
YURVUD,1,,,
YUSKAC,2,,,
YUSRAH,1,,,
YUSREL,1,,,
YUSSEN,2,,,
YUSXIU,1,,,
YUTFOK,1,,,
YUTPIP,1,,,
YUTPOV,1,,,
YUTSIT,1,,,
YUTYUH,1,,,
YUTZAO,1,,,
YUVDIE,1,,,
YUVVIX,2,,,
YUWVES,1,,,
YUXNOW,2,,,
YUXNUC,2,,,
YUXPAK,2,,,
YUXPEO,2,,,
YUXTUK,1,,,
YUXVAS,1,,,
YUXVEW,1,,,
YUXVIA,1,,,
YUXYUM,1,,,
YUYFIJ,1,,,
YUYFOP,1,,,
YUYFUV,1,,,
YUYGAC,1,,,
YUYGEG,1,,,
YUYGIK,1,,,
YUYGIM,2,,,
YUYJIN,1,,,
YUYJOT,1,,,
YUYJOU,1,,,
YUYJUZ,1,,,
ZABZAI,2,,,
ZACBEP,2,,,
ZADJOD,1,,,
ZAFNON,1,,,
ZAFNUT,1,,,
ZAFPAB,1,,,
ZAFPEF,1,,,
ZAGDEV,2,,,
ZAGNOO,1,,,
ZAGXEO,1,,,
ZAGXIS,1,,,
ZAGXOY,2,,,
ZAGXUE,2,,,
ZAGYAL,2,,,
ZAGYEP,2,,,
ZAGYOZ,2,,,
ZAHMIE,2,,,
ZAHRAB,1,,,
ZAHXAL,1,,,
ZAJCIZ,1,,,
ZAJCOF,1,,,
ZAJDAS,1,,,
ZAJDUJ,1,,,
ZAJHIF,1,,,
ZAJHOL,1,,,
ZAJHUR,1,,,
ZAJJAZ,1,,,
ZAJJED,1,,,
ZAJKUQ,1,,,
ZAJLEF,1,,,
ZAJPAB,1,,,
ZAKJII,1,,,
ZAKJOO,1,,,
ZALHAV,2,,,
ZALHEZ,2,,,
ZALKUW,2,,,
ZALXIX,2,,,
ZAMDOJ,1,,,
ZAMDUP,1,,,
ZANHUV,2,,,
ZANJAD,2,,,
ZANJEH,2,,,
ZANXAQ,1,,,
ZAPHUT,1,,,
ZAPJOP,1,,,
ZAPJOR,1,,,
ZAPKIK,2,,,
ZAPKUY,1,,,
ZAPYAS,1,,,
ZAPYAS01,1,,,
ZAQMIN,2,,,
ZAQSUF,2,,,
ZAQTAM,2,,,
ZARHAD,1,,,
ZARJAG,1,,,
ZARKEI,1,,,
ZARMAJ,1,,,
ZARXEY,2,,,
ZARXIC,2,,,
ZARZOH,1,,,
ZASQAO,2,,,
ZASQES,2,,,
ZASRUJ,1,,,
ZASYAX,1,,,
ZASYEB,1,,,
ZASYOL,1,,,
ZATDUX,1,,,
ZATJEL,1,,,
ZAWHAJ,1,,,
ZAWHEN,1,,,
ZAXPIA,1,,,
ZAXPOG,1,,,
ZAYDAI,1,,,
ZAYDOW,1,,,
ZAYDUC,1,,,
ZAYGUD,1,,,
ZAYHAK,1,,,
ZAYHEO,1,,,
ZAYKUI,1,,,
ZAYLAP,1,,,
ZAYLIX,1,,,
ZAYVAZ,2,,,
ZAYVED,2,,,
ZAZQOJ,1,,,
ZAZSEA,1,,,
ZAZSOM,1,,,
ZAZYUW,1,,,
ZEBZOV,1,,,
ZECMUP,2,,,
ZECMUP01,2,,,
ZEDPIL,2,,,
ZEDPOR,2,,,
ZEDPUX,2,,,
ZEDQAE,2,,,
ZEDQEI,2,,,
ZEDQIM,2,,,
ZEDQOS,2,,,
ZEDQUY,2,,,
ZEDREJ,2,,,
ZEGMIK,1,,,
ZEHDEV,2,,,
ZEHGIC,1,,,
ZEJHOL,1,,,
ZEJHUR,1,,,
ZEJJAZ,1,,,
ZEKTUH,1,,,
ZELDID,2,,,
ZEMHEE,1,,,
ZEMYEZ,1,,,
ZENMOY,1,,,
ZEPSOE,2,,,
ZESGOX,1,,,
ZESGUD,1,,,
ZESHEO,1,,,
ZESHIS,1,,,
ZESHOY,1,,,
ZESHUE,1,,,
ZESJAM,1,,,
ZESJEQ,1,,,
ZESJIU,1,,,
ZESJOA,1,,,
ZESJUG,1,,,
ZETNAQ,1,,,
ZETNEU,1,,,
ZEVCUB,1,,,
ZEVHEQ,1,,,
ZEVPAR,1,,,
ZEWHIS,1,,,
ZEWREA,1,,,
ZEWZOT,1,,,
ZEWZOT01,1,,,
ZEYJAS,1,,,
ZEYXOS,1,,,
ZEYXOT,1,,,
ZEYXUY,1,,,
ZEYZAH,1,,,
ZEZFAO,2,,,
ZEZRAB,1,,,
ZIBWIQ,1,,,
ZIBWOW,1,,,
ZICHUQ,1,,,
ZICJOK,1,,,
ZICJOK01,1,,,
ZIDLIH,1,,,
ZIDPAD,2,,,
ZIDZEV,1,,,
ZIGWEV,1,,,
ZIGWIZ,1,,,
ZIGWIZ01,1,,,
ZIJQOY01,1,,,
ZIJQOY02,1,,,
ZILGIK,2,,,
ZILGOQ,2,,,
ZILHIP,1,,,
ZILPIX,1,,,
ZILPOD,1,,,
ZILQAQ,1,,,
ZILSEW,1,,,
ZIMKAK,1,,,
ZIMSIA,1,,,
ZIMTIB,1,,,
ZINBEH,1,,,
ZINBIL,1,,,
ZINBOR,1,,,
ZINBUX,1,,,
ZINCAE,1,,,
ZIPCAC,1,,,
ZIPCEG,1,,,
ZIPTUQ,1,,,
ZIPXIF,1,,,
ZIPYIJ,1,,,
ZIPYOM,1,,,
ZIPYOP,1,,,
ZIQMAQ,1,,,
ZIQMEU,1,,,
ZIQMIY,1,,,
ZIQMOE,1,,,
ZIQXOP,1,,,
ZIRNUJ,1,,,
ZIVQUT,1,,,
ZOCKAH,1,,,
ZOCKEL,1,,,
ZOCTAM,1,,,
ZODFEF,1,,,
ZOFRAQ,1,,,
ZOGDUW,1,,,
ZOGNEQ,2,,,
ZOHXIF,1,,,
ZOKFEN,1,,,
ZOKFOX,1,,,
ZOKNOF,1,,,
ZOKPAT,1,,,
ZOKPEX,1,,,
ZOLTUP,1,,,
ZOLVAX,1,,,
ZOMLIZ,1,,,
ZOMPID,2,,,
ZONXEI,1,,,
ZOPZAI,1,,,
ZOQCAL,2,,,
ZOQQED,2,,,
ZOQREE,2,,,
ZORPAB,2,,,
ZOVCEW,1,,,
ZOVYOC,1,,,
ZOWDAQ,1,,,
ZOWGIF,1,,,
ZOXJAA,1,,,
ZOXNOR,1,,,
ZOYQAI,1,,,
ZOZTUD,1,,,
ZUCGOW,1,,,
ZUCNOC,2,,,
ZUCNUI,2,,,
ZUCPAQ,2,,,
ZUCPEU,2,,,
ZUCZEF,1,,,
ZUCZIJ,1,,,
ZUDHOY,1,,,
ZUDJEQ,1,,,
ZUDJIU,1,,,
ZUDZOR,1,,,
ZUDZOR01,1,,,
ZUFCEM,1,,,
ZUFGIU,1,,,
ZUFQEA,1,,,
ZUFVEB,2,,,
ZUFVON,1,,,
ZUGMOH,1,,,
ZUHJEV,1,,,
ZUHQAX,1,,,
ZUHQEB,1,,,
ZUHQIF,1,,,
ZUKROP,1,,,
ZULHIZ,1,,,
ZUNHUO,2,,,
ZUNJAW,2,,,
ZUPDEX,1,,,
ZUPHUP,2,,,
ZUPJAX,2,,,
ZUPJEB,2,,,
ZUPJIF,2,,,
ZUPJOL,2,,,
ZUPJUR,2,,,
ZUPKEC,2,,,
ZUPKIG,2,,,
ZUPVAJ,1,,,
ZUPVEN,1,,,
ZUPVIR,1,,,
ZUPVOX,1,,,
ZUPVUD,1,,,
ZUQPAF,1,,,
ZURXUH,2,,,
ZURYAO,2,,,
ZURYES,2,,,
ZUSSOV,1,,,
ZUSYOB,1,,,
ZUTHII,1,,,
ZUTSIS,1,,,
ZUVFIF,1,,,
ZUVFOL,1,,,
ZUVGIJ,1,,,
ZUVNOW,1,,,
ZUVNUC,1,,,
ZUVXUJ,1,,,
ZUVYAQ,1,,,
ZUVZAT,1,,,
ZUVZEX,1,,,
ZUVZIB,1,,,
ZUWLEM,1,,,
ZUWLIQ,1,,,
ZUWLUC,1,,,
ZUYPAO,1,,,
ZUYPUG,2,,,
ZUYQAN,2,,,
ZUZGIM,1,,,
ZUZGOS,1,,,
AMEWOG,1,,,
AMEWUM,1,,,
AMIWUS,1,,,
AMOTOM,1,,,
AMPIAB11,1,,,
AMUHOJ,1,,,
ANANIO,1,,,
ANANOU,1,,,
ANANUA,1,,,
ANCRBA01,1,,,
ANETAQ,1,,,
ANETIY,1,,,
ANIHIQ,1,,,
ANIJAK,1,,,
ANIQUK,1,,,
ANIRAR,1,,,
ANIREV,1,,,
ANIRIZ,1,,,
ANIROF,1,,,
ANIRUL,1,,,
ANNULE01,1,,,
ANNULE10,1,,,
ANOVIJ,1,,,
ANOVOP,1,,,
ANULEN,1,,,
ANULEN01,1,,,
ANULEN02,1,,,
ANULEN03,1,,,
APANIP,1,,,
APANOV,1,,,
APANUB,1,,,
APAXAS,1,,,
APEPIV,1,,,
APEPOB,1,,,
APEPUH,1,,,
APEQAO,1,,,
APEYUS,1,,,
APEZED,1,,,
APIWOM,1,,,
APIXII,1,,,
APIYUV,1,,,
APIZOQ,1,,,
APUBAR,1,,,
APUCEW,1,,,
APUFUN,1,,,
APUNOR,1,,,
APUTIR,1,,,
AQACEB,1,,,
AQACIF,2,,,
AQACOL,2,,,
AQACUR,2,,,
AQAFIH,1,,,
AQAKOU,1,,,
AQAKUA,1,,,
AQALAH,1,,,
AQEYUQ,1,,,
AQILOB,1,,,
AQIQOI,1,,,
AQOHEV,1,,,
AQOHIZ,1,,,
AQOHOF,1,,,
AQUDAR,1,,,
AQUDIA,1,,,
AQUFEY,1,,,
AQUKEF,1,,,
AQUKIJ,1,,,
ARAHOS,1,,,
ARAQOC,1,,,
ARAQUI,1,,,
ARAVUN,1,,,
ARELAK,1,,,
ARORUV,1,,,
AROSAC,1,,,
AROWUC,1,,,
ARUGIG,1,,,
ARUNEG,1,,,
ARUQOU,1,,,
ARUQUA,1,,,
ARURAI,1,,,
ARUVIU,1,,,
ARUVUE,1,,,
ARUXOC,1,,,
ASAKAI,1,,,
ASAQEQ,1,,,
ASAYIF,1,,,
ASEVUP,1,,,
ASEXAA,1,,,
ASISIG,1,,,
ASIWII,1,,,
ASIWOO,1,,,
ASIWUU,1,,,
ASIXEF,1,,,
ASIXEF01,1,,,
ASONOM,1,,,
ASONOM01,1,,,
ASOSAD,1,,,
ASPERD,1,,,
ASUHOM,1,,,
ASUJEF,1,,,
ASUKOR,1,,,
ASUKUX,1,,,
ASUNAD,1,,,
ATAGOT,1,,,
ATALEN,1,,,
ATAMIR,1,,,
ATAWUO,2,,,
ATAZEC,1,,,
ATAZIG,1,,,
ATAZUQ,1,,,
ATEHUC01,1,,,
ATELIV,1,,,
ATEMIW,1,,,
ATEVIG,1,,,
ATEWEC,1,,,
ATEZAB,1,,,
ATEZOO,1,,,
ATEZUU,1,,,
ATIFEP,1,,,
ATIHAM,1,,,
ATIXIL,1,,,
ATOFIZ,1,,,
ATOHIC,1,,,
ATOHUN,1,,,
ATOJAV,1,,,
ATOJEZ,1,,,
ATOKAY,1,,,
ATOKEC,1,,,
ATOPAD,1,,,
ATOPEH,1,,,
ATUFOM,1,,,
ATUGED,1,,,
ATUJUU,1,,,
ATUKAB,1,,,
ATUKEF,1,,,
ATUVIV,1,,,
ATUVIX,1,,,
ATUVOB,1,,,
ATUVUH,1,,,
ATUWAO,1,,,
ATUYOD,1,,,
AVAFOU,1,,,
AVAFUA,1,,,
AVAGAH,1,,,
AVAGEL,1,,,
AVAJIQ,1,,,
AVAJOW,1,,,
AVAJUC,1,,,
AVAKAJ,1,,,
AVAWOJ,1,,,
AVAZIH,1,,,
AVAZON,1,,,
AVEGIS,1,,,
AVEGOY,1,,,
AVEMEV,1,,,
AVEREY,1,,,
AVEZUW,1,,,
AVICAK,1,,,
AVICEO,1,,,
AVICOY,1,,,
AVILAS,1,,,
AVILIA,1,,,
AVILUM,1,,,
AVIMAT,1,,,
AVIMIB,1,,,
AVIMOH,1,,,
AVOKAZ,1,,,
AVUMUC,2,,,
AVUNAJ,2,,,
AVUNEN,2,,,
AVUNIR,2,,,
AVUXUM,1,,,
AWALOB,2,,,
AWALUH,2,,,
AWAMAO,2,,,
AWAMES,2,,,
AWAMIW,2,,,
AWAPOG,1,,,
AWAPUM,1,,,
AWATOH,1,,,
AWATUN,1,,,
AWERIF,1,,,
AWETAZ,1,,,
AWILID02,1,,,
AWITOP,2,,,
AWONOP,1,,,
AWOYOD,1,,,
AWUYEW,1,,,
AWUYIA,1,,,
AXATAW,1,,,
AXAVUS,1,,,
AXAWAZ,1,,,
AXIDAM,1,,,
AXIDEQ,1,,,
AXIDIU,1,,,
AXIDOA,1,,,
AXIXAI,1,,,
AXIXEM,1,,,
AXIXIQ,1,,,
AXIXOW,1,,,
AXIXUC,1,,,
AXIXUD,1,,,
AXIYIS,1,,,
AXOFAX,1,,,
AXOFEB,1,,,
AXOHIG,1,,,
AXOMAE,1,,,
AXOMEI,1,,,
AXOMIM,1,,,
AXONIK,1,,,
AXOVOZ,1,,,
AXOWEP,1,,,
AXOWIT,1,,,
AXOWOA,2,,,
AXUVOE,1,,,
AXUYIB,1,,,
AYAJES,1,,,
AYATUP,1,,,
AYAVAX,1,,,
AYAVEB,1,,,
AYAVIF,1,,,
AYAVOL,1,,,
AYAVUR,1,,,
AYAWAY,1,,,
AYAWEC,1,,,
AYAWIG,1,,,
AYAWUS,1,,,
AYAXAZ,1,,,
AYAXON,1,,,
AYAXUT,1,,,
AYAYEE,1,,,
AYAYUU,1,,,
AYAZOP,1,,,
AYEBAH,1,,,
AYEBEL,1,,,
AYELAU,1,,,
AYESOO,1,,,
AYEYEI,1,,,
AYIBAL,1,,,
AYIBEP,1,,,
AYOQEK,1,,,
AYORUB,1,,,
AYUMEP,1,,,
AZAOCA,1,,,
AZAOCA10,1,,,
AZAWEF,1,,,
AZAWIJ,1,,,
AZDODC,1,,,
AZENID,1,,,
AZENOJ,1,,,
AZEQII,1,,,
AZEQOO,1,,,
AZEQUU,1,,,
AZERAB,1,,,
AZEREF,1,,,
AZERIJ,1,,,
AZEROP,1,,,
AZEVUY,1,,,
AZEWAF,1,,,
AZEWIN,1,,,
AZILON,1,,,
AZOMEH,1,,,
AZOMIL,1,,,
AZOPOV,1,,,
AZOWUH,1,,,
AZOXHD10,1,,,
AZTCHE10,1,,,
AZUYEZ,1,,,
AZUYID,1,,,
BABDAO,1,,,
BABFAQ,1,,,
BABFUH,1,,,
BABJUN,1,,,
BABMAV,1,,,
BABTOS,1,,,
BABTUY,1,,,
BABVAG,1,,,
BABVEK,1,,,
BABVIO,1,,,
BABVOU,1,,,
BABVUA,1,,,
BABXUC,1,,,
BABYAJ,1,,,
BABYEN,1,,,
BACGIA,1,,,
BACGOG,1,,,
BACGUI,1,,,
BACGUM,1,,,
BACHIA,1,,,
BACHOG,1,,,
BACHUM,1,,,
BACHUN,1,,,
BACJAU,1,,,
BACKIA,1,,,
BACKOG,1,,,
BACSUT,1,,,
BACTEE10,1,,,
BACWAG,1,,,
BACWEK,1,,,
BADDOZ,1,,,
BADDOZ01,1,,,
BADQOP,1,,,
BAFFOH,1,,,
BAFFUN,1,,,
BAFGAU,1,,,
BAFPOO,1,,,
BAGFIC,1,,,
BAGKIG,1,,,
BAGRAG,1,,,
BAGRAH,1,,,
BAHBAO,1,,,
BAHCAR,1,,,
BAHDEU,1,,,
BAHPUV,1,,,
BAHSOV,1,,,
BAHSUB,1,,,
BAHTAI,1,,,
BAJFIE,1,,,
BAJGAX,1,,,
BAJGEB,1,,,
BAJGIF,1,,,
BAJVEP,1,,,
BAKHED,1,,,
BAKHUT,1,,,
BAKJOQ,1,,,
BAKJUS,1,,,
BAKSIQ,1,,,
BAKSOW,1,,,
BAKWOD,1,,,
BAKYIW,1,,,
BALCEX,1,,,
BALCIB,1,,,
BALFAX,2,,,
BALFIF,1,,,
BALFOL,1,,,
BALFUR,1,,,
BALHAX,1,,,
BALHEC,1,,,
BALHEC03,1,,,
BALJAD,1,,,
BALLEF,1,,,
BALLEF01,1,,,
BALNAH,1,,,
BALROX,1,,,
BALTOZ,1,,,
BALVEQ,1,,,
BAMDUQ,1,,,
BAMGIF10,1,,,
BAMRUC,1,,,
BAMRUC01,1,,,
BAMSOA,1,,,
BANGUS,1,,,
BANHUX,1,,,
BANJEJ,1,,,
BANJIN,1,,,
BANKAC,1,,,
BANLEI,1,,,
BANMIP,1,,,
BANRUG,1,,,
BANYAS,1,,,
BANYAS01,1,,,
BAPPAK,1,,,
BAPQOA,1,,,
BAQGEF,1,,,
BAQGIJ,1,,,
BAQNAM,1,,,
BAQNEQ,1,,,
BAQQUJ,1,,,
BAQRIV,1,,,
BARLUB01,1,,,
BARYOI,1,,,
BASDOR,1,,,
BASDUX,1,,,
BASJUA,1,,,
BASMUH,1,,,
BASROD,1,,,
BASROG,1,,,
BASRUJ,1,,,
BASSAQ,1,,,
BASWIC,1,,,
BASWIC01,1,,,
BASXUO,1,,,
BASYAW,1,,,
BASYEA,1,,,
BASYIE,1,,,
BASYUQ,1,,,
BASZEE,1,,,
BATKUE,1,,,
BATQUK,1,,,
BATWUP,1,,,
BATWUP01,1,,,
BATYOL,1,,,
BATYOL01,1,,,
BATYUR,1,,,
BATYUS,1,,,
BAVPUJ,1,,,
BAVQAQ,1,,,
BAVQIY,1,,,
BAVQUK,1,,,
BAVSUM,1,,,
BAVSUM01,1,,,
BAWCAD,1,,,
BAWHOX,1,,,
BAWHUD,1,,,
BAWJAL,1,,,
BAWPEX,1,,,
BAWXAB,1,,,
BAWYUW,1,,,
BAXBUB,1,,,
BAXCUY,1,,,
BAXNOD,1,,,
BAXPEX,1,,,
BAXWOQ,1,,,
BAYHUE,1,,,
BAYSOJ,1,,,
BAYWUU,1,,,
BAYXAB,1,,,
BAYZUW,1,,,
BAZBAF,1,,,
BAZBUC,1,,,
BAZCAJ,1,,,
BAZDEN,2,,,
BAZFAK,2,,,
BAZFEO,2,,,
BAZFIS,2,,,
BAZFUE,2,,,
BAZGAL,2,,,
BAZGER,1,,,
BCHTOC,1,,,
BDAZCT10,1,,,
BDEHAN10,1,,,
BEBBIT,1,,,
BEBJOK,1,,,
BEBNED,2,,,
BEBNIH,2,,,
BEBPAB,2,,,
BECMAZ,1,,,
BECMIH,1,,,
BECNII,1,,,
BECNOO,1,,,
BECNUU,1,,,
BECNUU01,1,,,
BECPAC,1,,,
BECPAC01,1,,,
BECPEG,1,,,
BEDGEZ,1,,,
BEDHOK,1,,,
BEDKIG,1,,,
BEDMAY,1,,,
BEDNAZ,1,,,
BEDNED,1,,,
BEDNIH,1,,,
BEDPIM,1,,,
BEDPOS,1,,,
BEFJUR,1,,,
BEFYIY,2,,,
BEGCAS,1,,,
BEGKEF,1,,,
BEGSEN,1,,,
BEGTIR,1,,,
BEGTUD,1,,,
BEGVAL,1,,,
BEGVEP,1,,,
BEGVOZ,1,,,
BEGWAM,1,,,
BEGYIW,1,,,
BEGYOC,1,,,
BEGYUI,1,,,
BEGZAP,1,,,
BEHFIE,1,,,
BEHGAZ,1,,,
BEHGUR,1,,,
BEHTEN,1,,,
BEHTUF,1,,,
BEHVAN,1,,,
BEHVER,1,,,
BEHVIV,1,,,
BEHWES,1,,,
BEHXUI,2,,,
BEHYUK,1,,,
BEHZAR,1,,,
BEJGUU,1,,,
BEJKEG,1,,,
BEJYOF,1,,,
BEKVES,2,,,
BEKVOG,1,,,
BELCIE,1,,,
BELDOL,1,,,
BELWEV,1,,,
BELYUN,1,,,
BELYUN01,1,,,
BEMDAB,1,,,
BEMSAQ,1,,,
BEMVEW,1,,,
BEMWEV,1,,,
BEMWEV01,1,,,
BENDUU,1,,,
BENJEM,1,,,
BENJIQ,1,,,
BENJOW,1,,,
BENJUC,1,,,
BENKAJ,1,,,
BENKEN,1,,,
BENKIR,1,,,
BENKOX,1,,,
BENKUD,1,,,
BENLAK,1,,,
BENLEO,1,,,
BENLIS,1,,,
BENLOY,1,,,
BENLUE,1,,,
BENMAL,1,,,
BENMEP,1,,,
BENMIT,1,,,
BENMOZ,1,,,
BENPIU,1,,,
BENRIX,1,,,
BENROD,1,,,
BENSEW,1,,,
BENSOG,1,,,
BENSUM,1,,,
BENTAT,1,,,
BENTIB,1,,,
BENTOH,1,,,
BENTUN,1,,,
BENVAV,1,,,
BENVEZ,1,,,
BENVID,1,,,
BENVOJ,1,,,
BENVUP,1,,,
BENWAW,1,,,
BENWEA,1,,,
BENWIE,1,,,
BENWOK,1,,,
BENWUQ,1,,,
BENXAX,1,,,
BENXEB,1,,,
BENXIF,1,,,
BENXOL,1,,,
BEPKEM,1,,,
BEPXUR,1,,,
BEPYAY,1,,,
BEQYIG,1,,,
BERCUW,1,,,
BERJAL,1,,,
BERJIT,1,,,
BERKAM,1,,,
BERMOA,1,,,
BERNIY,1,,,
BESCEI,1,,,
BESCIM,1,,,
BESMAR,1,,,
BESVUQ,1,,,
BESZAB,1,,,
BETJAP,2,,,
BETJET,2,,,
BETJIX,2,,,
BETSAY,1,,,
BETTID,1,,,
BETTID01,1,,,
BETYOP,1,,,
BETZAC,1,,,
BETZIK,1,,,
BEVBEL,1,,,
BEVZEL,1,,,
BEWNUP,1,,,
BEWXAD,1,,,
BEWXEH,1,,,
BEXDUD01,1,,,
BEXMOJ,1,,,
BEXQII,1,,,
BEXRAB,1,,,
BEXWUY,1,,,
BEYBOZ,1,,,
BEYBUF,1,,,
BEYCAM,1,,,
BEYCEQ,1,,,
BEYMOI,1,,,
BEYMUO,1,,,
BEYSIK,1,,,
BEYSIK01,1,,,
BEYXEI,1,,,
BEZCOB,1,,,
BHPMYC01,1,,,
BHPMYC04,1,,,
BHPMYC07,1,,,
BIBLIK,1,,,
BIBNEF,1,,,
BIBQUY,1,,,
BIBSIO,1,,,
BIBSOU,1,,,
BIBWAL,1,,,
BIBWOA,1,,,
BIBWUG,1,,,
BICFIE,1,,,
BICFOK,1,,,
BICFUQ,1,,,
BICFUQ01,1,,,
BICFUQ02,1,,,
BICRAH,1,,,
BICRIP,1,,,
BICVAN,1,,,
BIDJAB,1,,,
BIDJEG,1,,,
BIDJIK,1,,,
BIDJOP,1,,,
BIDKAD,1,,,
BIDKIK,1,,,
BIDLEI,1,,,
BIDLIM,1,,,
BIDPIN10,1,,,
BIDPOT10,1,,,
BIDPUC,1,,,
BIDQAJ,1,,,
BIDQEN,1,,,
BIDVAN,1,,,
BIDWUG,1,,,
BIDXIZ,1,,,
BIDXOF,1,,,
BIDXUL,1,,,
BIDYIZ,1,,,
BIDYOF,1,,,
BIDYUL,1,,,
BIDZAS,1,,,
BIDZEW,1,,,
BIDZIA,1,,,
BIFCIC,1,,,
BIFYOF,1,,,
BIFZUL,1,,,
BIFZUL01,1,,,
BIFZUL02,1,,,
BIGBAU,1,,,
BIGXEW,1,,,
BIGXIA,1,,,
BIHJAF,1,,,
BIHQEP,2,,,
BIHQIT,2,,,
BIHQOZ,2,,,
BIHVAT,1,,,
BIHYAS10,1,,,
BIJSUJ,1,,,
BIJYUP,1,,,
BIJZAW,1,,,
BIJZEA,1,,,
BIKFEH,1,,,
BIKFOR,1,,,
BIKFUX,1,,,
BIKNAO,1,,,
BIKNOC,1,,,
BIKXOJ,1,,,
BILLIT,1,,,
BILPER,1,,,
BILROF,1,,,
BILSUL,1,,,
BILVEX,1,,,
BILVOI,1,,,
BILVUP,1,,,
BILYIE,2,,,
BIMCOT,1,,,
BIMMAP,1,,,
BIMMET,1,,,
BIMSIC,1,,,
BIPBEL,1,,,
BIPVAX,1,,,
BIPWUW,1,,,
BIQLEV,1,,,
BIQMIB,1,,,
BIQRIF,1,,,
BIQROL,1,,,
BIQRUS,1,,,
BIQSAZ,1,,,
BIQXEI,1,,,
BIRROJ,1,,,
BIRSEA,1,,,
BIRSEE,1,,,
BIRSOO,1,,,
BIRTEF,1,,,
BIRWII,1,,,
BISDAI,1,,,
BISVIK,1,,,
BITHEU,1,,,
BITHIY,1,,,
BITYUY,1,,,
BIVCIU,1,,,
BIVCOA,1,,,
BIVCUG,1,,,
BIVJAR,1,,,
BIVJOJ,1,,,
BIVNOJ,1,,,
BIVNOJ10,1,,,
BIWNUQ,1,,,
BIXCAP,1,,,
BIXHOG,1,,,
BIXJEY,1,,,
BIYKAZ,1,,,
BIYNIG01,1,,,
BIYYIT,1,,,
BIZFID,2,,,
BIZFOJ,2,,,
BIZNAB,1,,,
BIZNOO,1,,,
BIZQOU,1,,,
BOBLOU,1,,,
BOBXIC,1,,,
BOBXUN,1,,,
BOBYAU,1,,,
BOBYIC,1,,,
BOCRAQ,1,,,
BOCSAR,1,,,
BOCSEV,1,,,
BOCSIZ,1,,,
BOCSOF,1,,,
BOCSUL,1,,,
BOCTAS,1,,,
BOCTEW,1,,,
BOCZUO01,1,,,
BOCZUO02,1,,,
BODTEW,1,,,
BODTUM,1,,,
BODVAU,1,,,
BODVEY,1,,,
BODVIC,1,,,
BODYUR,1,,,
BOHWIF,1,,,
BOJSOL,1,,,
BOKBUZ,1,,,
BOKDUD,1,,,
BOKTOK,1,,,
BOKXOO,1,,,
BOKYOS,1,,,
BOKYOS02,1,,,
BOKYOS04,1,,,
BOKYUY,1,,,
BOLCOX,1,,,
BOMTEE,1,,,
BOMXAD,1,,,
BONCOY,1,,,
BONJIA,1,,,
BONJOG,1,,,
BONLAT,1,,,
BONYIQ,1,,,
BONZUZ,1,,,
BOPJEW,1,,,
BOPSOQ,1,,,
BOPZIP,1,,,
BOQBUG,1,,,
BOQCAN,1,,,
BOQDIU,2,,,
BOQJUM,1,,,
BOQJUP,1,,,
BOQKAT,1,,,
BOQSAD,1,,,
BORGAT,1,,,
BORQOP,1,,,
BORREL10,1,,,
BORSEG01,1,,,
BOSMAZ,1,,,
BOSMIG,1,,,
BOSYIR,1,,,
BOTFUL,1,,,
BOTPDO,1,,,
BOTZOZ,1,,,
BOVDEX,1,,,
BOVROT,1,,,
BOWFOI,1,,,
BOWPEJ,1,,,
BOWPUB,1,,,
BOWQEM,1,,,
BOWQIQ,1,,,
BOWROU,1,,,
BOWROU10,1,,,
BOWZOC,1,,,
BOWZUM,1,,,
BOXCUN,1,,,
BOXVIW,1,,,
BOZDAY,1,,,
BOZNAJ,2,,,
BOZNEN,2,,,
BOZPOW,1,,,
BOZPUF,2,,,
BOZQAM,2,,,
BOZQEQ,2,,,
BOZQIU,2,,,
BOZQOA,1,,,
BOZQUC,1,,,
BREFEL,1,,,
BREFEL02,1,,,
BREFEL03,1,,,
BREFEL04,1,,,
BREFEL05,1,,,
BREFEL06,1,,,
BUBQIB,1,,,
BUBXUV,1,,,
BUBYAC,1,,,
BUCKOZ,1,,,
BUCMAR,2,,,
BUCMEV,2,,,
BUCMIZ,2,,,
BUCRIA,1,,,
BUCTOJ,1,,,
BUCYEE,1,,,
BUCYII,1,,,
BUCYOO,1,,,
BUCYUU,1,,,
BUCYUU01,1,,,
BUCZAC,1,,,
BUDJEP,1,,,
BUDVOM,1,,,
BUDXAA,1,,,
BUDXUV,2,,,
BUFPIE,1,,,
BUFQAW,1,,,
BUGFIW,1,,,
BUGFUI,1,,,
BUGXIN,1,,,
BUGXOT,1,,,
BUHDUF,1,,,
BUHKUM,1,,,
BUHQEC,1,,,
BUHTUW,1,,,
BUHVAE,1,,,
BUJZOV,1,,,
BUKBEO,1,,,
BUKBEO01,1,,,
BUKHOE,1,,,
BUKHOE10,1,,,
BUKQEG,1,,,
BUKQOO,1,,,
BULBUH,1,,,
BULCAO,1,,,
BULCES,1,,,
BULCIW,1,,,
BULCUK,1,,,
BULFUL,1,,,
BULGEW,1,,,
BULSOS,1,,,
BULSUY,1,,,
BULTEJ,1,,,
BULTIN,1,,,
BULTOT,1,,,
BUNBAO,1,,,
BUNBIW,1,,,
BUNBOC,1,,,
BUNDEV,1,,,
BUNLUV,1,,,
BUNMAC,1,,,
BUNRUY,1,,,
BUPNUX,1,,,
BUQKEF,1,,,
BUQTEQ,1,,,
BURGOO,1,,,
BURGUU,1,,,
BURKIJ,2,,,
BURKOP,2,,,
BURQEM,1,,,
BURQIO,1,,,
BURQOU,1,,,
BURQUA,1,,,
BURYUI,1,,,
BUSHAB,1,,,
BUSQAH,1,,,
BUSQEL,1,,,
BUSQUF,1,,,
BUTLAH,1,,,
BUTLIP,1,,,
BUTZEY,1,,,
BUTZIC,1,,,
BUTZOI,1,,,
BUVQAL,1,,,
BUVQIW,1,,,
BUVQOC,1,,,
BUVQUI,1,,,
BUVRAP,1,,,
BUVRET,1,,,
BUVRIT,1,,,
BUVRIX,1,,,
BUVROD,1,,,
BUVRUJ,1,,,
BUVSAQ,1,,,
BUVSEU,1,,,
BUWLOV,1,,,
BUWXOH,1,,,
BUXPUH,1,,,
BUXWUO,1,,,
BUYNUI,1,,,
BUYPAN,1,,,
BUYPAQ,1,,,
BUYPEU,1,,,
BUYPIV,1,,,
BUYPIY,1,,,
BUYXEA,1,,,
BUYZUS,1,,,
BUYZUT,1,,,
BUZRUJ,1,,,
BXZCPN01,1,,,
BXZCPN02,1,,,
BZAZDC,1,,,
BZAZPN,1,,,
CABDIW,1,,,
CABGAQ,1,,,
CABNAU,1,,,
CABQEF,1,,,
CABROR,1,,,
CACVIN,1,,,
CACVOS,1,,,
CACVUX,1,,,
CACZIR,1,,,
CADDEQ,1,,,
CADFOG,1,,,
CADGAQ,1,,,
CADGET,1,,,
CADJAU,1,,,
CADKEX,1,,,
CADKEX01,1,,,
CADMAA,1,,,
CADMEE,1,,,
CADPOP,1,,,
CADQUW,1,,,
CADRAD,1,,,
CADROT,1,,,
CAFJAX,1,,,
CAFJEB,1,,,
CAFQAE,1,,,
CAFWEL,1,,,
CAFZES,1,,,
CAFZIW,1,,,
CAGFUM,1,,,
CAGJOK,1,,,
CAGKAX,1,,,
CAGMII,1,,,
CAHDIC,1,,,
CAHDOF,1,,,
CAHFAU,1,,,
CAHFOJ,1,,,
CAHGOJ,1,,,
CAHGUP,1,,,
CAHHAW,1,,,
CAHHEA,1,,,
CAHRUZ,1,,,
CAJBUL,1,,,
CAJCEW,1,,,
CAJHIH,1,,,
CAJJOQ,1,,,
CAJJUW,1,,,
CAJKAD,1,,,
CAJKEH,1,,,
CAJKIL,1,,,
CAJKOR,1,,,
CAJKUX,1,,,
CAJREO,1,,,
CAJXOE,1,,,
CAKCUM,1,,,
CAKVAL,2,,,
CALHIH,1,,,
CALJUX,1,,,
CALLOQ,1,,,
CALLUW,1,,,
CALLUW10,1,,,
CALNUA,1,,,
CALXIW,1,,,
CALXIW10,1,,,
CANJEJ,1,,,
CANLOT,1,,,
CANMAG,1,,,
CANQIR,1,,,
CANYAR,1,,,
CANYAT,1,,,
CANYID,1,,,
CANYOJ,1,,,
CAQDEG,1,,,
CAQDOQ,1,,,
CAQDUW,1,,,
CAQTUN,1,,,
CARFUA,1,,,
CARJEK,1,,,
CARKEM,1,,,
CARQER,1,,,
CARZIE,1,,,
CASDUZ,1,,,
CASVEY,1,,,
CATNIW,1,,,
CAVKOA,1,,,
CAVKUG,1,,,
CAVLAN,1,,,
CAWFAJ,1,,,
CAWFEN,1,,,
CAWFIR,1,,,
CAWFOX,1,,,
CAWGAK,1,,,
CAWGEO,1,,,
CAWGIS,1,,,
CAWGOY,1,,,
CAWGUE,1,,,
CAWRAT10,1,,,
CAWRAT11,1,,,
CAWVIG,1,,,
CAXHEP,1,,,
CAXKAR,1,,,
CAXNAU,1,,,
CAXWON,1,,,
CAXWON10,1,,,
CAYBUA,1,,,
CAYFUH,1,,,
CAYSIF,1,,,
CAYZUY,1,,,
CAZQEB,1,,,
CAZQOL,1,,,
CAZQUR,1,,,
CAZSIH,1,,,
CAZSOL,1,,,
CAZVEF,1,,,
CAZXAD,1,,,
CAZXEH,1,,,
CAZXUX,1,,,
CAZYEI,1,,,
CAZYIM,1,,,
CDECOX,1,,,
CDECTR10,1,,,
CDODOX,1,,,
CDSCBB,1,,,
CDSCBC,1,,,
CDSCBD,1,,,
CDSCBE,1,,,
CEBGAR10,1,,,
CEBJAW,1,,,
CEBJEA,1,,,
CEBQEG,1,,,
CEBRIM,1,,,
CEBROS,1,,,
CEBRUY,1,,,
CECFIC,2,,,
CECJOL,1,,,
CECPIN,1,,,
CECPOT,1,,,
CECPUZ,1,,,
CECXIT,1,,,
CEDBUI,1,,,
CEDCAP,1,,,
CEFDOH,1,,,
CEFDOH01,1,,,
CEFDUN,1,,,
CEFFAV,1,,,
CEFRIQ,1,,,
CEHDIF,1,,,
CEHFON,1,,,
CEHGOO,1,,,
CEHPEN,1,,,
CEHVAP,1,,,
CEHWEU,1,,,
CEHWIY,1,,,
CEHWUI,1,,,
CEJDOM,2,,,
CEJDUS,2,,,
CEJFEE,2,,,
CEJFII,2,,,
CEJSUF,1,,,
CEJXUK,1,,,
CEKCAX,1,,,
CEKCEB,1,,,
CEKQAO,1,,,
CEKTET,1,,,
CEKTIX,1,,,
CEKTOD,1,,,
CEKTUJ,1,,,
CEKXOF,1,,,
CELCOO,1,,,
CELCUU,1,,,
CEMBRE,1,,,
CEMXUQ,1,,,
CENBAA,1,,,
CENBEE,1,,,
CENCIJ,1,,,
CENLEM,1,,,
CENMAJ,1,,,
CENMAJ10,1,,,
CENZUT,1,,,
CEPHEN,1,,,
CEPJIU,1,,,
CEPJOA,1,,,
CEPJUG,1,,,
CEPTIA,1,,,
CEPWUP,1,,,
CEPXAW,1,,,
CEPXOK,1,,,
CEPXOK10,1,,,
CEQCAC,1,,,
CEQCEG,1,,,
CEQCIK,1,,,
CEQLOZ,1,,,
CEQLUF,1,,,
CEQMAM,1,,,
CERLUK,1,,,
CERQAU,1,,,
CERSUQ,1,,,
CERTAX,1,,,
CERTEB,1,,,
CERWUS,1,,,
CESPOJ,1,,,
CESPUL,1,,,
CESPUP,1,,,
CESVUS,1,,,
CESXEH,1,,,
CETCAI,1,,,
CETCEM,1,,,
CETDIS,1,,,
CETFEN,2,,,
CETFUF,1,,,
CETNAT,1,,,
CETPEX,1,,,
CETTAA,1,,,
CETVOM,1,,,
CEVGIT,1,,,
CEVGUG,1,,,
CEVHAN,1,,,
CEVJIY,2,,,
CEVMOG,1,,,
CEVXIN,1,,,
CEVXUA,1,,,
CEVYAH,1,,,
CEWFEQ,1,,,
CEWFIU,1,,,
CEWFOA,1,,,
CEWQUQ,1,,,
CEWSUV,1,,,
CEXQIF,1,,,
CEXQOL,1,,,
CEXQOO,1,,,
CEXROM,1,,,
CEXTAA,1,,,
CEXXIN,1,,,
CEXXOT,1,,,
CEXXUY,1,,,
CEXXUZ,1,,,
CEYDAM,1,,,
CEYFOB,1,,,
CEYFOB10,1,,,
CEYFOC,1,,,
CEYFUH,1,,,
CEYJUL,1,,,
CEYKAS,1,,,
CEYKEW,1,,,
CEYZEO,1,,,
CEYZOY,1,,,
CEYZUE,1,,,
CEZBOZ,1,,,
CEZJEW,1,,,
CEZOMN,1,,,
CEZRIK,1,,,
CEZWOW,1,,,
CGPGAP10,1,,,
CGPSAQ,1,,,
CHAETK,1,,,
CHMADP,1,,,
CHTOXN,1,,,
CIBSOX,1,,,
CIBWEQ,1,,,
CIBWIU,1,,,
CICDEY,1,,,
CICQEO,1,,,
CIDSAJ,1,,,
CIDXEW,1,,,
CIDXIA,1,,,
CIDXUM,1,,,
CIDYEX,1,,,
CIDYIB,1,,,
CIFFUS,2,,,
CIFNAK,1,,,
CIFNEO,1,,,
CIFNIS,1,,,
CIGBEZ,1,,,
CIGJIP,1,,,
CIGKUZ,1,,,
CIGKUZ01,1,,,
CIGMAK,1,,,
CIHFOR,1,,,
CIHVOI,1,,,
CIHVUO,1,,,
CIHWAV,1,,,
CIHWEZ,1,,,
CIHWID,1,,,
CIJMAK,1,,,
CIJQEV,1,,,
CIKDEF,1,,,
CIKJOZ,1,,,
CIKKEN,1,,,
CIKTOH,1,,,
CIKWAV,1,,,
CIKWAV01,1,,,
CIKWAV02,1,,,
CIKWAV03,1,,,
CIKWAV04,1,,,
CIKWAV05,1,,,
CIKWEZ,1,,,
CIKWEZ01,1,,,
CIKWID,1,,,
CIKWID01,1,,,
CIKWID02,1,,,
CIKWOM,1,,,
CIKWUS,1,,,
CIKXAZ,1,,,
CIKYON,1,,,
CILJAK,1,,,
CILJEO,1,,,
CILJIS,2,,,
CILMAP,1,,,
CILMET,1,,,
CILPUJ,1,,,
CILQAQ,1,,,
CILTAU,1,,,
CILTEY,1,,,
CIMKUE,1,,,
CIMLEP,1,,,
CIMLIT,1,,,
CIMLIX,1,,,
CIMLOZ,1,,,
CIMWUQ,1,,,
CIPCIO,1,,,
CIPDUC,1,,,
CIPFIS,1,,,
CIPFOY,1,,,
CIPQEY,1,,,
CIPSEB,1,,,
CIPSID,2,,,
CIPSOJ,2,,,
CIPSUP,2,,,
CIQBIN,1,,,
CIQBOT,1,,,
CIQCEK,1,,,
CIQCIO,1,,,
CIQCIO01,1,,,
CIQDUC,1,,,
CIQLOE,1,,,
CIQMUO,1,,,
CIQNAV,1,,,
CIQNEZ,1,,,
CIQNID,1,,,
CIQTEF,1,,,
CIQTIJ,1,,,
CIQTOP,1,,,
CIQTUV,1,,,
CIQYOU,1,,,
CIRHUH,1,,,
CIRJAP,1,,,
CIRRON,1,,,
CIRWOQ,1,,,
CISBUD,1,,,
CISRED,1,,,
CISREE,1,,,
CISRON,1,,,
CISSII,1,,,
CISXOT,1,,,
CITCAL,1,,,
CITCEP,1,,,
CITCIT,1,,,
CITMUN,1,,,
CITNAU,1,,,
CITRUU,1,,,
CIVHAQ10,1,,,
CIVJEY,1,,,
CIWJIC,1,,,
CIWLUQ,1,,,
CIWYEN,1,,,
CIWYUC,1,,,
CIXFAT01,1,,,
CIXFEY,1,,,
CIYBUI,1,,,
CIYCIW,1,,,
CIYDUK,1,,,
CIYFAS,1,,,
CIYKUR,1,,,
CIYLAY,1,,,
CIYLEC,1,,,
CIYLUU,1,,,
CIYMAB,1,,,
CIYXIS,1,,,
CIZHUQ,1,,,
CIZNUW,1,,,
CIZPAE,1,,,
CLIVOR11,1,,,
CMIHIV,1,,,
CMRIFM10,1,,,
CMVHYI10,1,,,
COBBOL,1,,,
COBCAY,1,,,
COBCIG,1,,,
COBDIH,1,,,
COBGIK,1,,,
COBGOQ,1,,,
COBVEU,1,,,
COBVEU10,1,,,
COBVIY,1,,,
COBVIY10,1,,,
COCBEE,1,,,
COCMEM,1,,,
CODCEF,1,,,
CODCOP,1,,,
CODCUV,1,,,
CODDAC,1,,,
CODDEG,1,,,
CODDUW,1,,,
CODFAE,1,,,
CODFEI,1,,,
CODFIL,1,,,
CODFIL01,1,,,
CODFIM,1,,,
CODFOR,1,,,
CODHUB,1,,,
CODJAI,1,,,
CODLUE,1,,,
COFBOP,1,,,
COFBUV,1,,,
COFFAG,1,,,
COFKAK,1,,,
COFKEO,1,,,
COGDEK,1,,,
COGGIO,1,,,
COGKOB,1,,,
COGLIW,1,,,
COGTEA,2,,,
COGVUP,2,,,
COGWIH,1,,,
COGXAA,1,,,
COHDIM,1,,,
COHDIM01,1,,,
COHXUV,1,,,
COHZUV,1,,,
COJKUH,1,,,
COKLAQ,1,,,
COKYIL,1,,,
COLREA,2,,,
COMBAH,1,,,
COMGAN,1,,,
COMGER,1,,,
COMHIV,1,,,
COMHOB,1,,,
COMTOO,2,,,
COMVUV01,1,,,
COMYAI,1,,,
COMYEM,1,,,
COMZOW,1,,,
CONHIW,1,,,
CONHIX,1,,,
CONHOC,1,,,
CONHUJ,1,,,
CONJAR,1,,,
CONKEW,1,,,
CONZAH,1,,,
CONZAH01,1,,,
COPFUJ,1,,,
COPJEW,1,,,
COPJEW01,1,,,
COPJIA,1,,,
COPLAY,1,,,
COPVOV,1,,,
COQDER,1,,,
COQHEZ,1,,,
COQJOK,2,,,
COQJUQ,2,,,
COQKAX,1,,,
COQKUR,1,,,
CORCIY,1,,,
CORFAT,1,,,
CORFEX,1,,,
CORQEH,1,,,
CORQIL,1,,,
CORQOR,1,,,
CORQUX,1,,,
CORYAM,1,,,
COSCUI,1,,,
COSDAP,1,,,
COSJUQ,1,,,
COSNIJ,1,,,
COSPAC,1,,,
COSPEJ,1,,,
COSQOR,1,,,
COSVAI,1,,,
COSYAN,1,,,
COTBEW,2,,,
COTBIA,2,,,
COTBOG,2,,,
COTDAT,1,,,
COTLOM,1,,,
COTMIK,1,,,
COTRAE,1,,,
COTROT,1,,,
COTRUZ,1,,,
COTSEK,1,,,
COTSEL,1,,,
COTYAM,1,,,
COVBIA,1,,,
COVFAW,1,,,
COVKEE,1,,,
COVNUZ,1,,,
COVPEL,1,,,
COVXUI,1,,,
COWMIN,1,,,
COWQIP,1,,,
COWSIR,1,,,
COWSIR01,1,,,
COXBUN,1,,,
COXFUR,1,,,
COXSAM,1,,,
COXXOF,1,,,
COYCOJ,1,,,
COYDAW,1,,,
COYDUS,1,,,
COYLIL01,1,,,
COYNAG,1,,,
COYQAM,1,,,
COYQUG,1,,,
COYXAQ,1,,,
COZBOK,1,,,
COZGEE,2,,,
COZGII,2,,,
COZGOQ,1,,,
COZZEY,1,,,
CPDPSC,1,,,
CPDPSC11,1,,,
CTDCNO,1,,,
CTETEC01,1,,,
CTETOX,1,,,
CTOGBS20,1,,,
CTSARC,1,,,
CTTCON01,1,,,
CUBMAO,1,,,
CUCZAC,1,,,
CUDGIR,1,,,
CUDGIR10,1,,,
CUDGOX,1,,,
CUDGOX10,1,,,
CUDNAT,1,,,
CUDPEA,1,,,
CUDPIE,1,,,
CUDPOK,1,,,
CUDPUQ,1,,,
CUDXUU,1,,,
CUDXUU10,1,,,
CUFFOB,1,,,
CUFKIA,1,,,
CUFNIB,1,,,
CUFTUT,1,,,
CUFVAB,1,,,
CUFVEF,1,,,
CUFVOP,1,,,
CUFVUV,1,,,
CUGKEV,1,,,
CUGKEV01,1,,,
CUGKEY,1,,,
CUGWOS,1,,,
CUHKEY,1,,,
CUHTEH,1,,,
CUHZUE,1,,,
CUKYUC,1,,,
CULZEO,1,,,
CUMBAR,1,,,
CUMBOB,1,,,
CUMGOH,1,,,
CUMGUN,1,,,
CUMKUT,1,,,
CUMLAA,1,,,
CUNLIJ,1,,,
CUNLOP,1,,,
CUNLUV,1,,,
CUNMAC,1,,,
CUNPIL,1,,,
CUNTIS,1,,,
CUNZUH,1,,,
CUPBUK,1,,,
CUPHUQ,1,,,
CUPMAE,1,,,
CUPMEI,1,,,
CUPMEI01,1,,,
CUPMIM,1,,,
CUPTAI,1,,,
CUPTEM11,1,,,
CUPTOA,1,,,
CUSXAR,1,,,
CUSYIY,1,,,
CUSYIY01,1,,,
CUTKEJ,1,,,
CUTLAF,1,,,
CUTLEJ,1,,,
CUTQUD,1,,,
CUTROZ,1,,,
CUTRUE,1,,,
CUTVOC,1,,,
CUTXEW,1,,,
CUTXOE,1,,,
CUTXOG,1,,,
CUTXUK,1,,,
CUTXUM,1,,,
CUTYEV,1,,,
CUVJAF,1,,,
CUVNIR,1,,,
CUVNOW,1,,,
CUVNUC,1,,,
CUWHOT,1,,,
CUWLAK,1,,,
CUWLOY,1,,,
CUXNIS,1,,,
CUXNOY,1,,,
CUXNUE,1,,,
CUXSIX,1,,,
CUXSUJ,1,,,
CUXTEU,1,,,
CUXVEW,1,,,
CUXZAY,1,,,
CUXZEC,1,,,
CUYCOQ,1,,,
CUYGAF,1,,,
CUYJOX,1,,,
CUYJUD,1,,,
CUYKAK,1,,,
CUYKOW,1,,,
CUYLUD,1,,,
CUYPAQ,1,,,
CUYXUS,1,,,
CUYXUS01,1,,,
CUYYED,1,,,
CUYYIH,1,,,
CUZDUW,1,,,
CUZHUE,1,,,
CUZJIU,1,,,
CUZQIX,1,,,
CUZQUJ,1,,,
CUZYUS,1,,,
CYCLAM,1,,,
CYGSGS,1,,,
CYTDEC,1,,,
CYTURE,1,,,
DABGOG,1,,,
DABHAT,1,,,
DABHEX,1,,,
DABHIX,1,,,
DABJIC,1,,,
DABVIL,1,,,
DABXEJ,1,,,
DACPED,1,,,
DACPEE,1,,,
DACPIH,1,,,
DACPON,1,,,
DACQOR,1,,,
DACSIK,1,,,
DAFHOI,1,,,
DAFHUO,1,,,
DAFJEA,1,,,
DAFJIE,1,,,
DAFKEB,1,,,
DAFKOL,1,,,
DAFKUR,1,,,
DAGSAG,1,,,
DAGSEK,1,,,
DAGSIO,1,,,
DAGSOU,1,,,
DAGVEN,1,,,
DAGWEQ,1,,,
DAHGIG,1,,,
DAHGOM,1,,,
DAHGUS,1,,,
DAHHAZ,1,,,
DAHHED,1,,,
DAHJUV,1,,,
DAHMAA,1,,,
DAJPEJ,1,,,
DAJPEJ10,1,,,
DAJYOG,2,,,
DAJZEU,2,,,
DAKKIK,1,,,
DALBOK,1,,,
DALKOU,1,,,
DALTIT,1,,,
DALVER,1,,,
DAMDEE,1,,,
DAMDII,1,,,
DAMDOO,1,,,
DAMREP,1,,,
DAMXOE,1,,,
DANJAE,1,,,
DANKEJ,1,,,
DANKIN,1,,,
DANREQ,1,,,
DANWEW,1,,,
DANYEX,1,,,
DAPLOW,1,,,
DAQDII01,1,,,
DAQHIM,1,,,
DAQLAK,1,,,
DAQXOJ,1,,,
DAQXUP,1,,,
DAQYAW,1,,,
DAQYEA,1,,,
DARGIO,1,,,
DARQEW,1,,,
DARSIC,1,,,
DASDIL,2,,,
DASDOR,2,,,
DASHOY,1,,,
DASJAM,1,,,
DASKOB,1,,,
DASPAR,1,,,
DASRUN,2,,,
DASSAT,1,,,
DASSAU,2,,,
DASSEY,2,,,
DASSIC,2,,,
DASSOH,1,,,
DASSOI,2,,,
DASSUO,2,,,
DASTAV,2,,,
DASTOJ,2,,,
DASTUP,2,,,
DASXAW,1,,,
DASXUS,1,,,
DASYAA,2,,,
DASYAZ,1,,,
DASYED,1,,,
DASYEE,2,,,
DASYIH,1,,,
DASYII,2,,,
DASYON,1,,,
DASYOO,2,,,
DASYOO01,2,,,
DASYUT,1,,,
DASYUU,2,,,
DASZEE,1,,,
DASZII,1,,,
DASZOO,1,,,
DASZUT,1,,,
DASZUU,1,,,
DATBAD,1,,,
DATBEH,1,,,
DATBIL,1,,,
DATBOR,1,,,
DATBUX,1,,,
DATCAE,1,,,
DATPAQ,1,,,
DATPAQ01,1,,,
DATSEA,1,,,
DATSOK,1,,,
DATTAX,1,,,
DATTEB,1,,,
DATTEZ,1,,,
DATTID,1,,,
DATTIF,1,,,
DATVIF,1,,,
DATVOL,1,,,
DAVBEJ,1,,,
DAVBIN,1,,,
DAVBOT,1,,,
DAVBUZ,1,,,
DAVCEK,1,,,
DAVGEO,1,,,
DAVLER,1,,,
DAVLER01,1,,,
DAVLEU,1,,,
DAVWAB,1,,,
DAVWEF,1,,,
DAVWIJ,1,,,
DAVWOP,1,,,
DAVYUX,1,,,
DAWREY,1,,,
DAWZEI,1,,,
DAWZIM,1,,,
DAXBOU,1,,,
DAYKIY,1,,,
DAZDEQ,1,,,
DAZGEQ,1,,,
DAZGEQ01,1,,,
DAZGIU,1,,,
DAZGOA,1,,,
DAZGUG,1,,,
DAZJET,1,,,
DAZMUM,1,,,
DAZNAT,1,,,
DAZNEX,1,,,
DAZNIB,1,,,
DAZQAW,1,,,
DAZQUQ,1,,,
DAZYAI,1,,,
DAZYIQ,1,,,
DAZZAJ,1,,,
DBXZCP,1,,,
DEBKAA,1,,,
DEBKAX,1,,,
DEBKEB,1,,,
DEBKED,1,,,
DEBKOL,1,,,
DEBKUR,1,,,
DEBSOW,1,,,
DEBSUC,1,,,
DEBTAJ,1,,,
DEBTEN,1,,,
DEBVAH,1,,,
DEBYEO,1,,,
DECBIX,1,,,
DECKEE,1,,,
DEDBET,1,,,
DEDMUU01,1,,,
DEDVAM,2,,,
DEDXIU,1,,,
DEDXUI,1,,,
DEDYAP,1,,,
DEFHOO,1,,,
DEFHUU,1,,,
DEFQEN,1,,,
DEFREN,1,,,
DEHNOV,1,,,
DEHNUB,1,,,
DEHPAJ,1,,,
DEJHAD,1,,,
DEJHEH,1,,,
DEJHIL,1,,,
DEJHOR,1,,,
DEJQIW,1,,,
DEJTUL,1,,,
DEJXEW,1,,,
DEKFAB,1,,,
DEKLOV,1,,,
DEKLUB,1,,,
DEKMAK,1,,,
DEKMEM,1,,,
DEKMIQ,1,,,
DEKMOW,1,,,
DEKMUC,1,,,
DELQUK,1,,,
DELRAR,1,,,
DELRIZ,1,,,
DELROF,1,,,
DELRUL,1,,,
DELSAS,1,,,
DEMHOS10,1,,,
DEMHUY01,1,,,
DEMHUY10,1,,,
DEMJAG01,1,,,
DEMJAG10,1,,,
DENCAE,1,,,
DENDUZ,1,,,
DENKIT,1,,,
DEPHEM,1,,,
DEPPEW,1,,,
DEQQOG,1,,,
DEQREW,1,,,
DERDOW,1,,,
DERHAM,1,,,
DERHEQ,1,,,
DERJUI,1,,,
DERQEW01,2,,,
DERSUR,1,,,
DERZOP,1,,,
DESDOV,1,,,
DESNUL01,1,,,
DESPAT,1,,,
DETHAL,2,,,
DETLOE,1,,,
DETPAW,1,,,
DETPEA,1,,,
DETWUU,1,,,
DETYEG,1,,,
DETYIL,1,,,
DETZAD,1,,,
DETZAD01,1,,,
DETZOS,1,,,
DETZUY,1,,,
DEVBIP,1,,,
DEVBUC,1,,,
DEVJEU,1,,,
DEVJIY,1,,,
DEVQIE,1,,,
DEVSAZ,1,,,
DEVSAZ01,1,,,
DEWWUY,1,,,
DEWXUB,1,,,
DEXGAR,1,,,
DEXGIY,1,,,
DEYGOE,1,,,
DEYLOK,1,,,
DEYTUZ,1,,,
DEZVOU,1,,,
DEZVUA,1,,,
DHCMYD10,1,,,
DHCYPH10,1,,,
DHCYPH11,1,,,
DHGLAC10,1,,,
DHSINU10,1,,,
DIAHBR,1,,,
DIBBIZ,1,,,
DIBGEE,1,,,
DIBPUZ,1,,,
DIBQUE,1,,,
DIBRAL,1,,,
DICJAB,1,,,
DICKOP,1,,,
DIDRIS,1,,,
DIDXOH,1,,,
DIFHAD,1,,,
DIFJEH,1,,,
DIFKUA,1,,,
DIFPEP,1,,,
DIGBIG,1,,,
DIGDUS,1,,,
DIGKAH,1,,,
DIGMUC,1,,,
DIGNEO,1,,,
DIGNIS,1,,,
DIGPEO,1,,,
DIGSAN,1,,,
DIHJEN,1,,,
DIHKAK,1,,,
DIHKOU02,1,,,
DIHMAL,1,,,
DIHNIS,1,,,
DIHPOA,1,,,
DIHPUG,1,,,
DIHQER,1,,,
DIHQIV,1,,,
DIJKAJ01,1,,,
DIJKIR,1,,,
DIJLER,1,,,
DIJLIV,1,,,
DIJLOB,1,,,
DIJLUH,1,,,
DIJMAO,1,,,
DIJSOG,1,,,
DIJSUM,1,,,
DIJTEV,1,,,
DIJTUM,1,,,
DIJVUR01,1,,,
DIJYIE,1,,,
DIJZOO,1,,,
DIKFEI,1,,,
DIKGOT,1,,,
DIKGUZ,1,,,
DILCIO,1,,,
DILREY,1,,,
DIMFUD,1,,,
DIMGAK,1,,,
DIMKOD,1,,,
DIMZAA10,1,,,
DINBOR10,1,,,
DINBUX10,1,,,
DINNAT,1,,,
DIPDUB10,1,,,
DIPQIF,1,,,
DIPSIG,1,,,
DIPYAC,1,,,
DIPZUX,1,,,
DIQGUF,1,,,
DIQHAQ,1,,,
DIQHEQ,1,,,
DIQJAS,1,,,
DIRJOH,1,,,
DIRMEZ,1,,,
DIRMID,1,,,
DISDUF,1,,,
DISFAN,1,,,
DISFER,1,,,
DISFIV,1,,,
DISFIV01,1,,,
DISFOB,1,,,
DISFOB01,1,,,
DISFUH,1,,,
DISGAO,1,,,
DISHIX,1,,,
DISHIX01,1,,,
DISHOD,1,,,
DISHOD01,1,,,
DISJAQ,1,,,
DISLIB,1,,,
DISLOH,1,,,
DISRIJ,1,,,
DISSEH,1,,,
DISSUX,1,,,
DISWEH,1,,,
DITJUN,1,,,
DITKAU,1,,,
DITKEY,1,,,
DIVVOT,1,,,
DIVYEM,1,,,
DIWHUN,1,,,
DIWTEK,1,,,
DIXBIZ,1,,,
DIXHAU,1,,,
DIXHEY,1,,,
DIXKAZ,1,,,
DIXKED,1,,,
DIXKIH,1,,,
DIXQOS,1,,,
DIXXEO,1,,,
DIYCEX,1,,,
DIYCOG,1,,,
DIYFEA,1,,,
DIYJIE,1,,,
DIYPIL,1,,,
DIYXOB,1,,,
DIZDEX,1,,,
DIZDIB,1,,,
DIZDUN,1,,,
DIZFEZ,1,,,
DIZKIJ,1,,,
DIZKOP,1,,,
DIZKUV,1,,,
DIZMEF,1,,,
DIZMIJ,1,,,
DIZMOP,1,,,
DIZPAF,1,,,
DIZPEJ,1,,,
DIZYEQ,1,,,
DIZYOC,1,,,
DMHNIC,1,,,
DNCTIN10,1,,,
DNCYDO,1,,,
DOBBIF,1,,,
DOBHAD,2,,,
DOBJUA,1,,,
DOBKAH,1,,,
DOBMAJ01,1,,,
DOBSAO,1,,,
DOBVAR,1,,,
DOBVOF,1,,,
DOBVOF01,1,,,
DOBWEZ,1,,,
DOBYAX,1,,,
DOBZEA,1,,,
DOBZIE,1,,,
DOCKEO,1,,,
DOCKIS,1,,,
DOCKIT,1,,,
DOCKOY,1,,,
DODBUW,1,,,
DODCIL,1,,,
DODDIM,1,,,
DODNUJ,2,,,
DODPAR,2,,,
DODPEV,2,,,
DODRIZ,1,,,
DODRIZ01,1,,,
DODWOI,1,,,
DOFXUU,1,,,
DOGGIS,1,,,
DOGGOY,1,,,
DOGGUE,1,,,
DOGHIS,1,,,
DOGROH,1,,,
DOGXED,1,,,
DOHPAR,1,,,
DOHROI,1,,,
DOHRUO,1,,,
DOHSAV,1,,,
DOJCIO,1,,,
DOJMOI,1,,,
DOJQAU,1,,,
DOJSEA,1,,,
DOJSII,1,,,
DOJYUW,1,,,
DOKLOF,1,,,
DOKWOS,1,,,
DOKWUY,1,,,
DOLJUL,1,,,
DOMSON,2,,,
DOMYAH,1,,,
DONDUJ,1,,,
DONLEA,1,,,
DONMEY,1,,,
DONMOM,1,,,
DOPNUR,1,,,
DOPQEG,1,,,
DOPQEG01,1,,,
DOPQUW,1,,,
DOPRIL,1,,,
DOPYOA,1,,,
DOQPIL,1,,,
DOQPUX,1,,,
DOQQAE,1,,,
DOQQEI,1,,,
DOQTOU,1,,,
DOQTUA,1,,,
DOQVAI,1,,,
DOQVEM,1,,,
DOQVIQ,1,,,
DORCAQ,1,,,
DORCEU,1,,,
DORCIY,1,,,
DORENE,1,,,
DORMOM,1,,,
DORNUU,1,,,
DORPAC,1,,,
DOSCAQ,1,,,
DOTQUY,1,,,
DOTYUH,1,,,
DOVCOH,1,,,
DOVCUQ,1,,,
DOVFIE,1,,,
DOVJIH,1,,,
DOVVOZ,1,,,
DOVXIW,1,,,
DOVXOC,1,,,
DOVXUI,1,,,
DOVYAP,1,,,
DOWGEB,1,,,
DOWTOY,2,,,
DOWTUE,2,,,
DOXBEZ,1,,,
DOXBID,1,,,
DOXBOJ,1,,,
DOXKEI,1,,,
DOXKEI01,1,,,
DOXPEO,1,,,
DOXPOY,1,,,
DOXQOZ,1,,,
DOXTEQ,1,,,
DOXTIU,1,,,
DOYJAC,1,,,
DOYKAH,1,,,
DOZWUL,1,,,
DOZZEZ,1,,,
DPXCYD,1,,,
DPXCYD01,1,,,
DTHCRF01,1,,,
DTHCTD10,1,,,
DTHTPP02,1,,,
DTHTPP03,1,,,
DUBCAE,1,,,
DUBHOB,2,,,
DUBQOH,1,,,
DUBQUN,1,,,
DUBROI,1,,,
DUCRUP,1,,,
DUDPOH,1,,,
DUDPUN,1,,,
DUDTAX,1,,,
DUDTEB,1,,,
DUDVIJ,1,,,
DUDVOP,1,,,
DUFMOG,1,,,
DUFMUM,1,,,
DUGDOC,1,,,
DUGLAW,1,,,
DUGLEA,1,,,
DUGMUR,1,,,
DUGWUA,1,,,
DUGXAH,1,,,
DUGZAG,1,,,
DUHCAO,1,,,
DUHCIW,1,,,
DUHDAP,1,,,
DUHDIX,1,,,
DUHZEN,1,,,
DUJCUI,1,,,
DUJDUK,1,,,
DUJGEU,1,,,
DUJGIY,1,,,
DUJGOE,1,,,
DUJKEB,1,,,
DUJKIF,1,,,
DULGOG,2,,,
DULVOV,1,,,
DUNBAS,1,,,
DUNGEA,1,,,
DUNVOY,1,,,
DUNVOY01,1,,,
DUNXIW,1,,,
DUPBEZ,1,,,
DUPHON,1,,,
DUPLUV,1,,,
DUPMAC,1,,,
DUPSAM01,1,,,
DUPWUG,1,,,
DUPWUG01,1,,,
DUPWUG02,1,,,
DUQFAZ,1,,,
DUQJOQ,1,,,
DURROA,1,,,
DURRUG,1,,,
DURZIB,1,,,
DURZOH,1,,,
DURZUN,1,,,
DUSBAW,1,,,
DUSBEA,1,,,
DUSBIE,1,,,
DUTBUT,1,,,
DUTCAA,1,,,
DUTDOL,1,,,
DUTDOL10,1,,,
DUTDOO,1,,,
DUTDUR,1,,,
DUTDUU,1,,,
DUTFAC,1,,,
DUTMUA10,1,,,
DUTTES,1,,,
DUTTIW,1,,,
DUTXAU,1,,,
DUVFEJ,1,,,
DUVQIV,1,,,
DUWPOC,1,,,
DUWPUI,1,,,
DUWXAY,1,,,
DUWXEC,1,,,
DUXGOW,1,,,
DUXKUG,1,,,
DUXLAN,1,,,
DUXNUI,1,,,
DUYFEL,1,,,
DUYFIP,1,,,
DUYFUB,1,,,
DUYZIK,1,,,
DUZHIP,1,,,
DUZMOB,1,,,
DUZMUH,1,,,
DUZREV,1,,,
DUZSAT,1,,,
DUZSIB,1,,,
DUZSOH,1,,,
DUZXUV,1,,,
EABLIC,1,,,
EABVOS,2,,,
EACCAM,1,,,
EACJOH,2,,,
EACJUN,2,,,
EACKAU,1,,,
EACKEY,1,,,
EACKIC,1,,,
EACVUZ,1,,,
EBAYOV,1,,,
EBAYUB,1,,,
EBAZIS,1,,,
EBELUT,1,,,
EBEMIJ,1,,,
EBEMOP,1,,,
EBEMOQ,1,,,
EBEVIQ,1,,,
EBEVOW,1,,,
EBEWAJ,1,,,
EBEWEN,1,,,
EBEYOZ01,1,,,
EBIZAU,1,,,
EBOLEM,1,,,
EBOMEO,1,,,
EBOMOY,1,,,
EBOQOE,2,,,
EBOQUK,2,,,
EBUPEA,1,,,
EBUQUN,1,,,
EBUREY,1,,,
EBURIC,1,,,
EBUSAY,1,,,
ECADIY,1,,,
ECADUK,1,,,
ECAFEW,1,,,
ECAFIA,1,,,
ECAFOD,1,,,
ECAFUM,1,,,
ECAPIL,1,,,
ECAPON,1,,,
ECAPOR,1,,,
ECASUZ,1,,,
ECEHEA,1,,,
ECEHUQ,1,,,
ECEJAY,1,,,
ECEJEC,1,,,
ECEJIG,1,,,
ECEMOQ,2,,,
ECEMUW,2,,,
ECEQOS,1,,,
ECETOX,1,,,
ECIGAC,1,,,
ECIGIK,1,,,
ECIZAR,1,,,
ECOLAM,1,,,
ECORAT,2,,,
ECOREX,2,,,
ECOSOE,1,,,
ECOSOG,1,,,
ECOSUM,1,,,
ECOYED,1,,,
ECUDUE,1,,,
ECUKAS,1,,,
ECUNOI,1,,,
ECUROK,1,,,
EDAFIZ,1,,,
EDAYOX,1,,,
EDEFOJ,1,,,
EDEJEG,1,,,
EDEJUV,1,,,
EDEKAC,1,,,
EDEKEG,1,,,
EDEKIK,1,,,
EDENOR,1,,,
EDEWIW,1,,,
EDIJIK,1,,,
EDINAK,1,,,
EDOREY,1,,,
EDOROI,1,,,
EDORUO,1,,,
EDOSAR,1,,,
EDOXIF01,1,,,
EDOXOL,1,,,
EDOXUR,1,,,
EDOYAY,1,,,
EDOYEC,1,,,
EDOYIG,1,,,
EDUFUF,1,,,
EDUZOU,1,,,
EFAGIB,1,,,
EFAGIB01,1,,,
EFAGUN,1,,,
EFALAZ,1,,,
EFALEC,1,,,
EFALIH,1,,,
EFAPAF,1,,,
EFAQEJ,1,,,
EFASIO,1,,,
EFEDIC,1,,,
EFEDOI,1,,,
EFEKUZ,1,,,
EFERIU,1,,,
EFIBIF,1,,,
EFIBOL,2,,,
EFIBUR,2,,,
EFICAY,2,,,
EFIHOS,1,,,
EFIHUY,1,,,
EFITOG,1,,,
EFOHOA,1,,,
EFOHUG,1,,,
EFONIW,1,,,
EFOXUS,1,,,
EFOYED,1,,,
EFUJAR,1,,,
EGAFAW,1,,,
EGAFEA,1,,,
EGAFIE,1,,,
EGAHAY,1,,,
EGALII,1,,,
EGEDUR,1,,,
EGEFAZ,1,,,
EGEFED,1,,,
EGEJEJ,1,,,
EGEJIN,1,,,
EGEQEQ,1,,,
EGEQOA,1,,,
EGERER,1,,,
EGERIV,1,,,
EGEZID,1,,,
EGIFOS,1,,,
EGIHOS,1,,,
EGIHUY,1,,,
EGIJAG,1,,,
EGIJEK,1,,,
EGIJIO,1,,,
EGIJOU,1,,,
EGIJUA,1,,,
EGIKAH,1,,,
EGIKUD,1,,,
EGIQIY,1,,,
EGIQOE,1,,,
EGIQUK,1,,,
EGIRAR,1,,,
EGIREV,1,,,
EGISEV,1,,,
EGISIZ,1,,,
EGISOF,1,,,
EGITAT,1,,,
EGIVAS,1,,,
EGIVEW,1,,,
EGOJUH,1,,,
EGOQAT,1,,,
EGOQEX,1,,,
EGOSOM,1,,,
EGOXAZ,1,,,
EGOXEF,1,,,
EGOZOQ,1,,,
EGUGEW,1,,,
EHARUB,1,,,
EHARUC,1,,,
EHASAJ,1,,,
EHASEP,1,,,
EHEDED,1,,,
EHEDIH,1,,,
EHELOT,1,,,
EHELUZ,1,,,
EHEMAG,1,,,
EHIKEO,1,,,
EHIKOY,1,,,
EHILOZ,1,,,
EHIMIR,1,,,
EHIYOJ,1,,,
EHIYUP,1,,,
EHMVCT01,1,,,
EHMVCT02,1,,,
EHOLUI,2,,,
EHOMUN,1,,,
EHUCIV,2,,,
EHUCOB,2,,,
EHUDAO,2,,,
EHULOJ,1,,,
EHUTIK,1,,,
EHUTOQ,1,,,
EHUVEI,1,,,
EHUZOX,1,,,
EJAKIL,2,,,
EJAKOR,2,,,
EJAKUX,2,,,
EJALAE,2,,,
EJETAO,1,,,
EJICEG,1,,,
EJIMOZ,1,,,
EJINAM,1,,,
EJISOJ,1,,,
EJIZED,1,,,
EJOHET,1,,,
EJOTIJ,1,,,
EJOXIN,1,,,
EKAFOO,1,,,
EKAHUU,1,,,
EKAJIK,1,,,
EKAXUL,1,,,
EKAYAS,1,,,
EKAZID,1,,,
EKEGAE,1,,,
EKEROD,1,,,
EKERUJ,1,,,
EKEXUR,1,,,
EKIMAM,1,,,
EKONOH,1,,,
EKONUN,1,,,
EKOROO,1,,,
EKOXAG,1,,,
EKUGEY,2,,,
EKUGIC,2,,,
EKUGUO,1,,,
EKUHAV,2,,,
EKUHAV01,2,,,
EKUHEZ,1,,,
EKUNOP,1,,,
EKUVOW,1,,,
EKUZET,1,,,
ELADOO,1,,,
ELAGIH,1,,,
ELANAI,1,,,
ELAXAQ,1,,,
ELEHIN,1,,,
ELEMIS,1,,,
ELEMOY,1,,,
ELIBEG,1,,,
ELIFIP,1,,,
ELIQOH,1,,,
ELIWUR,1,,,
ELIXAY,1,,,
ELIXEC,1,,,
ELIXIG,1,,,
ELIXOM,1,,,
ELIXUS,1,,,
ELIYAZ,1,,,
ELIYED,1,,,
ELOXEK,1,,,
ELOXIO,1,,,
ELOXOU,1,,,
ELOXUA,1,,,
ELOYAH,1,,,
ELOYEL,1,,,
ELUFAT,1,,,
ELUFEZ,1,,,
ELUGID,1,,,
ELUGID01,1,,,
ELUGOJ,1,,,
ELUGUP,1,,,
ELUHAW,1,,,
ELUHEA,1,,,
ELUHEA01,1,,,
ELUJIG,1,,,
ELUJOM,1,,,
ELURUC,1,,,
ELUSEN,1,,,
ELUSOT,1,,,
EMABAX,1,,,
EMABEB,1,,,
EMABIF,1,,,
EMABOL,1,,,
EMABUR,1,,,
EMACAY,1,,,
EMACEC,1,,,
EMACIG,1,,,
EMACOM,1,,,
EMADAZ,1,,,
EMADED,1,,,
EMADIH,1,,,
EMADON,1,,,
EMATES,1,,,
EMATIW,1,,,
EMAWOF,1,,,
EMAWOF01,1,,,
EMAWOF02,1,,,
EMBLDE01,1,,,
EMEFEH,1,,,
EMEYOM,1,,,
EMIJOB,1,,,
EMIJUH,1,,,
EMIRIB,1,,,
EMIROH,1,,,
EMIRUN,1,,,
EMISAU,1,,,
EMOZOV,1,,,
EMOZUB,1,,,
EMUBAP,1,,,
EMUBET,1,,,
EMUBIX,1,,,
EMUBOD,1,,,
EMUGAV,1,,,
EMUYIV,1,,,
ENACOL,1,,,
ENAFIL,1,,,
ENAZOI01,1,,,
ENAZUO,1,,,
ENEBAA,1,,,
ENEBEE,1,,,
ENEBII,1,,,
ENEMUF,1,,,
ENIHES,1,,,
ENUGOM,1,,,
EPASAS,1,,,
EPAZEC,1,,,
EPEHUD,1,,,
EPEKUG,1,,,
EPEWUS,1,,,
EPEXEF,1,,,
EPIDUE,1,,,
EPITIJ,1,,,
EPIVAD,1,,,
EPIWAE,1,,,
EPIZAH,1,,,
EPOBOB,1,,,
EPOBUH,1,,,
EPOFEW,1,,,
EPOSIM,1,,,
EPOZOA,1,,,
EQAMIT,1,,,
EQAMOZ,1,,,
EQAPAO,1,,,
EQIJAQ,1,,,
EQIJEU,1,,,
EQIJIY,1,,,
EQILEW,1,,,
EQOFIZ,1,,,
EQUBUQ,1,,,
EQUGII,1,,,
EQUKEG,2,,,
EQUSIS,1,,,
EQUVAN,1,,,
ERABOO,1,,,
ERABUU,1,,,
ERACAB,1,,,
ERAHOX,1,,,
ERASEW,1,,,
ERASIA,1,,,
ERASIA01,1,,,
ERASIA02,1,,,
ERASOG,1,,,
ERECOT,1,,,
EREMAS,1,,,
EREXEE,1,,,
EREXOO,1,,,
ERIRUV,1,,,
ERURIU,1,,,
ESAKAN,1,,,
ESAKER,1,,,
ESEBUA,1,,,
ESECEL,1,,,
ESETON,1,,,
ESEZOS,1,,,
ESIBIS,1,,,
ESIBOY,1,,,
ESIBUE,1,,,
ESOGEY,1,,,
ESOGIC,1,,,
ESOGOI,1,,,
ESOWIS,1,,,
ESOYAP,1,,,
ESOYET,1,,,
ETAJOZ,1,,,
ETAQOF,1,,,
ETAVED,1,,,
ETIBAK,1,,,
ETIRAD,1,,,
ETIVIP,1,,,
ETOJEC,1,,,
ETOJIG,1,,,
ETOVEQ,1,,,
ETUNAK,1,,,
ETUNEM,1,,,
ETUNIQ,1,,,
ETUQEP,1,,,
ETUQOZ,1,,,
EUPALA10,1,,,
EVEDEO,1,,,
EVEDIS,1,,,
EVEFIV,1,,,
EVEXOU,1,,,
EVEXUA,2,,,
EVICOD,1,,,
EVIDAQ,1,,,
EVIDUK,1,,,
EVIFAS,1,,,
EVIFEW,1,,,
EVIFIA,1,,,
EVIFUM,1,,,
EVIGEX,1,,,
EVIPEE,1,,,
EVITAG,1,,,
EVITEK,1,,,
EVOGIF,1,,,
EVOGOL,1,,,
EVOGUR,1,,,
EVOWEU,1,,,
EVUCAZ,1,,,
EVUGIM,1,,,
EVUSEW,1,,,
EWEKIA,1,,,
EWEPEB,1,,,
EWEPIF,1,,,
EWEQUV,1,,,
EWERAC,1,,,
EWEREG,1,,,
EWETUV,1,,,
EWICES,1,,,
EWICIW,1,,,
EWICOC,1,,,
EWICUI,1,,,
EWIFUO,1,,,
EWIGUP,1,,,
EWIHAW,1,,,
EWINUT,1,,,
EWIVOX,1,,,
EWIVUD,1,,,
EWIWAK,1,,,
EWIWAK01,1,,,
EXEFUI,1,,,
EXEGAP,1,,,
EXEGET,1,,,
EXETAC,1,,,
EXETEG,1,,,
EXPORD10,1,,,
EXUJAI,1,,,
EXUQAS,1,,,
EXUQIA,1,,,
EYABUD,1,,,
EYAHIY,1,,,
EYIQAF,1,,,
EYOJEI,1,,,
EYOJIM,1,,,
EYOJOS,1,,,
EYUDEJ,1,,,
EYUDIN,1,,,
EYUKEQ,1,,,
EZABUD,1,,,
EZAVUW,1,,,
EZAWAD,1,,,
EZEKAW,1,,,
EZESUX,1,,,
EZIJEE,1,,,
EZOLOV,1,,,
EZOYOJ,1,,,
EZOYUP,1,,,
EZOZAW,1,,,
EZUMER,1,,,
EZUMIV,1,,,
EZUMOB,1,,,
EZUMUH,1,,,
EZUNAO,1,,,
EZUZOP,1,,,
FABTOU,1,,,
FACBOE,1,,,
FACCAR,1,,,
FACDUJ,1,,,
FACHOK,1,,,
FACJAY,1,,,
FACRUW,1,,,
FACVOW,1,,,
FACVOW01,1,,,
FACWAH,1,,,
FACWAJ,1,,,
FADQEJ,1,,,
FADVOW,1,,,
FADXIT,1,,,
FADXUD,1,,,
FAFGOJ,1,,,
FAFGUP,1,,,
FAFHAW,1,,,
FAFHEA,1,,,
FAFHIE,1,,,
FAFTEN,1,,,
FAFTIR,1,,,
FAFTOX,1,,,
FAFTUD,1,,,
FAFVER,1,,,
FAFVIV,1,,,
FAGFEA,1,,,
FAGFOK,1,,,
FAGHOL,1,,,
FAGHUR,1,,,
FAGJIK,1,,,
FAGLEH,1,,,
FAGMEH,1,,,
FAGMIL,1,,,
FAGPAH,1,,,
FAGPEL,1,,,
FAGPUB,1,,,
FAGQIN,1,,,
FAHBIZ,1,,,
FAHGIE01,1,,,
FAHNIO,1,,,
FAHPOX,1,,,
FAHPUD,1,,,
FAHPUD01,1,,,
FAHQAK,1,,,
FAHQAK01,1,,,
FAHQUE,1,,,
FAHQUE01,1,,,
FAHRAK,1,,,
FAHREO,1,,,
FAHREP01,1,,,
FAJXAS,1,,,
FAJXOG,1,,,
FAJZUO,1,,,
FAKBAX,1,,,
FAKBEB,1,,,
FAKBIF,1,,,
FAKBOL,1,,,
FAKGEH,1,,,
FAKGEH01,1,,,
FAKGIL,1,,,
FAKGOR,1,,,
FAKHAE,1,,,
FAKHEI,1,,,
FAKHIM,1,,,
FAKSEQ,1,,,
FAKSIU,1,,,
FAKXIC,1,,,
FALDED,1,,,
FALGIM,2,,,
FANCAZ,1,,,
FANWIE,2,,,
FAPMUF,2,,,
FAPNAM,1,,,
FAQMIT,1,,,
FAQNAM,1,,,
FAQNIX,1,,,
FAQYII,1,,,
FAQZUT,2,,,
FARBEI,1,,,
FARGEM,1,,,
FARQUM,1,,,
FARRUO,1,,,
FARSEW,1,,,
FARZUW,1,,,
FASSAX,1,,,
FASWAB01,1,,,
FATBUB,1,,,
FATCEM,1,,,
FATQUP,1,,,
FATVAA,1,,,
FATWEG,1,,,
FATWIK,1,,,
FAVGAM,1,,,
FAVHAM,1,,,
FAVLIY,1,,,
FAVLOE,1,,,
FAVNAV,1,,,
FAVNEZ,1,,,
FAVNID,1,,,
FAWPOK,1,,,
FAWPUQ,1,,,
FAWQAX,1,,,
FAWQEB,1,,,
FAWYEI,1,,,
FAXCEM,1,,,
FAXSAY,1,,,
FAYHUK,1,,,
FAYJAS,1,,,
FAYJEW,1,,,
FAYJIA,1,,,
FAYJOG,1,,,
FAYZEL,1,,,
FAYZIP,1,,,
FAYZOV,1,,,
FAYZUB,1,,,
FAZBAK,1,,,
FAZBEO,1,,,
FAZBIS,1,,,
FAZCEP,1,,,
FAZCIT,1,,,
FAZCOZ,1,,,
FAZCUF,1,,,
FAZRAB,1,,,
FAZREF,1,,,
FAZSOP,1,,,
FAZSUV,1,,,
FAZVAD,1,,,
FAZWUZ,1,,,
FEBBIB,1,,,
FEBBOH,1,,,
FEBBUL,1,,,
FEBCAS,1,,,
FEBSUB,1,,,
FEBTAI,1,,,
FEBTEM,1,,,
FECBUO,1,,,
FECDOI,1,,,
FECFIE,1,,,
FECKII,1,,,
FECKOO,1,,,
FECKUU,1,,,
FECNOT,1,,,
FECZIW,1,,,
FEDVAL,1,,,
FEDXUJ,1,,,
FEDXUJ01,1,,,
FEDZEU,1,,,
FEDZOE,1,,,
FEFMIP,1,,,
FEFPIQ,1,,,
FEFSIW,1,,,
FEGDEB,1,,,
FEGKOS,1,,,
FEGPAJ,1,,,
FEGPAK,1,,,
FEGPEN,1,,,
FEGPIR,1,,,
FEGSOB,1,,,
FEHRAP,1,,,
FEHRET,1,,,
FEHRIX,1,,,
FEHSOC,1,,,
FEHSUI,1,,,
FEHTAP,1,,,
FEHTET,1,,,
FEJDEG,1,,,
FEJDUW,1,,,
FEJSES,1,,,
FEJTUL,1,,,
FEJVAT,1,,,
FEJVEX,1,,,
FEJVIB,1,,,
FEJWOK,1,,,
FEKKUC,1,,,
FEKWIB,1,,,
FEKXIG,1,,,
FEKYOK,1,,,
FEMDEH,1,,,
FEMJOY,1,,,
FEMMOZ,1,,,
FEPWED,1,,,
FEPXON,1,,,
FEPZUZ,1,,,
FEQFAL,1,,,
FEQJOE,1,,,
FEQJUK,1,,,
FEQQIC,1,,,
FEQQOI,1,,,
FEQQUO,1,,,
FEQRAV,1,,,
FEQREZ,1,,,
FEQRID,1,,,
FEQROJ,1,,,
FEQZIN,1,,,
FERDEO,1,,,
FERMAT,1,,,
FERVIH,1,,,
FESHER,1,,,
FESSOL,1,,,
FESTEC,1,,,
FESWUY,1,,,
FESXAF,1,,,
FESXEJ,1,,,
FESXIN,1,,,
FESYAG,1,,,
FESZAI,1,,,
FETZUZ,1,,,
FEVGAQ,1,,,
FEVPOM,1,,,
FEVPUS,1,,,
FEVQAZ,1,,,
FEVRIH,1,,,
FEVVOS,1,,,
FEXFUN,1,,,
FEXHAR,1,,,
FEXHEV,1,,,
FEXHIZ,1,,,
FEXHOF,1,,,
FEXHUL,1,,,
FEXKUP,1,,,
FEXLAW,1,,,
FEXMUR,1,,,
FEXNAY,1,,,
FEXPOO,2,,,
FEXPUU,2,,,
FEXQIJ,2,,,
FEXSIN,1,,,
FEYDES,1,,,
FEYXUD,1,,,
FEYYAK,1,,,
FEYYEO,1,,,
FEYYIS,1,,,
FEYYOZ,1,,,
FEYYUE,1,,,
FEZKOK,1,,,
FEZLAX,1,,,
FIDGAA,1,,,
FIDMAK,1,,,
FIDMEO,1,,,
FIDMIS,1,,,
FIDQAM,1,,,
FIDQEQ,1,,,
FIDWUK,1,,,
FIDXAR,1,,,
FIFFUW,1,,,
FIFTEV,2,,,
FIFTIZ,2,,,
FIFTOF,2,,,
FIGBOM,1,,,
FIGDAE,1,,,
FIGZAW,1,,,
FIHDOR,1,,,
FIHDUX,1,,,
FIHWEB,1,,,
FIHYIE,1,,,
FIJDOV,1,,,
FIJDUB,1,,,
FIJFAJ,1,,,
FIKBUZ,1,,,
FIKNEV,1,,,
FILDIO,1,,,
FILDOU,1,,,
FILGOZ,1,,,
FILKOA,1,,,
FILWUU,1,,,
FILYUW,1,,,
FIMFAJ,1,,,
FIMHAK,1,,,
FIMJIV,1,,,
FIMQOK,1,,,
FINWEE10,1,,,
FIPBEN,1,,,
FIPXIN,1,,,
FIPZAJ,1,,,
FIPZUB,1,,,
FIQBAK,1,,,
FIRKUN,1,,,
FISGOD,1,,,
FISNIF,1,,,
FISRIJ,1,,,
FISROO,1,,,
FISSIK,1,,,
FIVYIS,1,,,
FIWDIB,1,,,
FIWDOH,1,,,
FIWLEG,1,,,
FIWNEE01,1,,,
FIWSAJ,1,,,
FIXBUK,2,,,
FIXFAX,1,,,
FIXFEB,1,,,
FIXMII,1,,,
FIXPEK,2,,,
FIXPIO,1,,,
FIXPUA,1,,,
FIXYAM,1,,,
FIXYEQ,1,,,
FIXZEU,1,,,
FIYQEL,1,,,
FIYWAN,1,,,
FIYWER,1,,,
FIYWIV,1,,,
FIYXEQ,1,,,
FIZDEB,1,,,
FIZKUY,1,,,
FIZLAF,1,,,
FIZQIS,1,,,
FIZQOY,1,,,
FIZTIU,1,,,
FOBHIN,1,,,
FOBHIN10,1,,,
FOBKOW,1,,,
FOBYAZ,1,,,
FOCNOB,1,,,
FODBIN,1,,,
FODHOX,1,,,
FODTEX,1,,,
FODTIB,1,,,
FOFDIN,1,,,
FOGNUO,1,,,
FOGXUY,1,,,
FOGZAD,1,,,
FOGZEG,1,,,
FOGZEI,1,,,
FOGZUW,1,,,
FOHMOI,1,,,
FOHYIO,1,,,
FOJJET,1,,,
FOJMIE,1,,,
FOJMOK,1,,,
FOJMUQ,1,,,
FOJPOK,1,,,
FOJPUQ,1,,,
FOJQAX,1,,,
FOJQEB,1,,,
FOJQEE,1,,,
FOJQII,1,,,
FOKCUE,1,,,
FOKFIU,1,,,
FOKYUD,1,,,
FOKZUC,1,,,
FOLBIS,1,,,
FOLMUQ,1,,,
FOLNED,1,,,
FOLNIH,1,,,
FOLNON,1,,,
FOLNUT,1,,,
FOLPAB,1,,,
FOLPEF,1,,,
FOLPOP,1,,,
FOLPUV,1,,,
FOLQEG,1,,,
FOLQIK,1,,,
FOLTIK,1,,,
FOMMOJ,1,,,
FOMNOO,1,,,
FOMNUU,1,,,
FOMPAC,1,,,
FOMPEG,1,,,
FOMPIK,1,,,
FOMPOQ,1,,,
FOMSIJ,1,,,
FOMYAH,1,,,
FOMYEL,1,,,
FONBAL,1,,,
FONBUI,1,,,
FONRAF,1,,,
FOPCAO,1,,,
FOPCAO01,1,,,
FOQDAR,1,,,
FOQJUQ,1,,,
FOQMII,1,,,
FOQMOO,1,,,
FOQXES,1,,,
FOQZIV,1,,,
FOQZUJ,1,,,
FORHOJ,1,,,
FORRIR,1,,,
FORSAK,1,,,
FORSOY,1,,,
FORTUB,1,,,
FORVAJ,1,,,
FORVEN,1,,,
FORXAP,1,,,
FOSMIJ,1,,,
FOSNEG,1,,,
FOSNIK,1,,,
FOTHUT,1,,,
FOTJEF,1,,,
FOTJIJ,1,,,
FOTJOP,1,,,
FOTKAC,1,,,
FOTKEG,1,,,
FOTKIK,1,,,
FOTKOQ,1,,,
FOTYES,1,,,
FOTYOC,2,,,
FOVRIS,1,,,
FOVSEP,1,,,
FOVVET,1,,,
FOVWUK,1,,,
FOXGOQ,1,,,
FOXGUW,1,,,
FOXQEO,2,,,
FOXQIS,2,,,
FOXREQ,1,,,
FOXREQ01,1,,,
FOXREQ02,1,,,
FOXTOC,1,,,
FOXTUH,1,,,
FOXWIY,1,,,
FOXZEX,1,,,
FOYSUH,1,,,
FOZDAZ10,1,,,
FOZDIH01,1,,,
FOZDON,1,,,
FOZLOX,1,,,
FOZLUD,1,,,
FOZPEP,1,,,
FOZSEU,1,,,
FOZXIF,1,,,
FOZXOL,1,,,
FOZXUR,1,,,
FUBGOY,1,,,
FUBGUE,1,,,
FUBHAL,1,,,
FUBHIU,1,,,
FUBHOB,1,,,
FUBHUH,1,,,
FUBJER,1,,,
FUBJIV,1,,,
FUBNAU,1,,,
FUBXOS,2,,,
FUBXUX,1,,,
FUBYAE,1,,,
FUDCUG,1,,,
FUDDAN,1,,,
FUDFIX,2,,,
FUDFOD,2,,,
FUDSEC10,1,,,
FUDSIG10,1,,,
FUDSOM10,1,,,
FUFCEP,1,,,
FUFCEP01,1,,,
FUFCIT,1,,,
FUFLID,1,,,
FUFSAD,1,,,
FUFVAG,1,,,
FUGHOG,1,,,
FUGREI,1,,,
FUHCIV,1,,,
FUHDUK,1,,,
FUHPUV,1,,,
FUHZUE,1,,,
FUJBOB,1,,,
FUJGIC,1,,,
FUJVOW,1,,,
FUJVOZ,1,,,
FULCIA,1,,,
FULCOG,1,,,
FULCUM,1,,,
FULDAT,1,,,
FULDEX,1,,,
FULJIH,1,,,
FULJOP,1,,,
FULKAB,1,,,
FULXAO,1,,,
FUMCIA,1,,,
FUMFUP,1,,,
FUMMUX,1,,,
FUMPIO,1,,,
FUMPOU,1,,,
FUNLUV,1,,,
FUNQAK,1,,,
FUNVUF,1,,,
FUNZAP,1,,,
FUQVIX,1,,,
FUQWOE,1,,,
FUQWUK,1,,,
FURCED,1,,,
FURSIY,1,,,
FUSFAC,1,,,
FUSFEG,1,,,
FUSFIK,1,,,
FUSFOQ,1,,,
FUSFUW,1,,,
FUSGAD,1,,,
FUSGEH,1,,,
FUTCUS,1,,,
FUTDIL,1,,,
FUTDOR,1,,,
FUTTOG,1,,,
FUTXAU,1,,,
FUTXUO,1,,,
FUTYAV,1,,,
FUTYEZ,1,,,
FUTYID,1,,,
FUTYOJ,1,,,
FUVLAM,1,,,
FUVROF,1,,,
FUVRUL,1,,,
FUVSAS,1,,,
FUVSEW,1,,,
FUVSIA,1,,,
FUVSOG,1,,,
FUVTIC,1,,,
FUVTOI,1,,,
FUWBUY,1,,,
FUWPES,1,,,
FUWVEA,1,,,
FUXXUV,1,,,
FUXYOM,1,,,
FUXYOM01,1,,,
FUYQAS,1,,,
FUYSOH,1,,,
FUYSUN,1,,,
FUYXUW,1,,,
FUYYEH,1,,,
FUZRUN,1,,,
GABROQ,1,,,
GABSAD,1,,,
GABSIL,1,,,
GABSOR,1,,,
GACQAH,1,,,
GACQEL,1,,,
GACQIP,1,,,
GACQOV,1,,,
GACYUG,1,,,
GACZAN,1,,,
GADLAY,1,,,
GADNOO,1,,,
GADVAK,1,,,
GADVEN,1,,,
GAFDAS,1,,,
GAFGAW,1,,,
GAFGEA,1,,,
GAFGIE,1,,,
GAFGUQ,1,,,
GAFRUB,1,,,
GAFSEL,1,,,
GAGBEZ,1,,,
GAGCAW,1,,,
GAGDEA,1,,,
GAGFEZ11,1,,,
GAGFEZ12,1,,,
GAGGAB,1,,,
GAGGIJ,1,,,
GAGLUA,1,,,
GAGMEL,1,,,
GAGTEO,1,,,
GAGTIS,1,,,
GAGVAL01,1,,,
GAHFII,1,,,
GAJGII,1,,,
GAJMEO,1,,,
GAJVAO,1,,,
GAKCOO,1,,,
GAKHIM,1,,,
GAKNIS,1,,,
GAKNOY,1,,,
GAKNUE,1,,,
GAKQIU,1,,,
GAKQOA,1,,,
GAKQUH,1,,,
GAKRES,1,,,
GAKVUN,1,,,
GAKYAX,1,,,
GALMUC,1,,,
GALNAJ,1,,,
GALNEN,1,,,
GALTAS,1,,,
GALTEW,1,,,
GALVOE,1,,,
GAMKUE,1,,,
GAMMEP,1,,,
GAMMIT,1,,,
GAMWAT,1,,,
GAMWEX,1,,,
GAMWIB,1,,,
GANCUV,2,,,
GANDOQ,2,,,
GANDUW,2,,,
GANZUT,1,,,
GAPBAD,1,,,
GAPBEH,1,,,
GAPCEG,1,,,
GAPHAI,1,,,
GAQQIB,1,,,
GAQQOH,1,,,
GAQQUN,1,,,
GAQRAU,1,,,
GAQYON,1,,,
GARCEK,1,,,
GARCEK01,1,,,
GARDAI,1,,,
GASJEQ,1,,,
GASJIU,1,,,
GATBAH,1,,,
GATBEL,1,,,
GATBIP,1,,,
GATBOV,1,,,
GATGOZ,1,,,
GATGUF,1,,,
GATHAM,1,,,
GATHEQ,1,,,
GATKOB,1,,,
GATKOC,1,,,
GATKUI,1,,,
GATLAP,1,,,
GATPOK,1,,,
GATQAX,1,,,
GATSEC,1,,,
GATWOQ,1,,,
GATWUW,1,,,
GAVXOT,1,,,
GAVYEK,1,,,
GAWLEY,1,,,
GAWLIC,1,,,
GAWLID,1,,,
GAWLOI,1,,,
GAWNAW,1,,,
GAWNAW01,1,,,
GAWNEA,1,,,
GAWZEM,1,,,
GAWZIQ,1,,,
GAXGUK,1,,,
GAXHAQ,1,,,
GAXHAR,1,,,
GAXMUQ,1,,,
GAYGES,1,,,
GAZHUM,1,,,
GAZJAU,1,,,
GAZQEF,1,,,
GEBMUV,1,,,
GEDFIH,1,,,
GEDTES,1,,,
GEDTUI,1,,,
GEFJIK,1,,,
GEFJOQ,1,,,
GEFJUZ,1,,,
GEFLOW,1,,,
GEFMAG,1,,,
GEFQER,1,,,
GEFSEP,1,,,
GEFSOA,1,,,
GEFTIX,1,,,
GEGGOO,1,,,
GEGGUU,1,,,
GEGJAD01,1,,,
GEGJAD02,1,,,
GEGPAL,1,,,
GEGPIR,1,,,
GEGQOA,1,,,
GEGQUG,1,,,
GEGRIT,1,,,
GEGRIT01,1,,,
GEGRIT02,1,,,
GEHBAZ,1,,,
GEHBUR,1,,,
GEHHUZ,1,,,
GEHKUC,1,,,
GEHLAJ,1,,,
GEHLEN,1,,,
GEJNES,1,,,
GEJPIW,1,,,
GEJSOG,1,,,
GEJSUN,1,,,
GEJTAU,1,,,
GEJTEY,1,,,
GEJWID,1,,,
GEKNAN,1,,,
GEKTOF,1,,,
GELGUZ,1,,,
GELJEM,1,,,
GELQAP,1,,,
GEMBEJ,1,,,
GEMCIN,1,,,
GEMSAU,1,,,
GEMZII,1,,,
GENVUQ,1,,,
GENWAX,1,,,
GENWEB,1,,,
GENWIF,1,,,
GENWOL,1,,,
GENWUR,1,,,
GEPPAU,1,,,
GEPPAU01,1,,,
GEPPAU02,1,,,
GEPPIE,1,,,
GEPYUW,1,,,
GEQJUI,1,,,
GEQTEB,1,,,
GEQTIF,1,,,
GERFUI,1,,,
GERKET,1,,,
GERKIX,1,,,
GERLUK,1,,,
GERYOV,1,,,
GERYUB,1,,,
GERZAI,1,,,
GERZEM,1,,,
GERZIQ,1,,,
GERZOW,1,,,
GESCEM,1,,,
GESNUN,1,,,
GESNUN01,1,,,
GESPEB,1,,,
GESPEZ,1,,,
GESPIF,1,,,
GESQAW,1,,,
GESQOK,1,,,
GESTON,1,,,
GETKUM,1,,,
GETLAT,1,,,
GETSUU,1,,,
GEVWEJ,1,,,
GEWJID,1,,,
GEWZIV,1,,,
GEWZOB,1,,,
GEWZUG,1,,,
GEXBAP,1,,,
GEXBET,1,,,
GEXPUX,2,,,
GEYKED,1,,,
GEYKON,1,,,
GEYKUT,1,,,
GEYPUY,1,,,
GEZMUW,1,,,
GIBFEG,1,,,
GIBRES,1,,,
GIBXIZ,1,,,
GIBXOF,1,,,
GICBUQ,1,,,
GICCAX,1,,,
GICHOP,1,,,
GICNOV,1,,,
GICNUB,1,,,
GICPAJ,1,,,
GIDLEL,1,,,
GIDNEO,1,,,
GIDNIS,1,,,
GIDNOY,1,,,
GIDNUE,1,,,
GIDXUO,1,,,
GIDYAV,1,,,
GIDYEY,1,,,
GIDYEZ,2,,,
GIDYIC,1,,,
GIDYID,1,,,
GIFLUD,1,,,
GIGHOW,1,,,
GIGJAL,1,,,
GIGJEP,1,,,
GIGJOZ,1,,,
GIGJUF,1,,,
GIGMOZ,1,,,
GIGMUF,1,,,
GIGNAM,1,,,
GIGTEW,1,,,
GIHJUG,1,,,
GIJSUQ,1,,,
GIJYEF,1,,,
GIJYUV,1,,,
GIKCOV,2,,,
GIKKEQ,1,,,
GIKZEH,1,,,
GILDAH,1,,,
GILGAK,1,,,
GILGIU,1,,,
GILGOA,1,,,
GILHIV,1,,,
GILQOJ,1,,,
GILREA,1,,,
GILTUT,1,,,
GILVAB,1,,,
GILVIJ,1,,,
GILXOP,1,,,
GILYAE,1,,,
GILYIL,1,,,
GILZUX,1,,,
GIMNEX,1,,,
GIMNIB,1,,,
GIMRIH,1,,,
GINBOX,1,,,
GINBUD,1,,,
GINMUN,1,,,
GINNID,1,,,
GINSEE,1,,,
GINVUX,1,,,
GINWOR,1,,,
GIPDIS,1,,,
GIPLUO,1,,,
GIPPED,1,,,
GIPPIH,1,,,
GIQJUL,1,,,
GIQKAS,1,,,
GIQKIA,1,,,
GIQKOG,1,,,
GIQKUM,1,,,
GIQLAT,1,,,
GIQLEX,1,,,
GIQMUS,1,,,
GIQPEB,1,,,
GIRGAT,1,,,
GIRGEX,1,,,
GIRPEF,2,,,
GIRPIJ,2,,,
GIRQOO,1,,,
GIRWIR,1,,,
GIRWUD,1,,,
GIRYUF,1,,,
GIRZAM,1,,,
GIRZEQ,1,,,
GIRZIU,1,,,
GISRIN,1,,,
GISROT,1,,,
GISSAG,1,,,
GISSOR,1,,,
GISZAM,1,,,
GIVFIA,1,,,
GIVKUS,1,,,
GIWJAY,1,,,
GIWMII,1,,,
GIWQOT,1,,,
GIWQOT01,1,,,
GIXDAV,1,,,
GIXDEX,1,,,
GIXFOJ,1,,,
GIXFUP,1,,,
GIXPEI01,2,,,
GIXPEI02,2,,,
GIXPEI04,2,,,
GIYGED,1,,,
GIYKAA,1,,,
GIYPIQ,1,,,
GIYTEN,1,,,
GIYTEN01,1,,,
GIYTEQ,1,,,
GIYTIU,1,,,
GIYTOA,1,,,
GIZCUR,1,,,
GIZDAY,1,,,
GIZDEC,1,,,
GIZDIG,1,,,
GIZDOM,1,,,
GIZLUA,1,,,
GIZNAE,1,,,
GIZNAE01,1,,,
GIZPIO,1,,,
GIZROA,1,,,
GLSARM,1,,,
GOBBAB,1,,,
GOBBEF,1,,,
GOBFAF,1,,,
GOBFEJ,1,,,
GOBHEO,1,,,
GOBJIR,1,,,
GOBJOX,1,,,
GOBJUD,1,,,
GOBRAQ,1,,,
GOBSIZ,1,,,
GOBSOF,1,,,
GOBTIA,1,,,
GOBTOG,1,,,
GOBWEZ,1,,,
GOBWOL,1,,,
GOBYAX,1,,,
GOBYAX01,1,,,
GOBYIF,1,,,
GOBYOL,1,,,
GOBYUR,1,,,
GOBZAY,1,,,
GOBZEC,1,,,
GOBZIK,1,,,
GOCFAJ,1,,,
GOCFUA,2,,,
GOCGAH,2,,,
GOCHAL,1,,,
GOCPOH,1,,,
GOCPUM,1,,,
GOCYUS,1,,,
GOCYUS02,1,,,
GODFIS,1,,,
GODNAS,1,,,
GODNOC,1,,,
GODNOG,1,,,
GODWUU,1,,,
GODXUT,1,,,
GODYON,1,,,
GOFDOY,1,,,
GOFKAO,1,,,
GOFLOG,1,,,
GOFWON,2,,,
GOFWOR,1,,,
GOFXAD,1,,,
GOFYOP,2,,,
GOGBIP,1,,,
GOGBOV,1,,,
GOGFIV,1,,,
GOGFOB,1,,,
GOGMAR,1,,,
GOGNIA,1,,,
GOGRIH,1,,,
GOGRON,1,,,
GOGSOM,1,,,
GOGSUS,1,,,
GOGTIH,1,,,
GOGZOT,1,,,
GOHKAQ,1,,,
GOHKEU,1,,,
GOHKIY,1,,,
GOHKOE,1,,,
GOHKUJ,1,,,
GOHKUK,1,,,
GOHLAR,1,,,
GOHPAV,1,,,
GOJLUO,1,,,
GOKDER,1,,,
GOKFOB,1,,,
GOKGEU,1,,,
GOKPEB,1,,,
GOKQED,1,,,
GOKQIH,1,,,
GOKQUS,1,,,
GOKREE,1,,,
GOKREE01,1,,,
GOKROO,1,,,
GOKRUU,1,,,
GOLLUR,1,,,
GOLXUC,1,,,
GOLYUF,1,,,
GOLZUE,1,,,
GOMBEQ,1,,,
GOMMOL,1,,,
GOMMUQ,1,,,
GOMNIG,1,,,
GOMQOP,1,,,
GOMWIS,1,,,
GOMZEN,1,,,
GOMZIR,1,,,
GONFEU,1,,,
GONFIY,1,,,
GOPFAU,1,,,
GOPGAT,1,,,
GOPMUT,1,,,
GOPNAA,1,,,
GOPQOT,1,,,
GOQMEH,1,,,
GOQNOT,1,,,
GOQQAH,1,,,
GOQTOV,2,,,
GORNUW,1,,,
GORSEO,1,,,
GORSOV,1,,,
GORSUB,1,,,
GORTAI,1,,,
GOSXEU,1,,,
GOSXUL,1,,,
GOVJEK,1,,,
GOVJIO,1,,,
GOVJOU,1,,,
GOVYUL,1,,,
GOWFEG,1,,,
GOWFOQ,1,,,
GOWGAD,1,,,
GOWGEH,1,,,
GOWGIL,1,,,
GOWHAB,1,,,
GOWLIQ,1,,,
GOXWAR,1,,,
GOXWAR01,1,,,
GOYCAY,1,,,
GOYHUX,2,,,
GOYJIR,1,,,
GOYRUJ,1,,,
GOZCON,1,,,
GOZGUX,1,,,
GOZMUD,1,,,
GRISOV10,1,,,
GUBBAI,1,,,
GUBBAI01,1,,,
GUBBEM,1,,,
GUBBIQ,1,,,
GUBHOA,1,,,
GUBJAP,1,,,
GUBJET,1,,,
GUBJOF,1,,,
GUBNEY,1,,,
GUBNIC,1,,,
GUBVIK,1,,,
GUCHUI,1,,,
GUCQIF,1,,,
GUCQOL,1,,,
GUCTEF,1,,,
GUCVAE,1,,,
GUCVUV,1,,,
GUCXEJ,1,,,
GUCYUC,1,,,
GUDHOD,1,,,
GUDHUJ,1,,,
GUDJEU,1,,,
GUDJIY,1,,,
GUDJOE,1,,,
GUDKEW,1,,,
GUFTOU,1,,,
GUGGOE,1,,,
GUGGUK,1,,,
GUGGUL,1,,,
GUGHAU,1,,,
GUGSOT,1,,,
GUGWOV,1,,,
GUGWUB,1,,,
GUHBOB,1,,,
GUHBUH,1,,,
GUHQOQ,1,,,
GUHROT,1,,,
GUHRUZ,1,,,
GUHSAG,1,,,
GUHSEI,1,,,
GUJPEG,1,,,
GUJQEH,1,,,
GUJQIL,1,,,
GUJWIT,1,,,
GUJWOZ,1,,,
GUJZAM,1,,,
GUJZEQ,1,,,
GULCEX,1,,,
GULTIT,1,,,
GUMBOF,1,,,
GUMBUL,1,,,
GUMNIN,1,,,
GUMRIP,1,,,
GUMRIP01,1,,,
GUMRUE,1,,,
GUMSAL,1,,,
GUMVUG,1,,,
GUMVUG01,1,,,
GUMXEV,1,,,
GUMYAS,1,,,
GUNNEJ,1,,,
GUNNIN,1,,,
GUPBAY,1,,,
GUPCAX,1,,,
GUPCEB,1,,,
GUPGIK,1,,,
GUPKIL,1,,,
GUPKOR,1,,,
GUPKUX,1,,,
GUPPAM,1,,,
GUPSUI,1,,,
GUPZUQ,1,,,
GUQNEM,1,,,
GUQTAR,1,,,
GUQXOG,1,,,
GUQXOG01,1,,,
GURBEA,1,,,
GURHOQ,1,,,
GUSZAX,1,,,
GUSZEA,1,,,
GUSZIE,1,,,
GUTLAL,1,,,
GUTLEP,1,,,
GUTLIT,1,,,
GUTLOZ,1,,,
GUTLUF,1,,,
GUTQER,1,,,
GUTVOJ,1,,,
GUTVOJ01,1,,,
GUTWAW,1,,,
GUTWEA,1,,,
GUTXAV,1,,,
GUTYUP,1,,,
GUVLEP,1,,,
GUVRIA,1,,,
GUVRIZ,1,,,
GUVZEC,1,,,
GUVZIG,1,,,
GUWMUI,1,,,
GUWRUL,1,,,
GUWSEZ,1,,,
GUWZEG,1,,,
GUXVOL,1,,,
GUXXUT,1,,,
GUXYAA,1,,,
GUXYIJ,1,,,
GUYWAZ,1,,,
GUYWED,1,,,
GUYWIH,1,,,
GUZMUJ,1,,,
GUZPEA,1,,,
GUZPIE,1,,,
GUZPOK,1,,,
GUZQAT,1,,,
HABGAX,1,,,
HABSEL,1,,,
HABTIN,1,,,
HABWUC,1,,,
HABXAJ,1,,,
HABXIR,1,,,
HABXOX,1,,,
HABYIS,1,,,
HABYUE,1,,,
HABZAL,1,,,
HABZUF,1,,,
HACDEW,1,,,
HACKEB,1,,,
HACKII,1,,,
HACKOO,1,,,
HACKUU,1,,,
HACLUT,1,,,
HACMEE,1,,,
HACMII,1,,,
HACNOP,1,,,
HACTEN,1,,,
HACWOA,1,,,
HACYAM,1,,,
HADCEV,1,,,
HADJEC,1,,,
HADNOP,1,,,
HADNOP01,1,,,
HADZIV,1,,,
HADZIV01,1,,,
HAFGUR,1,,,
HAFVIT,1,,,
HAGDUP,1,,,
HAGMOR,1,,,
HAGSIU,1,,,
HAGVER,1,,,
HAGWIZ,1,,,
HAGZOI,1,,,
HAHBIF,1,,,
HAHBOL,1,,,
HAHDAV,1,,,
HAHDEZ,1,,,
HAHNOW,1,,,
HAHSUH,1,,,
HAKDED,1,,,
HAKDIH,1,,,
HAKDON,1,,,
HAKDUT,1,,,
HAKFAB,1,,,
HALBEC,1,,,
HALBOM,1,,,
HALCAZ,1,,,
HALCIH,1,,,
HALSUM,1,,,
HALTIA,1,,,
HALZUP,1,,,
HAMBIJ,1,,,
HAMCOQ,1,,,
HAMHEJ,1,,,
HAMNUE,1,,,
HAMPAM,1,,,
HANHAJ,1,,,
HANHEJ,1,,,
HANJIS,1,,,
HAPPUN,1,,,
HAPVIF,1,,,
HAPYII,1,,,
HAPYOO,1,,,
HAQDIP,1,,,
HARGOY,1,,,
HARWIJ,1,,,
HARWOP,1,,,
HASDOX,2,,,
HASXOQ,1,,,
HASXUW,1,,,
HASYAD,1,,,
HASYEH,1,,,
HASYIL,1,,,
HAVBOY,1,,,
HAVBUE,1,,,
HAVDUD,1,,,
HAVFAL,1,,,
HAVFEP,1,,,
HAVFIT,1,,,
HAWWEH,1,,,
HAXVOT,1,,,
HAXWUA,1,,,
HAXYAG,1,,,
HAXYEK,1,,,
HAYBOY,1,,,
HAYWEJ,1,,,
HAYWOT,1,,,
HAZLIF,1,,,
HAZLOL,1,,,
HAZMAY,1,,,
HAZMEC,1,,,
HEBCAT,1,,,
HEBHUR,1,,,
HEBQAG,1,,,
HECFOO,1,,,
HECHIG,1,,,
HECTIW,1,,,
HECTOC,1,,,
HEDGAB,1,,,
HEDGOP,1,,,
HEDMUZ,1,,,
HEFCII,1,,,
HEGHEK,1,,,
HEGMUF,1,,,
HEGNEO,1,,,
HEGNIS,1,,,
HEGNOY,1,,,
HEGSUJ,1,,,
HEHKUE,1,,,
HEHYAU,1,,,
HEJGIO,1,,,
HEJPIV,1,,,
HEJPOB,1,,,
HEJPUH,1,,,
HEJQIA,1,,,
HEJQUM,1,,,
HEJRAP,1,,,
HEJRAT,1,,,
HEJWIE,1,,,
HEJWOK,1,,,
HEJWUQ,1,,,
HEJZUT,1,,,
HEKBII,1,,,
HEKSOI,1,,,
HEKSOJ,1,,,
HEKSUO,1,,,
HEKTAV,1,,,
HEKTEZ,1,,,
HELXUR01,1,,,
HEMJAK,1,,,
HEMNIW,1,,,
HEMROG,1,,,
HEMRUM,1,,,
HEMVAA,1,,,
HEQGEP,1,,,
HEQGEP01,1,,,
HEQHOB,1,,,
HERRAY,1,,,
HERREC,1,,,
HERRIG,1,,,
HERWOR,1,,,
HESBEN,1,,,
HESFOD,1,,,
HESFUG,1,,,
HESJUN,1,,,
HESKUM,1,,,
HESKUO,1,,,
HESLAV,1,,,
HESLEZ,1,,,
HESLID,1,,,
HESQEC,1,,,
HESXEL,1,,,
HESXIN,1,,,
HETDEP,1,,,
HETFUI,1,,,
HETGAP,1,,,
HETJIA,1,,,
HETKIB,1,,,
HETKOH,1,,,
HETXOU,1,,,
HEVHIC,1,,,
HEVPOO,1,,,
HEVTAF,1,,,
HEVTOR,1,,,
HEVXIP,1,,,
HEVYUC,1,,,
HEWCUH,1,,,
HEWHAT,1,,,
HEXHOH,1,,,
HEXMEC,1,,,
HEXMHP01,1,,,
HEXMHP02,1,,,
HEXMHP03,1,,,
HEXZEP,1,,,
HEYJEA,1,,,
HEYQIM,1,,,
HEYVAL,2,,,
HEYVEP,1,,,
HEZMUX,1,,,
HEZSOV,1,,,
HEZTEM,1,,,
HEZTIQ,1,,,
HEZTOW,1,,,
HEZTUC,1,,,
HIBBIE,1,,,
HIBBOK,1,,,
HIBLIN,1,,,
HIBLUB,1,,,
HIBZEZ,2,,,
HIBZID,2,,,
HICCOM,1,,,
HICCUS,1,,,
HICDAZ,1,,,
HICDED,1,,,
HICDIH,1,,,
HICDON,1,,,
HICLEL,1,,,
HICTAS,1,,,
HIDZEZ,1,,,
HIFBAC,1,,,
HIFCEH,1,,,
HIFDIJ,1,,,
HIFHEK,2,,,
HIFWIC,1,,,
HIFZEB,1,,,
HIGHOU,1,,,
HIGLAK,1,,,
HIGRIZ,1,,,
HIGXIE,1,,,
HIGYAX,1,,,
HIHDAE,1,,,
HIHLIU,1,,,
HIHMAN,1,,,
HIHNER,1,,,
HIHPOD,1,,,
HIHXAZ,1,,,
HIJFUE,1,,,
HIJVOM,1,,,
HIJWIG,1,,,
HIKGUD,1,,,
HIKHEO,1,,,
HIKNOH,1,,,
HILSUU,1,,,
HILTEE,1,,,
HILTII,1,,,
HILTOO,1,,,
HILWUV,1,,,
HILXEG,1,,,
HIMJEV,1,,,
HIMYOT,1,,,
HINFAO,1,,,
HINKOH,1,,,
HINPOM,1,,,
HIPPAA,1,,,
HIPQIK,1,,,
HIQHOH,1,,,
HIQHUN,1,,,
HIQNED,1,,,
HIRKEY,1,,,
HIRKUQ,1,,,
HIRLEB,1,,,
HIRROS,1,,,
HIRRUY,1,,,
HIRSAF,1,,,
HIRYIT,1,,,
HISHUQ,1,,,
HISQOQ,1,,,
HISSEH,1,,,
HITCEU,1,,,
HITCIY,1,,,
HITPOP,1,,,
HITVIS,1,,,
HITZIV,1,,,
HITZUH,1,,,
HIVPEH,1,,,
HIVSIP,1,,,
HIVVOB,1,,,
HIVVUH,1,,,
HIVZIY,1,,,
HIWDUP,2,,,
HIWNEG,1,,,
HIWNIK,1,,,
HIWTOA,1,,,
HIWYAN,1,,,
HIWYER,1,,,
HIWZES,1,,,
HIXHEE,1,,,
HIXLEH,1,,,
HIYFAA,1,,,
HIYLAC,1,,,
HIYLIM,1,,,
HIYLOS,1,,,
HIYNIQ,1,,,
HIYSUE,1,,,
HIYTAL,1,,,
HIYYAR,1,,,
HIYYEV,1,,,
HIYYIZ,1,,,
HIZGUV,1,,,
HIZRIU,1,,,
HMTETZ11,1,,,
HMTZCD01,1,,,
HOBCEG,1,,,
HOBCOR,1,,,
HOBGEM,1,,,
HOBWAY,1,,,
HOCKOZ,1,,,
HOCNIZ,1,,,
HOCNOF,1,,,
HOCNUL,1,,,
HOCPAT,1,,,
HOCPEX,1,,,
HOCRAT,1,,,
HOCRIA,1,,,
HOCSUQ,1,,,
HODDOU,1,,,
HODFUF,2,,,
HODGAM,2,,,
HODGEQ,2,,,
HODGIU,2,,,
HODGOA,2,,,
HODGUG,2,,,
HODHIV,2,,,
HODJET,2,,,
HODKOB,1,,,
HODKOB01,1,,,
HOFGIS,1,,,
HOFGOC,1,,,
HOFMAQ,1,,,
HOFMAQ01,1,,,
HOFMEU,1,,,
HOFXIN,1,,,
HOGFOC,1,,,
HOGFUI,1,,,
HOGGAP,1,,,
HOGGET,1,,,
HOGGIX,1,,,
HOGGOD,1,,,
HOHDUE,1,,,
HOHKIZ,1,,,
HOHWEI,1,,,
HOHXIO,1,,,
HOJBOA,1,,,
HOJBOX,1,,,
HOJCOC,1,,,
HOJNEC,1,,,
HOJQOQ,1,,,
HOKCIT,1,,,
HOKFIY,1,,,
HOKNUQ,1,,,
HOKPAY,1,,,
HOKPAY01,1,,,
HOKXOW,1,,,
HOKZAM,1,,,
HOLPUU,1,,,
HOMDOF,1,,,
HOMJOI,1,,,
HOMLIE,1,,,
HOMLOK,1,,,
HOMLUQ,1,,,
HOMNOM,1,,,
HOMNUS,1,,,
HOMPAA,1,,,
HOMPEE,1,,,
HOMPII,1,,,
HOMSEH,1,,,
HONWOZ,1,,,
HONWUF,1,,,
HONYOA,1,,,
HONYUG,1,,,
HOPXUF,1,,,
HOQSUB01,1,,,
HOQYUK,1,,,
HOQZAR,1,,,
HOQZEU,1,,,
HOQZOE,1,,,
HORBAT,1,,,
HORBEX,1,,,
HORBIC,1,,,
HORSEO,1,,,
HORSIS,1,,,
HOSBUO,1,,,
HOSHUW,1,,,
HOSJAE,1,,,
HOSMEJ,1,,,
HOTGON,1,,,
HOTHEE,1,,,
HOTLAE,1,,,
HOTLEK,1,,,
HOTLIO,1,,,
HOTTAP,1,,,
HOVTIY,1,,,
HOWHAD,1,,,
HOWHEH,1,,,
HOWHUZ,1,,,
HOWJOT,1,,,
HOWRUJ,1,,,
HOXNUG,1,,,
HOYPUI,1,,,
HOYXOL,1,,,
HOZCAC,1,,,
HOZJIQ,1,,,
HOZKAJ,1,,,
HOZKAM,1,,,
HOZKEQ,1,,,
HOZKIU,1,,,
HPXCDP01,1,,,
HUBMAS,1,,,
HUBMEW,1,,,
HUBROO,1,,,
HUBSIK,1,,,
HUBXIO,1,,,
HUBYAH,1,,,
HUCJIA,1,,,
HUCKUN,1,,,
HUCLAU,1,,,
HUCLUP,1,,,
HUCYUC,1,,,
HUDDAP,1,,,
HUDDET,1,,,
HUDDOD,1,,,
HUDDUJ,1,,,
HUDPEF,1,,,
HUFXAK,1,,,
HUFXOV,1,,,
HUGDIZ,1,,,
HUGPAB,1,,,
HUGSEL,1,,,
HUHCUJ,1,,,
HUHKAX,1,,,
HUHWAL,1,,,
HUKKOO,1,,,
HUKKUU,1,,,
HUKYAQ,1,,,
HUKYAQ01,1,,,
HUKYIY,1,,,
HULREL,1,,,
HUMDEP,1,,,
HUMDEP01,1,,,
HUMJUV,1,,,
HUMKAB,1,,,
HUMTEP,1,,,
HUMWAO,1,,,
HUMWES,1,,,
HUMWES01,1,,,
HUMXAR,1,,,
HUNCUO,1,,,
HUNCUO01,1,,,
HUNLEH,1,,,
HUNPOW,1,,,
HUNVAN,1,,,
HUNWUI,1,,,
HUNXAP,1,,,
HUPROZ,1,,,
HUPZIC,1,,,
HUPZIC01,1,,,
HUQGEH,1,,,
HUQVOE,1,,,
HUQVUK,1,,,
HURBUT,1,,,
HURLAI,1,,,
HURLEM,1,,,
HUSGUB,1,,,
HUSHEM,1,,,
HUSHOW,1,,,
HUSHUC,1,,,
HUSJAK,1,,,
HUSJIS,1,,,
HUSLOA,1,,,
HUSRUJ,1,,,
HUTJEL,1,,,
HUTPUJ,1,,,
HUVRID,1,,,
HUVTOI,1,,,
HUVXUV,1,,,
HUVYOP,1,,,
HUVYUU,1,,,
HUVZIL,1,,,
HUVZOR,1,,,
HUXJOC,1,,,
HUXJUI,1,,,
HUZBUB,1,,,
HUZCAI,1,,,
HUZMAU,1,,,
HUZMAU01,1,,,
HUZMAU02,1,,,
HUZMAU03,1,,,
HUZMAU04,1,,,
HUZMAU05,1,,,
HUZMAU06,1,,,
HUZMAU07,1,,,
HUZMAU08,1,,,
HUZMAU09,1,,,
HUZMAU10,1,,,
HUZMAU11,1,,,
HUZMAU12,1,,,
HUZMAU13,1,,,
HUZMAU14,1,,,
HUZMAU15,1,,,
HUZMAU16,1,,,
HUZMAU17,1,,,
HUZMAU18,1,,,
HUZMAU19,1,,,
HUZMAU20,1,,,
HUZMAU21,1,,,
HUZMAU22,1,,,
HUZMAU23,1,,,
HUZMAU24,1,,,
HUZMAU25,1,,,
HUZMAU26,1,,,
HUZMAU27,1,,,
HUZMAU28,1,,,
HUZMAU29,1,,,
HUZMAU30,1,,,
HUZMUM,1,,,
HUZVUW,1,,,
HUZWII,1,,,
HUZWOO,1,,,
HUZZEJ,1,,,
HUZZIN,1,,,
HUZZOT,1,,,
HUZZUZ,1,,,
HXCYCL,1,,,
HXZTBA,1,,,
HYAZCD,1,,,
HYCTDA,1,,,
HYCTDB,1,,,
HYCTDC,1,,,
IBACUM,1,,,
IBADUO,1,,,
IBAFAW,1,,,
IBAFEA,1,,,
IBAFIE,1,,,
IBAFOK,1,,,
IBAFUQ,1,,,
IBAGAX,1,,,
IBAGEB,1,,,
IBECIC01,2,,,
IBIGEG,1,,,
IBIWIB,1,,,
IBIYAW,1,,,
IBIYAW01,1,,,
IBOFAH,1,,,
IBOKAL,1,,,
IBOKEP,1,,,
IBOMUL,1,,,
IBUGAR,1,,,
IBUGEV,1,,,
IBUZOV,1,,,
IBUZUB,1,,,
ICABAQ,1,,,
ICACAT,1,,,
ICACEX,1,,,
ICACIB,1,,,
ICALON,1,,,
ICALON01,1,,,
ICAPUY,1,,,
ICENOT,1,,,
ICEREO,1,,,
ICEZAT,2,,,
ICEZIA,1,,,
ICIYAU,1,,,
ICOTAW,1,,,
ICOTIE,1,,,
ICUCIV,1,,,
ICUCOB,1,,,
ICUFAP,2,,,
ICUHOF,1,,,
ICUHUL,1,,,
IDACUM,1,,,
IDADAT,1,,,
IDADEX,1,,,
IDEVUJ,1,,,
IDEWEX,1,,,
IDIFAG,1,,,
IDINUE,1,,,
IDIPAP,1,,,
IDIPET,1,,,
IDIVUM,1,,,
IDIWEX,1,,,
IDOCUB,2,,,
IDOLIW,1,,,
IDOPUM,1,,,
IDUDOE,1,,,
IDUFAS,1,,,
IDUGAP,1,,,
IDUGET,1,,,
IDUGIX,1,,,
IDUKIC,1,,,
IDUZEN,1,,,
IDUZOA,1,,,
IFAJUU,1,,,
IFAMUB,1,,,
IFANAI,1,,,
IFAPIO,1,,,
IFECEE,1,,,
IFECII,1,,,
IFEDOM,1,,,
IFEFEF,1,,,
IFEFUU,1,,,
IFEGAB,1,,,
IFEMAJ,1,,,
IFEMEN,1,,,
IFEMIR,1,,,
IFEMOX,1,,,
IFEMUD,1,,,
IFENAK,1,,,
IFENEO,1,,,
IFENIS,1,,,
IFENUE,1,,,
IFEPEQ,1,,,
IFEQUF,1,,,
IFEQUG,1,,,
IFEROE,1,,,
IFERUK,1,,,
IFIFIN,1,,,
IFIKER,1,,,
IFIMIU,1,,,
IFINAM,1,,,
IFINIW,1,,,
IFINOC,1,,,
IFINUI,1,,,
IFIPAQ,1,,,
IFIPEU,1,,,
IFOHOD,1,,,
IFOTUT,1,,,
IFOVAB,1,,,
IFOVEF,1,,,
IFOVIJ,1,,,
IFOVOP,1,,,
IFOVUV,1,,,
IFOZEM,1,,,
IFOZUC,1,,,
IFULUU,1,,,
IFUMAB,1,,,
IFUWIP,1,,,
IFUYAM,1,,,
IFUYEQ,1,,,
IGABIF,1,,,
IGAFOP,1,,,
IGAMOW,1,,,
IGANOV,1,,,
IGAXAT,1,,,
IGAXIY,1,,,
IGAXOH,1,,,
IGEJUB,1,,,
IGEKIQ,1,,,
IGEPIV,1,,,
IGEPOB,1,,,
IGEZAX,1,,,
IGEZUQ,2,,,
IGIBEG,2,,,
IGIBUW,2,,,
IGIWAW,1,,,
IGODOA,1,,,
IGONUN,1,,,
IGOPAV,1,,,
IGOSAB,1,,,
IGOTAB,1,,,
IGUCAQ,1,,,
IGUDOE,1,,,
IGUKUR,1,,,
IGUYER,1,,,
IGUZUJ,1,,,
IHAFOP,1,,,
IHAFUV,1,,,
IHAPAI,1,,,
IHAQIV,1,,,
IHAVEU,1,,,
IHAVIY,1,,,
IHAYAT,1,,,
IHAZUO,1,,,
IHEBAA,1,,,
IHEGUY,1,,,
IHEZUQ,1,,,
IHIBAC,1,,,
IHIJOZ,1,,,
IHISIC,1,,,
IHISOJ,1,,,
IHISUP,1,,,
IHOSEF,1,,,
IHOSIJ,1,,,
IHOSOP,1,,,
IHOXUY,1,,,
IHOYAF,1,,,
IHOYEJ,1,,,
IHOYIN,1,,,
IHOYUZ,1,,,
IHOZIO,1,,,
IJAHUX,1,,,
IJAJAF,1,,,
IJAJEK,1,,,
IJAMUC,1,,,
IJANIR,1,,,
IJANUE,1,,,
IJAPEQ,1,,,
IJEHAI,1,,,
IJEHEM,1,,,
IJEHIQ,1,,,
IJEHOW,1,,,
IJEHUC,1,,,
IJELES,1,,,
IJELIW,1,,,
IJELIW01,1,,,
IJIPAU,1,,,
IJOFOG,1,,,
IJOGAT,1,,,
IJOLEY,1,,,
IJOPIG,1,,,
IJOPOM,1,,,
IJUJON,1,,,
IJUMUX,1,,,
IKADON,1,,,
IKAJOT,1,,,
IKAJUZ,1,,,
IKAKAG,1,,,
IKAKEK,1,,,
IKAKOU,1,,,
IKAKUA,1,,,
IKAMEN,1,,,
IKAMOZ,1,,,
IKARUH,1,,,
IKASAO,1,,,
IKASES,1,,,
IKENIZ,1,,,
IKERIB,1,,,
IKEZUW,1,,,
IKIBIQ,1,,,
IKICOU,1,,,
IKIGAN,1,,,
IKIZIL,1,,,
IKIZOR,1,,,
IKUHAZ,1,,,
IKUHON,1,,,
IKUVEP,1,,,
IKUVOZ,1,,,
IKUXEU,2,,,
ILAJUC,1,,,
ILAKIT,1,,,
ILAMAM,1,,,
ILAMER,1,,,
ILAMIV,1,,,
ILAXAY,1,,,
ILAXEC,1,,,
ILAXIG,1,,,
ILAXOM,1,,,
ILAXUS,1,,,
ILAYAZ,1,,,
ILAYED,1,,,
ILEBIO,1,,,
ILEBOU,1,,,
ILEBUA,1,,,
ILEHUC,1,,,
ILEJAK,1,,,
ILEWIJ,1,,,
ILICAH,1,,,
ILIVAA,1,,,
ILIVEE,1,,,
ILIVUU,1,,,
ILOBEQ,1,,,
ILOLIG,1,,,
ILOWAL,1,,,
ILOWEP,1,,,
ILOYOY,2,,,
ILOYOZ,1,,,
ILOZIV01,1,,,
ILOZOB,1,,,
ILOZUH,1,,,
ILUHAC,1,,,
ILUVAQ,1,,,
ILUVIX,1,,,
IMAQOE,1,,,
IMASIZ,1,,,
IMATUO,1,,,
IMAVAW,1,,,
IMAVEA,1,,,
IMAVIE,1,,,
IMAVOK,1,,,
IMAVUQ,1,,,
IMAWIF,1,,,
IMAWOL,1,,,
IMAXAV,1,,,
IMEFEL,1,,,
IMEGAK,1,,,
IMEGUE,1,,,
IMEXAA,1,,,
IMIBAH,1,,,
IMIMAS,1,,,
IMIYEI,2,,,
IMODOG,2,,,
IMOFAT,1,,,
IMOGEY,1,,,
IMOGUQ,1,,,
IMOQAG,1,,,
IMOQOQ,1,,,
IMOQUW,1,,,
IMORAD,1,,,
IMOREH,1,,,
IMOSUB,1,,,
IMOTAI,1,,,
IMOZIX,1,,,
IMUJAF,1,,,
IMUJEJ,1,,,
IMUSIT,1,,,
INAGAI,1,,,
INAGEM,1,,,
INAGIQ,1,,,
INAKAJ,1,,,
INAKUD,1,,,
INAPOC,1,,,
INAPUI,1,,,
INAZIH,1,,,
INAZON,1,,,
INAZUT,1,,,
INCNSL01,1,,,
INEBEJ,1,,,
INEBIN,1,,,
INESEZ,2,,,
INETON,1,,,
INITEG,1,,,
INITOQ,1,,,
INIXAF,1,,,
INOKOM,1,,,
INOPOR,1,,,
INUJAC,1,,,
INUKEH,1,,,
INUQAJ,1,,,
INUQEN,1,,,
INUTAO,1,,,
IPASID,1,,,
IPASUP,1,,,
IPATAW,1,,,
IPATEA,1,,,
IPELEX,1,,,
IPELOH,1,,,
IPEZIP,1,,,
IPEZOV,1,,,
IPEZUB,1,,,
IPOBEX,2,,,
IPORAG,1,,,
IPORAG01,1,,,
IPUFAB,1,,,
IPUGAD,1,,,
IPUPUF,1,,,
IPUQAM,1,,,
IPUQEQ,1,,,
IQAHOX,1,,,
IQALAP,1,,,
IQALET,1,,,
IQECAL,1,,,
IQELAU,1,,,
IQELEY,1,,,
IQEPIF,1,,,
IQEYUA,1,,,
IQEZOU,1,,,
IQIFIY,1,,,
IQIFOE,1,,,
IQIGAR,1,,,
IQIGEV,1,,,
IQIGIZ,1,,,
IQITAG,1,,,
IQITEK,1,,,
IQIYUD,1,,,
IQIZAK,1,,,
IQIZEO,1,,,
IQIZIS,1,,,
IQIZOY,1,,,
IQOCAV,1,,,
IQOPIQ,1,,,
IQOPUC,1,,,
IQUJIO,2,,,
IQUQAP,1,,,
IQUQET,1,,,
IRACEJ,2,,,
IRACOW,1,,,
IRAFAK,1,,,
IRAFEO,1,,,
IRALAR,1,,,
IRANIB,1,,,
IREJOF,1,,,
IREJUL,1,,,
IREKAS,1,,,
IRELIB,1,,,
IRELOH,1,,,
IRELOH01,1,,,
IRIHUN,1,,,
IRIQEH,1,,,
IRUBAA,1,,,
IRUBEE,1,,,
IRUBIH,1,,,
IRUCIJ,1,,,
IRUGEJ,1,,,
ISAJOC,1,,,
ISAJUI,1,,,
ISALAQ,1,,,
ISAMUN,2,,,
ISAWOO,1,,,
ISAYUY,1,,,
ISAZAF,1,,,
ISAZUZ,1,,,
ISECAM,1,,,
ISECAM01,1,,,
ISECEQ,1,,,
ISEDAO,1,,,
ISENOL,1,,,
ISEVEI,1,,,
ISEVIM,1,,,
ISIDEU,1,,,
ISIDEU01,1,,,
ISIDOE,1,,,
ISIJID,1,,,
ISIJUP,1,,,
ISOHOO,1,,,
ISOVAT,1,,,
ISOWIX,1,,,
ISOWOD,1,,,
ISUSOE,1,,,
ISUZII,1,,,
ISUZOO,1,,,
ISUZUU,1,,,
ITAMAT,1,,,
ITAMEV,1,,,
ITAMIZ,1,,,
ITAMOF,1,,,
ITELIC,1,,,
ITEXIQ,1,,,
ITEXUC,1,,,
ITEYAJ,1,,,
ITEYEN,1,,,
ITEZOW,1,,,
ITIMAZ,1,,,
ITOLIN,1,,,
ITOREQ,1,,,
ITOXOF,1,,,
ITOZAU,1,,,
ITUCOQ,1,,,
ITUFOT,1,,,
ITURIB,2,,,
ITUSUL,1,,,
ITUVEY,2,,,
IVAGIX,1,,,
IVAGOD,1,,,
IVAHAQ,1,,,
IVAJUL,1,,,
IVEMUS,1,,,
IVEMUS01,1,,,
IVENAZ,1,,,
IVENED,1,,,
IVESIN,1,,,
IVESOT,1,,,
IVESUZ,1,,,
IVEVAH,1,,,
IVEVEL,1,,,
IVEVIP,1,,,
IVEWOY,1,,,
IVIDUO,1,,,
IVITIR,1,,,
IVIWUI,1,,,
IVIZAR,1,,,
IVIZOF,1,,,
IVIZUL,1,,,
IVOFAC,1,,,
IVOQOC,1,,,
IVOWAT,1,,,
IVOWEX,1,,,
IVOXIC,1,,,
IVOZEA,1,,,
IVUFEM,1,,,
IVUGIS,1,,,
IVUGOY,1,,,
IVUGUE,1,,,
IVUHAL,1,,,
IVUPUM,1,,,
IVUSOK,1,,,
IVUTUQ,1,,,
IWAWUB,1,,,
IWEDIX,1,,,
IWEFEX,1,,,
IWEGUO,1,,,
IWEJAX,1,,,
IWEMAZ,1,,,
IWEMED,1,,,
IWESAF,1,,,
IWESEJ,1,,,
IWIDIE,1,,,
IWIKOQ,1,,,
IWIKUW,1,,,
IWILAD,1,,,
IWILEH,1,,,
IWOKOX,1,,,
IWOPOB,1,,,
IWOZUS,1,,,
IWUBAE,1,,,
IWUBEI,1,,,
IWUBIM,1,,,
IWUGOW,1,,,
IWUGUC,1,,,
IWUYEF,1,,,
IWUYEF01,1,,,
IXADAO,1,,,
IXAKOH,1,,,
IXAVOV,1,,,
IXAWAI,1,,,
IXEPOQ,1,,,
IXEVUC,1,,,
IXEWIR,1,,,
IXEWIR01,1,,,
IXEWIR02,1,,,
IXEWIR03,1,,,
IXEWIR04,1,,,
IXEWOZ,1,,,
IXEYUH,1,,,
IXIZAQ,1,,,
IYAXIQ,1,,,
IYEBUJ,1,,,
IYEBUJ01,1,,,
IYEBUJ02,1,,,
IYEBUJ03,1,,,
IYEKON,1,,,
IYEKUT,1,,,
IYELAA,1,,,
IYENEF,1,,,
IYEPEH,1,,,
IYEPIL,1,,,
IYEWOA,1,,,
IYIBEA,1,,,
IYIGUV,1,,,
IYIJIL,1,,,
IYIJOP,1,,,
IYISIU,1,,,
IYIZUL,1,,,
IYONOA,1,,,
IYONUG,1,,,
IYOPUI,1,,,
IYOQIX,1,,,
IYOQOD,1,,,
IYOQOE,1,,,
IYOQUJ,1,,,
IYOQUK,1,,,
IYORAR,1,,,
IYOREV,1,,,
IYORIY,1,,,
IYOSAQ,1,,,
IYOZAZ,1,,,
IZAJOI,1,,,
IZECUN,1,,,
IZEDOI,1,,,
IZEJOO,1,,,
IZEKEE,1,,,
IZEWOA,1,,,
IZIMIP,1,,,
IZIMOV,1,,,
IZIMUB,1,,,
IZINAI,1,,,
IZIROA,1,,,
IZIYEX,1,,,
IZOKIT,1,,,
IZOKOZ,1,,,
IZOKUF,1,,,
IZOLAM,1,,,
IZOQIY,1,,,
JABSAL,1,,,
JABVUD,2,,,
JABWEO,2,,,
JACOBN,1,,,
JADLUY,1,,,
JADQUE,1,,,
JAFRIW,1,,,
JAFROC,1,,,
JAFSIX,1,,,
JAFTUI,1,,,
JAGLIM,1,,,
JAGLOS,1,,,
JAGMOW,1,,,
JAGNAJ,1,,,
JAGNOZ,1,,,
JAGNUF,1,,,
JAGQIR,1,,,
JAGQUD,1,,,
JAHBIE,1,,,
JAHCOL,1,,,
JAHDUS,1,,,
JAHFAA,2,,,
JAHFEE,1,,,
JAHFII,1,,,
JAHHOQ,1,,,
JAHHUW,1,,,
JAHJAE,1,,,
JAHJEI,1,,,
JAHXIA,1,,,
JAJPIW,1,,,
JAJPOC,1,,,
JAJRES,1,,,
JAJTIX,1,,,
JAKFUA,1,,,
JAKHUB,1,,,
JAKJEN,1,,,
JAKJOX,1,,,
JAKJUD,1,,,
JAKNAN,1,,,
JAKNAN01,1,,,
JAKNER,1,,,
JAKQUL,2,,,
JAKXUO,1,,,
JALQET,1,,,
JANKUI,1,,,
JAPHAM,1,,,
JAPHER,1,,,
JAPHIV,1,,,
JAPKAM,1,,,
JAPNAP,1,,,
JAPNAP01,1,,,
JAPQEW,1,,,
JAPQIA,1,,,
JAQCAG,1,,,
JAQCAG01,1,,,
JAQCEK,1,,,
JAQCEK01,1,,,
JAQCEK02,1,,,
JAQVOQ,1,,,
JAQXIL,1,,,
JARCOV,1,,,
JARCUB,1,,,
JARHOA,1,,,
JASRAX,1,,,
JATBEP,1,,,
JATBOW01,1,,,
JATBOW02,1,,,
JATBOW04,1,,,
JATNOI,1,,,
JATNUO,1,,,
JATPAW,1,,,
JATPEA,1,,,
JATPIE,1,,,
JATPOK,1,,,
JATPUQ,1,,,
JATQAX,1,,,
JATQEB,1,,,
JATQIF,1,,,
JATQOL,1,,,
JATQUR,1,,,
JATRAY,1,,,
JATREC,1,,,
JATRIG,1,,,
JATROM,1,,,
JATRUS,1,,,
JATSAZ,1,,,
JATSED,1,,,
JATYEM,1,,,
JATYIQ,1,,,
JATZOX,1,,,
JAVJOI,1,,,
JAWCES,1,,,
JAWCIW,1,,,
JAWCOC,1,,,
JAWDAP,1,,,
JAWFET,1,,,
JAWFIX,1,,,
JAWXEK01,1,,,
JAWYUF,1,,,
JAXDES,1,,,
JAXLON,1,,,
JAXLUQ,1,,,
JAXLUT,1,,,
JAXPON,1,,,
JAYBEQ,1,,,
JAYFEU,1,,,
JAYJUS,1,,,
JAYQEI,1,,,
JAYQIM,1,,,
JAZFOF01,1,,,
JAZQIL,1,,,
JAZXAJ,1,,,
JEBBOH,1,,,
JEBFAX,1,,,
JEBPEM,1,,,
JECCUP,1,,,
JECFIG,1,,,
JECSEP,1,,,
JECVOD,1,,,
JECWAQ,1,,,
JECXAQ,1,,,
JEDFOQ,1,,,
JEFBEC,1,,,
JEFBIG,1,,,
JEFHEH,1,,,
JEFJAF,1,,,
JEFTAQ,1,,,
JEFWAS,1,,,
JEGHUB,1,,,
JEGJEN,1,,,
JEGJIR,1,,,
JEGMIS,1,,,
JEGPET,1,,,
JEGTUO,1,,,
JEGXUP,1,,,
JEGYAW,1,,,
JEGYIE,1,,,
JEGYOK,1,,,
JEGZON,1,,,
JEHDAB,1,,,
JEHKAL,1,,,
JEHNOA,1,,,
JEJCIN,1,,,
JEJCOU,1,,,
JEJFIQ,1,,,
JEJGUB,1,,,
JEJJAM,1,,,
JEJJEQ,1,,,
JEJJIU,1,,,
JEJJUG,1,,,
JEJKAN,1,,,
JEJLAO,1,,,
JEKGUC,1,,,
JEKHAJ,1,,,
JEKQOG,1,,,
JEKROK,1,,,
JEKRUQ,1,,,
JEKSIF,1,,,
JEKYOQ,1,,,
JEKZIJ,1,,,
JELVUR,1,,,
JEMKAO,1,,,
JEMNUL,1,,,
JENCUA,1,,,
JENFAN,1,,,
JENFER,1,,,
JENVED,1,,,
JEPFAO,1,,,
JEPFIW,1,,,
JEPZIN01,1,,,
JEQSOO,1,,,
JEQSUU,1,,,
JEQTAB,1,,,
JEQZEL,1,,,
JERLOL,1,,,
JERREE,1,,,
JESHOE,1,,,
JETFIB,1,,,
JETVOX,1,,,
JETZUG,1,,,
JEVKED,1,,,
JEVMUV,1,,,
JEXBIA,1,,,
JEXBOG,1,,,
JEXDAU,1,,,
JEXMUX,1,,,
JEYFAY,1,,,
JEYFEC,1,,,
JEYFOM,1,,,
JEYJAY,1,,,
JEYLOO,1,,,
JEYSOY,1,,,
JEYSUE,1,,,
JEYVIW,1,,,
JEYXUK,1,,,
JEYYEV,1,,,
JEZJEH,1,,,
JEZJIL,1,,,
JEZKEI,1,,,
JEZKUY,1,,,
JEZLAF,1,,,
JEZPEM,1,,,
JEZWUK,1,,,
JIBBAB,1,,,
JIBKOX,1,,,
JIBKUD,1,,,
JIBLAK,1,,,
JIFNAR,1,,,
JIFTAT,1,,,
JIJHEP,1,,,
JIJHIT,1,,,
JIJSAW,1,,,
JIKJAR,1,,,
JIKZAE,1,,,
JILPID,1,,,
JILZAG,1,,,
JILZUA,1,,,
JIMBUC,1,,,
JIMDAO,1,,,
JIMDES,1,,,
JIMGEU,1,,,
JIMYUD,1,,,
JIMZAK,1,,,
JINTIJ01,1,,,
JIPHAU,1,,,
JIPQEF,1,,,
JIPQIJ,1,,,
JIPQOP,1,,,
JIPQUV,1,,,
JIPRAC,1,,,
JIPREG,1,,,
JIPREG01,1,,,
JIPVUA,1,,,
JIPWAH,1,,,
JIPWEL,1,,,
JIQNAZ,1,,,
JIQNED,1,,,
JIQNIH,1,,,
JIQSIL,1,,,
JIQSOR,1,,,
JIRBIV,1,,,
JIRDAP,1,,,
JIRXAN,1,,,
JISPAF,1,,,
JISWEQ,1,,,
JISWIU,1,,,
JISWOA,1,,,
JISXAN,1,,,
JISXER,1,,,
JITFEA,1,,,
JITGEZ,1,,,
JITGID,1,,,
JITGOJ,1,,,
JITGUP,1,,,
JITJUS,1,,,
JITMIL,1,,,
JITMOR,1,,,
JITPOV,1,,,
JIVLEI,1,,,
JIVQEN,1,,,
JIVRAH,1,,,
JIWBOG,1,,,
JIWCAT,1,,,
JIWFOL,1,,,
JIXCAY,1,,,
JIXXAQ,1,,,
JIYGAC,1,,,
JIZTAN,1,,,
JIZYEZ,1,,,
JIZYID,1,,,
JIZYOJ,1,,,
JIZZAW,1,,,
JIZZEA,1,,,
JOCQUN,1,,,
JOCQUN01,1,,,
JOCRIC,1,,,
JOCRIC01,1,,,
JOCVEC,1,,,
JOCVEC01,1,,,
JOCVOQ,1,,,
JODLUK,1,,,
JODSOO,1,,,
JOFHUL,1,,,
JOFJOH,1,,,
JOFQEE,1,,,
JOFQII,1,,,
JOFRIJ,1,,,
JOFTAA,1,,,
JOFTEE,1,,,
JOFTII,1,,,
JOGBOX,1,,,
JOGSIJ,1,,,
JOGTEI,1,,,
JOGZAG,1,,,
JOGZAJ,1,,,
JOHHEU,1,,,
JOHNOM,1,,,
JOHNUS,1,,,
JOHPAA,1,,,
JOHPEE,1,,,
JOHPII,1,,,
JOHPOO,1,,,
JOHPUU,1,,,
JOHROO,1,,,
JOHRUU,1,,,
JOHSAB,1,,,
JOHSEF,1,,,
JOJKOI,1,,,
JOJMOO,1,,,
JOJMUU,1,,,
JOJNAB,1,,,
JOJNIJ,1,,,
JOKMIF,1,,,
JOKNEC,1,,,
JOKNIG,1,,,
JOKNOM,1,,,
JOKNUS,1,,,
JOKPAA,1,,,
JOKPEE,1,,,
JOKPII,1,,,
JOKPOO,1,,,
JOKPUU,1,,,
JOKQUY,1,,,
JOKRAC,1,,,
JOKRUW,1,,,
JOKSAD,1,,,
JOKSEH,1,,,
JOKSIL,1,,,
JOKSOR,1,,,
JOKSUX,1,,,
JOKTAE,1,,,
JOKTOW,1,,,
JOKTUC,1,,,
JOLJUT,1,,,
JOLTEN,2,,,
JOLTEN01,2,,,
JOLTOX,2,,,
JOLTUD,2,,,
JOLYIU,1,,,
JOLYOA,1,,,
JOMLOO,1,,,
JOMLUU,1,,,
JOMYOD,1,,,
JOMYUJ,1,,,
JOMZEU,1,,,
JOPMEG,1,,,
JOPNUX,1,,,
JOQCOH,1,,,
JOQCOH01,1,,,
JOQCOH02,1,,,
JOQGUV,1,,,
JOQHAC,1,,,
JORSIS,1,,,
JOSCEZ,1,,,
JOSLUY,1,,,
JOSMEJ,1,,,
JOSMEN,1,,,
JOSMIR,1,,,
JOSMOX,1,,,
JOSMUZ,1,,,
JOSNEK,1,,,
JOSVES,1,,,
JOVHAG,1,,,
JOXFAD,1,,,
JOXFEH,1,,,
JOXGOU,1,,,
JOXJEN,1,,,
JOXJUD,1,,,
JOXQUK,1,,,
JOXSEW,1,,,
JOYBEH,1,,,
JOYFIP,1,,,
JOYHAG,1,,,
JOYHEK,1,,,
JOYHEK01,1,,,
JOYHIO,1,,,
JOYMUJ,1,,,
JOYTUP,1,,,
JOYVAX,1,,,
JOYVAY,1,,,
JOYVUQ,1,,,
JOZBIN,1,,,
JOZCUA,1,,,
JOZNAR,1,,,
JOZNEV,1,,,
JOZNIZ,1,,,
JOZPEW,1,,,
JOZQAT,1,,,
JUBJEX,1,,,
JUBJIB,1,,,
JUBPON,1,,,
JUBSUW,1,,,
JUBVOV,1,,,
JUBWUC,1,,,
JUBXIR,1,,,
JUBXOX,1,,,
JUBXUD,1,,,
JUBYAK,1,,,
JUBYIS,1,,,
JUBYOY,1,,,
JUBYUE,1,,,
JUBZAL,1,,,
JUBZEP,1,,,
JUCBIW,1,,,
JUCBUI,1,,,
JUCCAO,1,,,
JUCCAP,1,,,
JUCCES,1,,,
JUCCET,1,,,
JUCCIX,1,,,
JUCDAQ,1,,,
JUCSOR,1,,,
JUDFUN,1,,,
JUDHUO,1,,,
JUDRIJ01,1,,,
JUDTOR,1,,,
JUFGAS,1,,,
JUFLUT,1,,,
JUFYOY,1,,,
JUGRIQ,1,,,
JUGROW,1,,,
JUGSIR,1,,,
JUGSOX,1,,,
JUGVAI,1,,,
JUGVAK,1,,,
JUGXUE,1,,,
JUGZUG,1,,,
JUHBAP,1,,,
JUHDOF,1,,,
JUHGAU,1,,,
JUHGAU01,1,,,
JUHGAU02,1,,,
JUHLON,1,,,
JUHPUX,1,,,
JUHRAI,1,,,
JUHREM,1,,,
JUHRIP,1,,,
JUHROV,1,,,
JUHRUB,1,,,
JUHSAI,1,,,
JUHSEM,1,,,
JUHZIV,1,,,
JUJDEZ,1,,,
JUJDOJ,1,,,
JUJHEF,1,,,
JUJKAA,1,,,
JUKVIW,1,,,
JUKVOC,1,,,
JUKYOF,1,,,
JUKYOF01,1,,,
JUKYUL,1,,,
JULHUT,1,,,
JULLEJ,1,,,
JULLIN,1,,,
JULLOT,1,,,
JULLUZ,1,,,
JULSUE,1,,,
JULVAP,1,,,
JULVUK,1,,,
JULWAR,1,,,
JUMTES,1,,,
JUMTIW,1,,,
JUNCUS,1,,,
JUNDUU,1,,,
JUNZOH,1,,,
JUPSAR,2,,,
JUPSEV,2,,,
JUQBUS,1,,,
JUQBUU,1,,,
JUQXOL,1,,,
JURDUX,1,,,
JURDUX01,1,,,
JURKOY,1,,,
JURSAS,1,,,
JUSHIR,1,,,
JUSWUS,1,,,
JUSYAX,1,,,
JUTNEV,1,,,
JUWCIN,1,,,
JUWCIN01,1,,,
JUWSIG,1,,,
JUXLAS,1,,,
JUXLOG,1,,,
JUXMEU,1,,,
JUYFER,1,,,
JUYFIV,1,,,
JUYGAO,1,,,
JUYGES,1,,,
JUYGIW,1,,,
JUYGUJ,1,,,
JUYHAQ,1,,,
JUYHEU,1,,,
JUYWIM,1,,,
JUZBUB02,1,,,
JUZBUB03,1,,,
JUZBUB04,1,,,
JUZBUB05,1,,,
JUZJEX,1,,,
JUZJOH,1,,,
JUZJUN,1,,,
KABHAX,1,,,
KABHEB,1,,,
KABHOL,1,,,
KABKON,1,,,
KABQOT,1,,,
KABYAN,1,,,
KACCUQ,1,,,
KACYOE,2,,,
KADHEG,1,,,
KADLAG,1,,,
KADPEL,1,,,
KADPOU,1,,,
KADPOU01,1,,,
KADPOU02,1,,,
KAFPIU,1,,,
KAFSAM,1,,,
KAFSEQ,1,,,
KAGBEB,1,,,
KAGFEG,1,,,
KAGFIK,1,,,
KAGTUH,1,,,
KAGVET,1,,,
KAGVIA,1,,,
KAHMAJ,1,,,
KAHTUK,1,,,
KAHTUK01,1,,,
KAHVEW,1,,,
KAHWAT,1,,,
KAHWAT01,1,,,
KAHWAT02,1,,,
KAHWAT03,1,,,
KAHWAT04,1,,,
KAHWAT05,1,,,
KAJCIJ,1,,,
KAKJIS,1,,,
KAKJOV02,1,,,
KAKKOX,1,,,
KAKKUD,1,,,
KAKLAK,1,,,
KALGIN,1,,,
KALKOY,1,,,
KALXOK,1,,,
KAMKIW,1,,,
KAMNAN,1,,,
KAMTOI,1,,,
KAMTUO,1,,,
KANDAE,1,,,
KANGUD,1,,,
KANKET,1,,,
KANKOZ,1,,,
KANLEQ,1,,,
KANMOD,1,,,
KANRUM,1,,,
KANZOR,1,,,
KAPCIO,1,,,
KAPDAH,1,,,
KAPGIU,1,,,
KAPKAO,1,,,
KAPTEE,1,,,
KAPYAF,1,,,
KAQCOU,1,,,
KAQHIV,1,,,
KAQHOB,1,,,
KAQJIV,1,,,
KAQJOB,1,,,
KAQXAB,1,,,
KARDOY,1,,,
KARJOE,1,,,
KARJUK,1,,,
KARNAT01,1,,,
KARNAT02,1,,,
KARNEX,1,,,
KARNIB,1,,,
KARNIB01,1,,,
KARNUN,1,,,
KARNUN01,1,,,
KARNUN02,1,,,
KASHIX,1,,,
KASHOD,1,,,
KASHUJ,1,,,
KASKAS,1,,,
KASMAU,1,,,
KASMEY,1,,,
KASVEI,1,,,
KASVIJ,1,,,
KASVIM,1,,,
KATGOC,1,,,
KATJEX,1,,,
KATJIB,1,,,
KATJOH,1,,,
KATPAX,1,,,
KATPEB,1,,,
KATPUR,1,,,
KATQAY,1,,,
KATQEC,1,,,
KATSUT,1,,,
KATXEL,1,,,
KAVXEL,1,,,
KAVXIP,1,,,
KAVYIP,1,,,
KAWVEK,1,,,
KAWVIO,1,,,
KAXKID,1,,,
KAXMOM,1,,,
KAXMOM01,1,,,
KAXMOM02,1,,,
KAXNAZ,1,,,
KAXNAZ01,1,,,
KAXNEC,1,,,
KAXVOW,1,,,
KAXVUC,1,,,
KAXWAJ,1,,,
KAXWAJ01,1,,,
KAXWAJ02,1,,,
KAYDUM,1,,,
KAYPAC,1,,,
KAYVEL,1,,,
KAYVUB,1,,,
KAZFEX,1,,,
KAZROU,1,,,
KEBQAK,1,,,
KEBTIY,1,,,
KEBTOE,1,,,
KEBVAS,1,,,
KEBVEW,1,,,
KEBVIA,1,,,
KEBYEZ,1,,,
KEBYID,1,,,
KEBYUP,1,,,
KECDUT,1,,,
KECFEF,1,,,
KECSAO,1,,,
KECVOD,1,,,
KEDDEE,1,,,
KEDGEH,1,,,
KEDGIL,1,,,
KEDKUC,1,,,
KEDNAI01,1,,,
KEFHAF,2,,,
KEFHEJ,2,,,
KEFKUD,1,,,
KEFLAK,1,,,
KEFQEV,1,,,
KEFXAU,1,,,
KEFXEY,1,,,
KEFYAW,1,,,
KEGJUB,1,,,
KEGMIT,1,,,
KEGROF,1,,,
KEGROH,1,,,
KEGRUL,1,,,
KEGRUN,1,,,
KEGSAU,1,,,
KEGYAA,1,,,
KEHVEZ,1,,,
KEJRIA,1,,,
KEJXII,1,,,
KEJXUV,1,,,
KEKKIU,1,,,
KEKMOD,1,,,
KEKMUJ,1,,,
KEKTAW,1,,,
KEKZOP,1,,,
KELCAG,1,,,
KELKUH01,1,,,
KEMFOY,1,,,
KEMFOY01,1,,,
KEMFUD,1,,,
KEMTIH,1,,,
KEMTON,1,,,
KENFOA,1,,,
KENFUG,1,,,
KENGAN,1,,,
KENGUG,1,,,
KENHAN,1,,,
KENHER,1,,,
KENMIA,1,,,
KEPTUV,1,,,
KEPVAD,1,,,
KEPWOV,1,,,
KEPWUB,1,,,
KEPZIO,1,,,
KEQKAU,1,,,
KERREH,1,,,
KERRUX,1,,,
KERSOP,1,,,
KERSUW,1,,,
KESNIG,1,,,
KESQUV,1,,,
KESRUZ,1,,,
KESYIR,1,,,
KESYOX,2,,,
KESYUD,1,,,
KETRUY,1,,,
KETTUY01,1,,,
KETTUY10,1,,,
KETVAG10,1,,,
KETXOW,1,,,
KETYAN,1,,,
KETZIS,1,,,
KETZOY,1,,,
KEVBOC,1,,,
KEVBOF,1,,,
KEVCOD,1,,,
KEVDAT,1,,,
KEVDIB,1,,,
KEVGAU,1,,,
KEVKOL,1,,,
KEVQUB,1,,,
KEVREK,1,,,
KEVRIO,1,,,
KEVRUZ,1,,,
KEVWAL,1,,,
KEVWIT,1,,,
KEVWOZ,1,,,
KEWJIH,1,,,
KEWQAF,1,,,
KEWREJ,1,,,
KEXDAW,1,,,
KEXDAW01,1,,,
KEXWOZ,1,,,
KEYDAU,1,,,
KEYKEG,1,,,
KEYMAG,1,,,
KEYNIL01,1,,,
KEYTOB,1,,,
KEYVAM,1,,,
KEZMOV,1,,,
KEZTIS,1,,,
KEZTIS10,1,,,
KEZTUI,1,,,
KEZVAQ,1,,,
KEZWUH,1,,,
KIBLAK,1,,,
KIBMAJ,1,,,
KIBMEN,1,,,
KIBPEQ,1,,,
KIBPEQ01,1,,,
KICBAZ10,1,,,
KICVAT,1,,,
KICVEX,1,,,
KICVIB,1,,,
KICVOH,1,,,
KICVUN,1,,,
KICWEY,1,,,
KICWIC,1,,,
KIFGEL,1,,,
KIFGIP,1,,,
KIFGOX,1,,,
KIFGUD,1,,,
KIFMOF,1,,,
KIFNAS,1,,,
KIGHUH,2,,,
KIGJET,2,,,
KIGTUS,1,,,
KIGVAA,1,,,
KIGVEB,1,,,
KIGZIK,1,,,
KIHCUC,2,,,
KIHKIW,1,,,
KIHKOC,1,,,
KIHKUI,1,,,
KIHLAP,1,,,
KIHVUW,1,,,
KIHWEE,1,,,
KIHWII,1,,,
KIHZEK,1,,,
KIJBAH,1,,,
KIJDUC,1,,,
KIJGUF01,1,,,
KIJGUF02,1,,,
KIJHIU,1,,,
KIJTIH,1,,,
KIKDEN,1,,,
KIKRUR,1,,,
KIKVOP,1,,,
KIKZOW,1,,,
KIKZOW01,1,,,
KIMKUP,1,,,
KIMMOL,1,,,
KIMQIK,1,,,
KINBIS,1,,,
KINZIT,1,,,
KINZOZ,1,,,
KIPDIY,1,,,
KIPWOX,1,,,
KIPWUD,1,,,
KIPXAK,1,,,
KIPXEO,1,,,
KIPYAN,1,,,
KIQCEU,1,,,
KIQWUF,1,,,
KIQXAM,1,,,
KIQXEQ,1,,,
KIQXIU,1,,,
KIQXOA,1,,,
KIQXUD,1,,,
KIQYAK,1,,,
KIQYUE,1,,,
KIRMIJ,1,,,
KIRQOV,1,,,
KIRTUA,1,,,
KISFUP,1,,,
KISJAA,1,,,
KISSEM,2,,,
KISSEN,2,,,
KISSIR,2,,,
KISWUE,1,,,
KITHAY,1,,,
KITQAF,1,,,
KIVHOO,1,,,
KIVHUV,1,,,
KIVKEJ,1,,,
KIWKIN,1,,,
KIWXOE,1,,,
KIXCEA,1,,,
KIXLOW,1,,,
KIXQOY,1,,,
KIYVAS,1,,,
KOBHUH,1,,,
KOBJAP,1,,,
KOBJET,1,,,
KOBJOD,1,,,
KOBJUJ,1,,,
KOCCOU,1,,,
KOCCOU01,1,,,
KOCDAJ,1,,,
KOCDEN,1,,,
KOCDIR,1,,,
KOCQEY,1,,,
KOCQIC,1,,,
KODFEO,1,,,
KODLIZ,1,,,
KODRAA,1,,,
KODVAA,1,,,
KOFQAZ,1,,,
KOFQUS,1,,,
KOFWIP,1,,,
KOGJIC,1,,,
KOGJOI,1,,,
KOGJUO,1,,,
KOGVEI,1,,,
KOHFOD,1,,,
KOHFUJ,1,,,
KOHJAS,1,,,
KOHJEW,1,,,
KOHKUO,1,,,
KOHLAV,1,,,
KOHMEC,1,,,
KOHYIQ,1,,,
KOHZAJ,1,,,
KOJGEW,1,,,
KOJNOP,1,,,
KOJNUV,1,,,
KOJREK,1,,,
KOJRIO,1,,,
KOJWAI,1,,,
KOKGAV,1,,,
KOKPAB,1,,,
KOKPEI,1,,,
KOKZAL,1,,,
KOLWEN,1,,,
KOLWEN01,1,,,
KOLWUF,1,,,
KOMDAU,1,,,
KOMSOU,1,,,
KOMXOA,1,,,
KOMYAQ,1,,,
KONCOJ,1,,,
KONNUA,1,,,
KONPAI,1,,,
KONPEM,1,,,
KONPIQ,1,,,
KONPOW,1,,,
KOPRAM,1,,,
KOPREQ,1,,,
KOPRIU,1,,,
KOPRUG,1,,,
KOPTUI,1,,,
KOQHON,1,,,
KOQLOT,1,,,
KOSMAJ,1,,,
KOSNUF,1,,,
KOSTUL,1,,,
KOSTUL01,1,,,
KOVCAC,1,,,
KOVFIK,1,,,
KOVFUW,1,,,
KOVGAD,1,,,
KOVJEK,1,,,
KOVJIO,1,,,
KOVNIU,1,,,
KOVNOA,1,,,
KOVNUG,1,,,
KOVPAO,1,,,
KOVPIY,2,,,
KOVPOC,1,,,
KOVPUI,1,,,
KOVSIX,1,,,
KOVXUO,1,,,
KOWCOS,1,,,
KOWJAK,1,,,
KOWJEN,1,,,
KOYKOA,1,,,
KOYKUG,1,,,
KOYLAN,1,,,
KOYPOH,1,,,
KOYQIA,1,,,
KROMYC10,1,,,
KUBCOA,1,,,
KUBCOA01,1,,,
KUBDUG,1,,,
KUBRAA,2,,,
KUBRAA01,2,,,
KUCQUW,1,,,
KUCRAF,1,,,
KUCYUE,1,,,
KUFBIA,1,,,
KUFBOG,1,,,
KUFCAT,1,,,
KUFNOR,1,,,
KUFRAE,1,,,
KUFROW,1,,,
KUFRUC,1,,,
KUFXIU,1,,,
KUGVUG,1,,,
KUGWAN,1,,,
KUHBAS,1,,,
KUHHIG,1,,,
KUHHOM,1,,,
KUHHUS,1,,,
KUHJAA,1,,,
KUHJEE,1,,,
KUHJII,1,,,
KUHJOO,1,,,
KUHPIR,1,,,
KUHWEP,1,,,
KUJGOL,1,,,
KUJGUR,1,,,
KUJNAI,1,,,
KUJNIP,1,,,
KUJNIQ,1,,,
KUJPEN,1,,,
KUKDAW,1,,,
KUKDEA,1,,,
KUKKUA,1,,,
KUKWUL,1,,,
KULMUZ,1,,,
KULNAG,1,,,
KULVIY,1,,,
KULVOE,1,,,
KULZOH,1,,,
KUMLUA,1,,,
KUMMAH,1,,,
KUMMEL,1,,,
KUMZUN,1,,,
KUNCII,1,,,
KUNCII01,1,,,
KUNCUU,1,,,
KUNMAH,1,,,
KUNNOW,1,,,
KUNNUC,1,,,
KUNYIB,1,,,
KUNZEB,1,,,
KUPJIS,1,,,
KUPJOY,1,,,
KUPXIF,1,,,
KUQDAF,1,,,
KUQHEM,1,,,
KUQPEU,1,,,
KUQZUV,1,,,
KURBOP,1,,,
KURBOP01,1,,,
KURGIO,1,,,
KURGIP,1,,,
KURHIS,1,,,
KURJUG,1,,,
KURKAL,1,,,
KURKEP,1,,,
KURKOZ,1,,,
KUSXEB,1,,,
KUTLER,1,,,
KUVVOO,1,,,
KUVVOO01,1,,,
KUVXEH,1,,,
KUWCUC,1,,,
KUWCUE,1,,,
KUWFER,1,,,
KUWGUI,1,,,
KUXHUH,1,,,
KUXJAP,1,,,
KUXJET,1,,,
KUXJIX,1,,,
KUXLIZ,1,,,
KUXRUU,2,,,
KUXSAB,1,,,
KUXTII,1,,,
KUXTUU,1,,,
KUYDIS,1,,,
KUYJEV,1,,,
KUYNIB,1,,,
KUYNOH,1,,,
KUZFAO,1,,,
KUZHAR,1,,,
KUZXAE,1,,,
LABBAS,1,,,
LABFEC,1,,,
LABFIG,1,,,
LABKOR,1,,,
LABLOU,1,,,
LACGOM,1,,,
LACREM,1,,,
LACZIA,1,,,
LACZOG,1,,,
LADBAT,1,,,
LADNAF,1,,,
LAFDAB,1,,,
LAFDIJ,1,,,
LAFPOY,1,,,
LAFQIT,1,,,
LAFRAP,1,,,
LAFTAQ,1,,,
LAFTES,2,,,
LAFTIW,2,,,
LAFWUP,1,,,
LAFXAW,1,,,
LAFXEA,1,,,
LAFXIE,1,,,
LAGBOL,1,,,
LAGMOZ,1,,,
LAGQEQ,1,,,
LAGQEQ01,1,,,
LAGQEQ02,1,,,
LAGQEQ03,1,,,
LAGQIU,1,,,
LAGQOA,1,,,
LAGTUJ,1,,,
LAGXAV,1,,,
LAGXID,1,,,
LAGXOJ,1,,,
LAGXUP,1,,,
LAGYAW,1,,,
LAGYEA,1,,,
LAGYIE,1,,,
LAGYOK,1,,,
LAGYUQ,1,,,
LAGZAX,1,,,
LAGZEB,1,,,
LAGZIF,1,,,
LAHNUD,1,,,
LAHVUL,1,,,
LAHWOJ,1,,,
LAJDEH,1,,,
LAJDIL,1,,,
LAJDOR,1,,,
LAJNUG,1,,,
LAJPES,1,,,
LAJXIG,1,,,
LAKCUZ,1,,,
LAKFAH,1,,,
LAKGAJ,1,,,
LAKGIP,1,,,
LAKGOV,1,,,
LAKMAQ,1,,,
LAKTUR,1,,,
LALFUA,1,,,
LALFUA01,1,,,
LALMAQ,1,,,
LALVOJ,1,,,
LALWIF,1,,,
LALWIF01,1,,,
LAMJOD,2,,,
LANSOJ,1,,,
LANTUQ,1,,,
LAPDEN,1,,,
LAPJAR,1,,,
LAPKUL,1,,,
LAPXUV,1,,,
LAQZIO,1,,,
LAQZOU,1,,,
LAQZUB,1,,,
LARBAK,1,,,
LARBOY,1,,,
LARBUE,1,,,
LARTUU,1,,,
LASBIQ,1,,,
LASDEO,1,,,
LASJIZ,1,,,
LASVIL,1,,,
LATCER01,1,,,
LATJUP,1,,,
LATLIB,1,,,
LATNIE,1,,,
LAVDAQ,1,,,
LAWTUC,1,,,
LAWVAK,1,,,
LAWWOZ,1,,,
LAWYOB,1,,,
LAWYUH,1,,,
LAXGUN,1,,,
LAXHAU,1,,,
LAXKIG,1,,,
LAXMAC,1,,,
LAXMEG,1,,,
LAXMUV,1,,,
LAXWUC,1,,,
LAXYOZ,1,,,
LAXYUF,1,,,
LAYKEE,1,,,
LAYMAZ,1,,,
LAYNUW,1,,,
LAYPAE,1,,,
LAYPEI,1,,,
LAYPIM,1,,,
LAYREL,1,,,
LAYSIR,1,,,
LAYSOX,1,,,
LAYSUD,1,,,
LAZMAA,1,,,
LAZNEG,1,,,
LAZRUC,1,,,
LAZZAN,1,,,
LEBDEB,1,,,
LEBDUR,1,,,
LEBKAG,1,,,
LEBKEK,1,,,
LEBKIO,1,,,
LEBKOU,1,,,
LEBLAH,1,,,
LEBLEL,1,,,
LEBLOV,1,,,
LEBLUB,1,,,
LECHIL,1,,,
LECKAG,1,,,
LEDBAZ,1,,,
LEDTAS,1,,,
LEDTEW,1,,,
LEDTIA,1,,,
LEDYOL,1,,,
LEFPAP,1,,,
LEFRIX,1,,,
LEFRUM,1,,,
LEFRUN,1,,,
LEFTIZ,1,,,
LEFTOF,1,,,
LEGVEA,1,,,
LEGVUQ,1,,,
LEHJOB,1,,,
LEHTIC,1,,,
LEJLOC,1,,,
LEJPIB,1,,,
LEKBAI,1,,,
LELCAK,1,,,
LELMEU,1,,,
LELZAG,1,,,
LEMBAJ,1,,,
LEMBIR,1,,,
LEMCEO,1,,,
LEMLUO,1,,,
LENCAJ,1,,,
LENCUD,1,,,
LENKIY,1,,,
LENNID,1,,,
LENNOI,1,,,
LENNOJ,1,,,
LENNUO,1,,,
LENNUP,1,,,
LENVAF,1,,,
LENYOV,1,,,
LENYUB,1,,,
LEPBIS,1,,,
LEPBOY,1,,,
LEPHEU,1,,,
LEPHUN,1,,,
LEPKAW,1,,,
LEPQEE,1,,,
LEPQII,1,,,
LEPQOO,1,,,
LEPXOT01,1,,,
LEQKUO,1,,,
LEQMID,1,,,
LEQMOJ,1,,,
LEQMOJ01,1,,,
LEQNUS,1,,,
LEQNUS01,1,,,
LERXUB,1,,,
LERYUD,1,,,
LERZAK,1,,,
LERZEO,1,,,
LERZIS,1,,,
LESKAY,1,,,
LESRAG,1,,,
LETGEY,1,,,
LETQAD,1,,,
LETXOB,1,,,
LETZOA,1,,,
LEVBOH,1,,,
LEVLON,1,,,
LEVLON01,1,,,
LEVMAC,1,,,
LEVPOT,1,,,
LEVPUZ,1,,,
LEVQAE,1,,,
LEVZAP,1,,,
LEVZET,1,,,
LEVZIX,1,,,
LEVZOD,1,,,
LEVZUJ,1,,,
LEWBEU,1,,,
LEWBEY,1,,,
LEWBIC,1,,,
LEWBIY,1,,,
LEWBIZ,1,,,
LEWBOI,1,,,
LEWBUL,1,,,
LEWLAB,1,,,
LEWLOP,1,,,
LEWMAC,1,,,
LEWMIK,1,,,
LEWQUZ,1,,,
LEWYUL,1,,,
LEXBAR,1,,,
LEXREM,1,,,
LEXSIQ,1,,,
LEYCAV,1,,,
LEYFOK,1,,,
LEYFUQ,1,,,
LEYHEF,1,,,
LEYHIG,1,,,
LEYMEH,1,,,
LEYMIN,1,,,
LEYMUZ,1,,,
LEYNAG,1,,,
LEYQAH,1,,,
LEYRUG,1,,,
LEYWEV,1,,,
LEYZEX,1,,,
LEYZIB,1,,,
LEZGAB,1,,,
LEZKIL,1,,,
LEZKOR,1,,,
LEZMEI,1,,,
LEZQAI,1,,,
LEZVOC,1,,,
LEZVUI,1,,,
LEZWET,2,,,
LIBNIW,1,,,
LICMAN,1,,,
LICMER,1,,,
LICMER01,1,,,
LICMOB,1,,,
LICWUP,1,,,
LICYUR,1,,,
LIDBIJ,1,,,
LIDHUC,1,,,
LIDJAK,1,,,
LIDJEO,1,,,
LIDJIS,1,,,
LIDJOY,1,,,
LIDJUE,1,,,
LIDLIW,1,,,
LIDNET,1,,,
LIDNIX,1,,,
LIDNOD,1,,,
LIDNUJ,1,,,
LIDTIC,1,,,
LIDWOO,2,,,
LIGSOJ,1,,,
LIGWOR,1,,,
LIHGER,1,,,
LIHLUL,1,,,
LIHMAR,1,,,
LIJPAV,1,,,
LIJPAZ,1,,,
LIJPED,1,,,
LIJPIH,1,,,
LIJPON,1,,,
LIJPUT,1,,,
LIJTIL,1,,,
LIJTOR,1,,,
LIJTOR01,1,,,
LIJTUX,1,,,
LIJVAF,1,,,
LIJVAF01,1,,,
LIJVEJ,1,,,
LIJVEJ01,1,,,
LIJVOT,1,,,
LIJVUZ,1,,,
LIJWEK,1,,,
LIJWOU,1,,,
LIJWUA,1,,,
LIJYIP,1,,,
LIJYOV,1,,,
LIJZAJ,1,,,
LIJZEN,1,,,
LIKBUE,1,,,
LIKKIZ,1,,,
LIKRAA,1,,,
LIKVOR,1,,,
LILBIU,1,,,
LILCIV,1,,,
LILCUE,1,,,
LILLOK,1,,,
LIMFAP,1,,,
LIMHUO,1,,,
LIMJAW,1,,,
LIMJEA,1,,,
LIMJIE,1,,,
LIMJOK,1,,,
LIMJUQ,1,,,
LIMKAX,1,,,
LIMKEB,1,,,
LIMKIF,1,,,
LIMKOL,1,,,
LIMWIN,1,,,
LINHAR,1,,,
LINHEV,1,,,
LINKUR,1,,,
LINPON,1,,,
LINPON01,1,,,
LINTUZ,1,,,
LINVAH,1,,,
LINVEL,1,,,
LIPCIX,1,,,
LIPKUS,1,,,
LIPQIK,1,,,
LIPQOQ,1,,,
LIPYAM,1,,,
LIPYEQ,1,,,
LIPYIU,1,,,
LIQYET,1,,,
LIQYIV,1,,,
LIQYIX,1,,,
LIRGEY,1,,,
LIRJAY,1,,,
LIRJIG,1,,,
LIRJIG01,1,,,
LIRRIN,1,,,
LIRTIP,1,,,
LIRTOV,1,,,
LIRWOZ,1,,,
LIRWUF,1,,,
LIRXAM,1,,,
LIRXEQ,1,,,
LIRXIU,1,,,
LISCAV,1,,,
LISCEZ,1,,,
LISDOG,2,,,
LISDUM,2,,,
LISFAU,2,,,
LISFEY,2,,,
LISFIC,2,,,
LISFOI,2,,,
LISFUO,2,,,
LISGAV,2,,,
LISGEA,1,,,
LISGEZ,2,,,
LISGID,2,,,
LISGOJ,2,,,
LISKEE,1,,,
LISSEL,1,,,
LISTAI,1,,,
LISVOZ,1,,,
LISYAO,1,,,
LISZIY,1,,,
LITFUR,1,,,
LITZOH,1,,,
LITZUN,1,,,
LIVHUV,1,,,
LIVJAD,1,,,
LIVJEH,1,,,
LIVJIL,1,,,
LIVJOR,1,,,
LIVKAE,1,,,
LIVLUA,1,,,
LIVQEP,1,,,
LIVSEO,1,,,
LIVTAL,1,,,
LIVYIB,1,,,
LIWHAB,1,,,
LIWMIR,1,,,
LIWPOY,1,,,
LIWPUC,1,,,
LIWTES,1,,,
LIWTIW,1,,,
LIWVAP,2,,,
LIWZAW,1,,,
LIWZOK,1,,,
LIWZUQ,1,,,
LIXBIE,1,,,
LIXZUN,1,,,
LIYCAA,1,,,
LIYCEE,1,,,
LIYJEL,1,,,
LIYKUB,1,,,
LIYKUZ,1,,,
LIYQAL,1,,,
LIYQIV,1,,,
LIYYOH,1,,,
LIYYUN,1,,,
LIZDII,1,,,
LIZKOX,1,,,
LIZWOH,1,,,
LOBKAS,1,,,
LOBQOI,1,,,
LOBREC,1,,,
LOCPAV,1,,,
LOCWUY,1,,,
LODDAN,1,,,
LODDER,1,,,
LODDIV,1,,,
LODDOB,1,,,
LODDOY,1,,,
LODDUH,1,,,
LODFAP,1,,,
LODFET,1,,,
LODHAO,1,,,
LODKAU,1,,,
LODKEY,1,,,
LODLOJ,1,,,
LODNOH01,1,,,
LODQIE,1,,,
LODSIH,1,,,
LODSOM,1,,,
LODSON,1,,,
LODXAF,1,,,
LOFTIK,1,,,
LOFTOQ,1,,,
LOFVIM,1,,,
LOFXEM,1,,,
LOFXIQ,1,,,
LOGKEA,1,,,
LOGKIE,1,,,
LOGXUE,1,,,
LOGYAL,1,,,
LOGYEP,1,,,
LOGYIT,1,,,
LOGYOZ,1,,,
LOGYUF,1,,,
LOGZAM,1,,,
LOHCOE,1,,,
LOHCUK,1,,,
LOHDAR,1,,,
LOHVEJ,1,,,
LOJFAV,1,,,
LOJFID,1,,,
LOJFOJ,1,,,
LOJRUY,1,,,
LOJSAF,1,,,
LOKJAY,1,,,
LOKJUT,1,,,
LOKKAA,1,,,
LOKSIQ,1,,,
LOKWOB,1,,,
LOKXAL,1,,,
LOKXEP,1,,,
LOKXIT,1,,,
LOKXOZ,1,,,
LOKXUF,1,,,
LOKYET,1,,,
LOLNIM,1,,,
LOLNOS,1,,,
LOLPOR,1,,,
LOLQAG,1,,,
LOLXET,1,,,
LOLXIX,1,,,
LOLZOD,1,,,
LOMDAS,1,,,
LOMFEC,1,,,
LOMFOM,1,,,
LOMFUS,1,,,
LOMGOJ,1,,,
LOMGUP,1,,,
LOMPUA,1,,,
LOMXIU,1,,,
LONCUM,1,,,
LONDAT,1,,,
LONKEF,1,,,
LONZUJ,1,,,
LOPDUR,1,,,
LOPKUZ,1,,,
LOPNUC,1,,,
LOQCOK,1,,,
LOQLIQ,1,,,
LOQLOW,1,,,
LOQLUC,1,,,
LOQMAJ,1,,,
LOQMEN,1,,,
LOQSAL,1,,,
LORQAO,1,,,
LORRUF,1,,,
LOSBUQ,1,,,
LOSVAQ,1,,,
LOSXIE,1,,,
LOSXOK,1,,,
LOWLEO,1,,,
LOWPIY,1,,,
LOWPOE,1,,,
LOWQAS,1,,,
LOWQEW,1,,,
LOWQIA,1,,,
LOWREX,1,,,
LOWRIB,1,,,
LOWROH,1,,,
LOWRUN,1,,,
LOWSEY,1,,,
LOWSIC,1,,,
LOXQEU,1,,,
LOXSOJ,1,,,
LOYHUG,1,,,
LOYJAO,1,,,
LOYNEU,1,,,
LOYNIY,1,,,
LOYVAA,1,,,
LOYWAA,1,,,
LOYXOP,1,,,
LUBLID,1,,,
LUBVAJ,1,,,
LUCFAS,1,,,
LUCGUP,1,,,
LUDJUQ,1,,,
LUDKAX,1,,,
LUDNAA,1,,,
LUDVOW,1,,,
LUDZUG,1,,,
LUFBAQ,1,,,
LUGPUB,1,,,
LUGQAI,1,,,
LUGSIT,1,,,
LUGXEU,1,,,
LUHFUS,1,,,
LUJBIB,1,,,
LUJMIQ,1,,,
LUJQUD,1,,,
LUJRAK,1,,,
LUJWOD,1,,,
LUJXEU,1,,,
LUJXOE,1,,,
LUKLUB,1,,,
LUKREQ,1,,,
LUKYUL,1,,,
LULFAC,1,,,
LULMOV,1,,,
LULTAO,1,,,
LUMDAB,1,,,
LUMHIL,1,,,
LUMHUX,1,,,
LUMKIN,1,,,
LUMLOU,1,,,
LUMROC,1,,,
LUMVUK,1,,,
LUMXOI,1,,,
LUNDAD,1,,,
LUNMIR,1,,,
LUNMOX,1,,,
LUNNOZ,1,,,
LUNTEV,1,,,
LUNWAU,1,,,
LUPMAL,2,,,
LUPSUO,1,,,
LUPTAV,1,,,
LUPTUO,1,,,
LUPVIE,1,,,
LUPYUT,1,,,
LUQKEO,1,,,
LUQKOB,1,,,
LUQKUF,1,,,
LUQSID,1,,,
LUQVAU,1,,,
LURCUZ,1,,,
LURDEK,1,,,
LURKAO,1,,,
LURTIB,1,,,
LURTUN,1,,,
LURVAV,1,,,
LURVID,2,,,
LUTPIZ,1,,,
LUVVAZ,1,,,
LUVVED,1,,,
LUVVUV,1,,,
LUXCOX,1,,,
LUXDIR,1,,,
LUXHUH,1,,,
LUXWEG,1,,,
LUXXEI,1,,,
LUXXIL,1,,,
LUXXIM,1,,,
LUXXOS,1,,,
LUXXOU,1,,,
LUXYAE,1,,,
LUXYEI,1,,,
LUXYIM,1,,,
LUXYOS,1,,,
LUYWAH,1,,,
LUZHAQ,1,,,
LUZXIN,1,,,
LUZYAG,1,,,
LUZYIO,1,,,
LYTHRA,1,,,
MABJEF,1,,,
MABTUH,1,,,
MABXUK,1,,,
MABYAR,1,,,
MABYEV,1,,,
MABYIZ,1,,,
MABYIZ01,1,,,
MACMEK,1,,,
MADFUV,1,,,
MADJEI,1,,,
MADKIN,1,,,
MAFJOU,1,,,
MAFLAI,1,,,
MAFPOB,1,,,
MAFXEZ,1,,,
MAGQIY,2,,,
MAHWUN,1,,,
MAHXAU,1,,,
MAJMIV,1,,,
MAJSEW,1,,,
MAJVIG,1,,,
MAJVOM,1,,,
MAJVUS,1,,,
MAJYAX,1,,,
MAJZEG,1,,,
MAKDIL,1,,,
MAKPUL,1,,,
MAKQAS,1,,,
MAKWEA,1,,,
MALFOW,1,,,
MALNIX,1,,,
MALQUM,1,,,
MALSOI,2,,,
MALTAU,1,,,
MAMHEN,1,,,
MAMHIR,1,,,
MAMLIZ,1,,,
MAMLUL,1,,,
MAMMOE,1,,,
MAMMUK,1,,,
MAMNAR,1,,,
MANCIQ,1,,,
MANHOZ,1,,,
MANHUF,1,,,
MANJAN,1,,,
MANMIX,1,,,
MANREC,1,,,
MANSED,1,,,
MAPHES,1,,,
MAPHIW,1,,,
MAPHOC,1,,,
MAPXOQ,1,,,
MAPYOV,1,,,
MAQRUS,1,,,
MAQWEK,1,,,
MARPUR,1,,,
MARXIM,1,,,
MARXOS,1,,,
MARXUY,1,,,
MARYAF,1,,,
MASDUH,1,,,
MASFAP,1,,,
MASFER,1,,,
MASFOB,1,,,
MASGES,1,,,
MASGIW,1,,,
MASGOC,1,,,
MASGUI,1,,,
MASHET,1,,,
MASHIX,1,,,
MASHOD,1,,,
MASHUJ,1,,,
MASJAR,1,,,
MASJEV,1,,,
MASJIZ,1,,,
MATGET,1,,,
MATGOH,1,,,
MATHOI,1,,,
MATXOX,2,,,
MAURTA10,1,,,
MAVBIV,1,,,
MAWDIY,1,,,
MAWXOY,1,,,
MAXFEX,1,,,
MAXQAE,1,,,
MAXQEI,1,,,
MAXTOY,1,,,
MAXVAM,1,,,
MAXVEQ,1,,,
MAXVIU,1,,,
MAXVOA,1,,,
MAXVUC,1,,,
MAXWAN,1,,,
MAXWER,1,,,
MAXWIV,1,,,
MAXXAO,1,,,
MAXZAN,1,,,
MAXZER,1,,,
MAYTIQ,1,,,
MAZBAU,1,,,
MAZBEY,1,,,
MAZCEY,1,,,
MAZCOI,1,,,
MAZNIO,1,,,
MAZTAI,2,,,
MAZZUJ,1,,,
MBMPIN,1,,,
MEAZDC,1,,,
MEBGIJ,1,,,
MEBKUC,1,,,
MEBNAL,1,,,
MEBROA,1,,,
MEBSET,1,,,
MECBOL,1,,,
MECBUR,1,,,
MECWUM,1,,,
MECWUN,1,,,
MECZUP,1,,,
MEDVAT,1,,,
MEFREX,1,,,
MEGJIR,1,,,
MEGJOX,1,,,
MEGMOE,1,,,
MEGRUL,1,,,
MEGSAS,1,,,
MEGSIC,1,,,
MEHZEI,1,,,
MEHZIM,1,,,
MEJKUJ,1,,,
MEJRIC,1,,,
MELDIR,1,,,
MELDOX,1,,,
MELDUD,1,,,
MELDUD01,1,,,
MELFAL,1,,,
MELHER,1,,,
MELLEU,1,,,
MELLIY,1,,,
MELLOE,1,,,
MELLUK,1,,,
MELREB,1,,,
MELRIF,1,,,
MELROK,1,,,
MELRUQ,1,,,
MELSAX,1,,,
MEMCAJ,1,,,
MEMRAB,1,,,
MEMSIJ,2,,,
MEMSUV,2,,,
MEMTAC,2,,,
MEMTUX,1,,,
MENJEV,1,,,
MENMEB,1,,,
MENZEN,1,,,
MENZIR,1,,,
MENZOX,1,,,
MENZUD,1,,,
MEQGAQ,1,,,
MEQGEU,1,,,
MEQYUG,1,,,
MERFEU,1,,,
MERNAC,1,,,
MESLOM,2,,,
MESPME01,1,,,
METSIQ,1,,,
METSUC,1,,,
METXOC,1,,,
METXUI,1,,,
MEVCOG,1,,,
MEVEPE10,1,,,
MEWJOP,1,,,
MEWMIM,1,,,
MEXJII,1,,,
MEXJOO,1,,,
MEXJUU,1,,,
MEXKAB,1,,,
MEXKAB01,1,,,
MEXREQ,1,,,
MEXRIU,1,,,
MEYHEH,1,,,
MEYNIR,1,,,
MEYNOX,1,,,
MEYQIS,1,,,
MEYQUF,1,,,
MEYREQ,1,,,
MEYREQ01,1,,,
MEYRIT,1,,,
MEYROA,1,,,
MEYROZ,1,,,
MEYRUF,1,,,
MEYRUG,1,,,
MEYSER,1,,,
MEYSIV,1,,,
MEYSUH,1,,,
MEYTER,1,,,
MEYTER01,1,,,
MEYTIV,1,,,
MEYTUH,1,,,
MEYWAQ,1,,,
MEYWEV,1,,,
MEZFIJ,1,,,
MIBGOV,1,,,
MIBGUD,1,,,
MIBHEM,1,,,
MICKUE,1,,,
MIDLAN,1,,,
MIDLER,1,,,
MIDQAS,1,,,
MIDQEW,1,,,
MIFNAU,1,,,
MIFNEY,1,,,
MIFNIC,1,,,
MIFQOI,1,,,
MIFQUO,1,,,
MIFSUP,1,,,
MIGFEN,1,,,
MIGFIR,1,,,
MIGFOX,1,,,
MIGGIV,1,,,
MIGHER,1,,,
MIGNAV,1,,,
MIGNEW,1,,,
MIGNOG,1,,,
MIGQIC02,1,,,
MIGQOI,1,,,
MIGTUR,1,,,
MIHDEN,1,,,
MIHFOB,1,,,
MIHFUH,1,,,
MIHGAO,1,,,
MIHKAT,1,,,
MIHLEU,1,,,
MIJGUH,1,,,
MIJHAO,1,,,
MIJHAO01,1,,,
MIJTAB,1,,,
MILQEF,1,,,
MILTUX,1,,,
MILVIN,1,,,
MILVOT,1,,,
MILVUY,1,,,
MILWAF,1,,,
MIMDOB01,1,,,
MIMDUH,1,,,
MIMFUJ,1,,,
MIMGAQ,1,,,
MINDAP,1,,,
MINDET,1,,,
MINDIX,1,,,
MINDOD,1,,,
MINVEK,1,,,
MINVIO,1,,,
MIPFAW,1,,,
MIPLOP,1,,,
MIPMED,1,,,
MIPMIH,1,,,
MIPVUD,1,,,
MIQHAW,1,,,
MIQHEA,1,,,
MIQHEZ,1,,,
MIQHID,1,,,
MIQHOJ,1,,,
MIQHUP,1,,,
MIQJAX,1,,,
MIQJEB,1,,,
MIQJEE,1,,,
MIQJIF,1,,,
MIQJOL,1,,,
MIQJUR,1,,,
MIQKEC,1,,,
MIQKOM,1,,,
MIQKOM01,1,,,
MIQKUS,1,,,
MIQQEL,1,,,
MIQVEO,1,,,
MIQZET,1,,,
MIQZIX,1,,,
MIQZOD,1,,,
MIQZUJ,1,,,
MIRBAS,1,,,
MIRNIK,1,,,
MISROY,1,,,
MISZAS,1,,,
MITBUN,1,,,
MITCAU,1,,,
MITDUP,1,,,
MITKEI,1,,,
MITKOS,1,,,
MITLEJ,1,,,
MITLIN,1,,,
MITQOY,1,,,
MIVFED,1,,,
MIVFIH,1,,,
MIVFON,1,,,
MIVHAA,1,,,
MIVMOX,1,,,
MIVWOE,1,,,
MIVWUK,1,,,
MIVYAV,1,,,
MIVYEZ,1,,,
MIWBOL,1,,,
MIWNOX,1,,,
MIWNUD,1,,,
MIWTER,1,,,
MIWXOJ,1,,,
MIWZEX,1,,,
MIXFIJ,1,,,
MIXGAF,1,,,
MIXGUZ,1,,,
MIXVOI,1,,,
MIYCUV,1,,,
MIYFIK,1,,,
MIYMIR,1,,,
MIYMOX,1,,,
MIYXUR,1,,,
MIYYAY,1,,,
MIYYAY02,1,,,
MIYZIG,1,,,
MIZFEI,1,,,
MIZJIS,1,,,
MIZZII,1,,,
MIZZOO,1,,,
MOBFAN,1,,,
MOBTED,1,,,
MOBTIH,1,,,
MOBWEG,1,,,
MOBWOQ,1,,,
MOBWUW,1,,,
MOBXEH,1,,,
MOCZIR,1,,,
MOCZOX,1,,,
MODMID,1,,,
MODTII,1,,,
MODWEK,1,,,
MODYUZ,1,,,
MOFHIY,1,,,
MOFLEZ,1,,,
MOFSOS,1,,,
MOFVEI,1,,,
MOFXEO,1,,,
MOFXOW,1,,,
MOFZIR,1,,,
MOGRUZ,1,,,
MOHSAH,1,,,
MOHTAF,1,,,
MOHTEJ,1,,,
MOHTIN,1,,,
MOHTOT,1,,,
MOHTUZ,1,,,
MOJBOD,1,,,
MOJDOG,1,,,
MOJFAU,1,,,
MOJHOJ,1,,,
MOKCOI,1,,,
MOKRAJ,1,,,
MOKREN,1,,,
MOKRIR,1,,,
MOKTAJ,2,,,
MOLDUN,1,,,
MOLFAV,1,,,
MOLFEZ,1,,,
MOLGUQ,1,,,
MOLNUW,1,,,
MOLPAE,1,,,
MOLPEI,1,,,
MOLPIM,1,,,
MOMODT,1,,,
MOMTOY,1,,,
MONQEL,1,,,
MOPJAC,1,,,
MOPQAK,1,,,
MOQHUW,1,,,
MOQQES,1,,,
MORJAH,1,,,
MORXIC,1,,,
MOSBIF,1,,,
MOSDOO,1,,,
MOSDOO01,1,,,
MOSDUU,1,,,
MOSFAC,1,,,
MOSFEG,1,,,
MOSFIK,1,,,
MOSHOU,1,,,
MOSQEQ,1,,,
MOTJAI,1,,,
MOTXUP,1,,,
MOTYAW,1,,,
MOVDUZ,1,,,
MOVJIT,1,,,
MOVMAM,1,,,
MOVMEQ,1,,,
MOVZUS,1,,,
MOWLOD,1,,,
MOWLUJ,1,,,
MOWPIA,1,,,
MOWTOK,1,,,
MOWWAY,1,,,
MOXREY,1,,,
MOXRIC,1,,,
MOXROI,1,,,
MOXRUO,1,,,
MOXSAV,1,,,
MOXSID,1,,,
MOYPEX,1,,,
MOYPIB,1,,,
MOYPOH,1,,,
MOYPUN,1,,,
MOYQAU,1,,,
MOYQEY,1,,,
MOYVUU,1,,,
MOYXUW,1,,,
MOZNAQ,1,,,
MOZNEU,1,,,
MOZNIY,1,,,
MOZNOE,1,,,
MOZNUK,1,,,
MOZPAS,1,,,
MOZZEK,1,,,
MOZZIO,1,,,
MPOPHA03,1,,,
MPTZTE10,1,,,
MUBHUM,1,,,
MUBHUN,1,,,
MUBJAU,1,,,
MUBSOR,1,,,
MUBWAK,1,,,
MUCYIT,1,,,
MUCYOB,1,,,
MUDCUK,1,,,
MUDFUN,1,,,
MUDGAU,1,,,
MUDGEY,1,,,
MUDGOI,1,,,
MUDGUO,1,,,
MUDRAF,1,,,
MUDXUI,1,,,
MUDXUI02,1,,,
MUDYET,1,,,
MUFFOM,1,,,
MUFFUS,1,,,
MUFGAZ,1,,,
MUFHII,1,,,
MUFKON,1,,,
MUGBEY,1,,,
MUGNIP,1,,,
MUGNOU,1,,,
MUGQAJ,1,,,
MUGQEN,1,,,
MUGQIR,1,,,
MUGZET,1,,,
MUGZIX,1,,,
MUGZOD,1,,,
MUHBAS,1,,,
MUHBEW,1,,,
MUHBOG,1,,,
MUHCIE,1,,,
MUHCOK,1,,,
MUHKUX,1,,,
MUHNOW,1,,,
MUJDAZ,1,,,
MUJPEP,1,,,
MUJPEP01,1,,,
MUJPEP02,1,,,
MUJPEP03,1,,,
MUJPEP04,1,,,
MUJPEP05,1,,,
MUJPEP06,1,,,
MUJPIT,1,,,
MUJPIT01,1,,,
MUJPIT02,1,,,
MUJQAM,1,,,
MUJQAM01,1,,,
MUJQIT,1,,,
MUKBIF,1,,,
MUKMAI,1,,,
MUKMEM,1,,,
MUKMIQ,1,,,
MUKPUE,1,,,
MUKQAL,1,,,
MUKQEP,1,,,
MUKRIT,1,,,
MUKTAQ,1,,,
MUKVAP,1,,,
MUKVET,1,,,
MUKYAT,1,,,
MUKYOH,1,,,
MULMAH,1,,,
MULMEL,1,,,
MULWAV,1,,,
MULWEZ,1,,,
MULWID,1,,,
MULXAW,1,,,
MULXEA,1,,,
MULYUP,1,,,
MULYUR,1,,,
MULZAV,2,,,
MULZAW,1,,,
MUMDAA,1,,,
MUMGAD,1,,,
MUMGEH,1,,,
MUMJUA,1,,,
MUMKAH,1,,,
MUNBAZ,1,,,
MUNBED,1,,,
MUNMOY,1,,,
MUNMOY01,1,,,
MUNNAL,1,,,
MUPQIX,1,,,
MUPQOD,1,,,
MUPQOF,1,,,
MUPQUJ,1,,,
MUPRAQ,1,,,
MUPREU,1,,,
MUPRIY,1,,,
MUQJEP,1,,,
MUQJOZ,1,,,
MUQLOZ,1,,,
MUQMIY,1,,,
MUQTOJ,1,,,
MURHUG,1,,,
MURMIX,1,,,
MURQOF,1,,,
MURYIJ,1,,,
MUSCAE,1,,,
MUSVUS,1,,,
MUTMEV,1,,,
MUVKAS,1,,,
MUVNIB,1,,,
MUVNIB01,1,,,
MUVPAV,1,,,
MUVWUW,1,,,
MUVZOT,1,,,
MUVZUZ,1,,,
MUWLIA,1,,,
MUWLOG,1,,,
MUWLOG01,1,,,
MUWMEX,1,,,
MUWMEX01,1,,,
MUWMEX04,1,,,
MUWMEX05,1,,,
MUWNUR,1,,,
MUWQUU,1,,,
MUXGIY,1,,,
MUZFOE,1,,,
MUZGOH,1,,,
MUZGUN,1,,,
MUZHAU,1,,,
MUZHEY,1,,,
MUZHOI,1,,,
MUZSEG,1,,,
MUZWAJ,1,,,
MUZYIP,1,,,
MVAHIV,1,,,
MWARIF10,1,,,
NABKAD,1,,,
NABQUD,1,,,
NABVAR,1,,,
NABVEV,1,,,
NABWOD,1,,,
NABWOD01,1,,,
NACCEE,1,,,
NACGON,1,,,
NACLIM,1,,,
NACPAL,1,,,
NACZOH,1,,,
NACZUN,1,,,
NADFIJ,1,,,
NADHAE,1,,,
NADKEL,1,,,
NADNEL,1,,,
NADROZ,1,,,
NADZOM,1,,,
NAFCUS,1,,,
NAFJEJ,1,,,
NAFPOC,1,,,
NAFPUI,1,,,
NAFQAP,1,,,
NAFQIX,1,,,
NAFQUJ,1,,,
NAFRET,1,,,
NAFRIX,1,,,
NAFROD,1,,,
NAFRUJ,1,,,
NAFRUM,1,,,
NAFSOE,1,,,
NAFVOF,1,,,
NAFWOG,1,,,
NAFYEY,1,,,
NAGBOM,1,,,
NAGHUY,1,,,
NAGQIV,1,,,
NAGQOB,1,,,
NAGQUH,1,,,
NAGSEW,1,,,
NAGVUQ,1,,,
NAGZEA,1,,,
NAHDUA,1,,,
NAHGAG,1,,,
NAHGEK,1,,,
NAHREU,1,,,
NAHRIY,1,,,
NAHVAW,1,,,
NAJMOE,1,,,
NAJRUN,1,,,
NAJSAU,1,,,
NAJSEY,1,,,
NAJSIC,1,,,
NAJSOH,1,,,
NAJTAU,1,,,
NAJTEY,1,,,
NAJTIC,1,,,
NAJTID,1,,,
NAJVEE,1,,,
NAKMAN,1,,,
NAKMER,1,,,
NAKMEU,1,,,
NAKPEU,1,,,
NAKQIA,1,,,
NAKQOG,1,,,
NAKQOG01,1,,,
NAKQUM,1,,,
NAKQUM01,1,,,
NAKVIH,1,,,
NAKYUU,1,,,
NAKZAB,1,,,
NALLOG,1,,,
NALPAT,1,,,
NALREY,1,,,
NALREY01,1,,,
NALXIL,1,,,
NALXUX,1,,,
NAMHIS,1,,,
NAMNUK,2,,,
NAMPIC,1,,,
NAMPOI,1,,,
NAMVIJ,1,,,
NANFAN,1,,,
NANHIT,1,,,
NANQEA,1,,,
NANREA,1,,,
NANZUY,1,,,
NAPBAI,1,,,
NAPBEM,1,,,
NAPCEM,1,,,
NAPCIQ,1,,,
NAPHIX,1,,,
NAPHUJ,1,,,
NAPJOE,1,,,
NAPXAH,1,,,
NAPYIP,1,,,
NAQDEQ,1,,,
NAQGET,1,,,
NAQGIX,1,,,
NAQHAQ,1,,,
NAQJOH,1,,,
NAQKUN,1,,,
NAQMAU,1,,,
NAQMEY,1,,,
NAQMIC,1,,,
NAQMOI,1,,,
NAQMUO,1,,,
NAQNAV,1,,,
NASQOP,1,,,
NATGIY,1,,,
NATLEA,1,,,
NATLEB,1,,,
NATLIF,1,,,
NATLOL,1,,,
NATLUR,1,,,
NATNAA,1,,,
NATNEE,1,,,
NATNII,1,,,
NATNOO,1,,,
NATNUU,1,,,
NATPAC,1,,,
NATPIJ,1,,,
NATPOP,1,,,
NATPUV,1,,,
NATQAC,1,,,
NATQEG,1,,,
NAVFOI01,1,,,
NAVQEI,1,,,
NAVQIM,1,,,
NAVSUY,1,,,
NAVSUY01,1,,,
NAVTAF,1,,,
NAVTEJ,1,,,
NAXVUH,1,,,
NAYCIA,1,,,
NAYCOG,1,,,
NAYPOU,1,,,
NAYZUI,1,,,
NAZWOD,1,,,
NAZXIW,1,,,
NEBKAG,2,,,
NEBWAT,1,,,
NEBYUS,1,,,
NECBUV,1,,,
NECLEQ,1,,,
NECNOY,1,,,
NECNUE,1,,,
NECPAM,1,,,
NECSOD,1,,,
NECVUM,1,,,
NECWEX,2,,,
NECWIB,2,,,
NEDFEH,1,,,
NEDHEN,1,,,
NEDJEM,1,,,
NEDJIQ,1,,,
NEDPER,1,,,
NEDSAQ,1,,,
NEDWAY,1,,,
NEFFUZ,1,,,
NEFMAN,1,,,
NEFVEZ,1,,,
NEGBIL,1,,,
NEGWAY,1,,,
NEGWEC,1,,,
NEHJOA,1,,,
NEHPUM,1,,,
NEHTEB,1,,,
NEHTIF,1,,,
NEJBUA,1,,,
NEJTAZ,1,,,
NEJTED,1,,,
NEJYUZ,1,,,
NEKDUG,1,,,
NEKGIX,1,,,
NEKMEV,1,,,
NEKMIZ,1,,,
NELHIZ,1,,,
NELZEN,1,,,
NELZIR,1,,,
NELZIR01,1,,,
NEMCOY,1,,,
NEMDUH,1,,,
NEMFAP,1,,,
NEMPEA,1,,,
NEMPIE,1,,,
NEMPIE01,1,,,
NEMTUU,1,,,
NEMVIK,1,,,
NEMYEJ,1,,,
NENCOB,1,,,
NENHUN,1,,,
NENPIG,1,,,
NENQUU,1,,,
NENROO,1,,,
NENRUU,1,,,
NENSAB,1,,,
NENSEF,1,,,
NENSEH,1,,,
NEPQUU,1,,,
NEPRAB,1,,,
NEPSUX,1,,,
NEPVUA,1,,,
NEPWIP,1,,,
NEPWOV,1,,,
NEQJEY,1,,,
NEQJIC,1,,,
NEQLIE,1,,,
NEQLOK,1,,,
NEQPII,1,,,
NERGUN01,1,,,
NERHAU,1,,,
NERNIJ,1,,,
NERNOP,1,,,
NERNUV,1,,,
NESHEB,1,,,
NESHOI,1,,,
NESPAD,1,,,
NETCIB,1,,,
NETRUD,1,,,
NETRUD01,1,,,
NETSEO,1,,,
NEVFOM,1,,,
NEVPUZ,1,,,
NEVQEK,1,,,
NEWKUV,1,,,
NEWKUX,1,,,
NEWXES,1,,,
NEXHIH,1,,,
NEXNAI,1,,,
NEXPUC,1,,,
NEXTUH,1,,,
NEXVES,1,,,
NEXVIW,1,,,
NEXVOC,1,,,
NEYJAG,1,,,
NEYKIP,1,,,
NEYLOS,1,,,
NEYLOS01,1,,,
NEYLUY,1,,,
NEYLUY01,1,,,
NEYLUY02,1,,,
NEYPOA,1,,,
NEYPOZ,1,,,
NEYWIA,1,,,
NEYWIB,1,,,
NEYYIC,1,,,
NEZWUM,1,,,
NICJOB,1,,,
NICKAO,1,,,
NICKES,1,,,
NICKOC,1,,,
NICMUJ,1,,,
NICPAR,1,,,
NICPEV,1,,,
NICSIB,1,,,
NICXOP,1,,,
NICXUV,1,,,
NICYAC,1,,,
NICYEG,1,,,
NIDHEQ,1,,,
NIDLER,1,,,
NIDLIV,1,,,
NIDPOH,1,,,
NIDREZ,1,,,
NIDROJ,1,,,
NIDRUP,1,,,
NIDSAW,1,,,
NIDSEA,1,,,
NIFQOJ,1,,,
NIGTUU,1,,,
NIGYOV,1,,,
NIGYUY,1,,,
NIGZAF,1,,,
NIHCOY,1,,,
NIHDEP,1,,,
NIHDIT,1,,,
NIHPON,1,,,
NIHPON01,1,,,
NIHSEE,1,,,
NIHXEL,1,,,
NIJPUR,1,,,
NIJQAY,1,,,
NIJXUD,1,,,
NIJYAK,1,,,
NIJYEO,1,,,
NIKKOH,1,,,
NILHAV,1,,,
NILKIG,1,,,
NILMAX,1,,,
NILMIF,1,,,
NILMOK,1,,,
NILNOP,1,,,
NILNOP01,1,,,
NILWEL,1,,,
NILYIT,1,,,
NILYOX,1,,,
NILYUD,1,,,
NILZAK,1,,,
NIMHAT,1,,,
NIMJAU,1,,,
NIMKOM,1,,,
NIMLIE,1,,,
NIMQEG,1,,,
NIMQIK,1,,,
NIMQIN,1,,,
NIMQOT,1,,,
NIMQOT01,1,,,
NIMQUZ,1,,,
NIMVUD,1,,,
NIMWEM,1,,,
NINFEX,1,,,
NINSEJ,1,,,
NINTIO,1,,,
NINXOY,1,,,
NINXUE,1,,,
NINYAL,1,,,
NIPBOH,1,,,
NIPTAI,1,,,
NIPXEP,1,,,
NIPXIT,1,,,
NIPXOZ,1,,,
NIQBUL,1,,,
NIQCIA,1,,,
NIQCOG,1,,,
NIQMIJ,1,,,
NIRCAW,1,,,
NIRCEA,1,,,
NIRCIE,1,,,
NIRCOK,1,,,
NIRDUO,1,,,
NIRDUO01,1,,,
NIRHAY,1,,,
NIRHEC,1,,,
NISCOH,2,,,
NISHUS,1,,,
NISLAC,1,,,
NISLEG,1,,,
NITFEB,1,,,
NITWAP,1,,,
NIVFOP,1,,,
NIVFOP01,1,,,
NIVHAE,1,,,
NIVHEI,1,,,
NIVHIM,1,,,
NIVHOP,1,,,
NIVHOS,1,,,
NIVHUY,1,,,
NIVJAE,1,,,
NIVROZ,1,,,
NIWCIH,1,,,
NIWCUR,1,,,
NIWDAY,1,,,
NIWHUX01,1,,,
NIWJUY,1,,,
NIXVAS,1,,,
NIXXIB,1,,,
NIXYOI,1,,,
NIYDEE,1,,,
NIYFUA,2,,,
NIYGAH,2,,,
NIYJOW,1,,,
NIYJUC,1,,,
NIYMOB,1,,,
NIYMUH,1,,,
NIYNAO,1,,,
NIYNES,1,,,
NIYNIS,1,,,
NIYQUK,1,,,
NIYXUO,1,,,
NIYYAV,1,,,
NIZGAI,1,,,
NIZJAK,1,,,
NIZKEM,1,,,
NIZQIW,1,,,
NOCHAO,1,,,
NOCNIC,1,,,
NOCSUT,1,,,
NOCXEJ,1,,,
NODJOI,1,,,
NODLAU,1,,,
NODLEY,1,,,
NODWIO,1,,,
NODWOU,1,,,
NOFPAB,1,,,
NOFPEF,1,,,
NOGBAM,1,,,
NOGDUK,1,,,
NOGKOK,1,,,
NOGKUR,1,,,
NOGLAA,1,,,
NOHGIE,1,,,
NOHHOL,1,,,
NOJHOJ,1,,,
NOJYUH,1,,,
NOJZAO,1,,,
NOKCOJ,1,,,
NOKPOW,1,,,
NOKQAG,1,,,
NOKQOU,1,,,
NOKTEM,1,,,
NOKTIQ,1,,,
NOKWAL,1,,,
NOLJUU,1,,,
NOLKAB,1,,,
NOLKUY,1,,,
NOLMIO,1,,,
NOLMOU,1,,,
NOLXUL,1,,,
NOLYAS,1,,,
NOLYEW,1,,,
NOLYIA,1,,,
NOLYOG,1,,,
NOLYUM,1,,,
NOMBAS,1,,,
NOMBOJ,1,,,
NOMCAV,1,,,
NOMCAW,1,,,
NOMGAB,1,,,
NOMLOS,1,,,
NOMNAI,1,,,
NOMNIQ,1,,,
NOMVUH,1,,,
NOMWOC,1,,,
NONACT01,1,,,
NONACT02,1,,,
NONAMT,1,,,
NONDIH,1,,,
NONDON,1,,,
NONWOG,1,,,
NOQBOK,1,,,
NOQDAY,1,,,
NOQDIG,1,,,
NOQFEE,1,,,
NOQLAK,1,,,
NOQSUJ,1,,,
NOQTES01,1,,,
NOSBUV,1,,,
NOSPOA01,1,,,
NOSQIV,1,,,
NOSSOF,1,,,
NOSSUL,1,,,
NOSTAS,1,,,
NOSTEW,1,,,
NOSYUT,1,,,
NOTDUZ,1,,,
NOTJUB,1,,,
NOVLOD,1,,,
NOVLUJ,1,,,
NOVROJ,1,,,
NOVXUU,1,,,
NOXCAG,1,,,
NOXCEK,1,,,
NOXCIO,1,,,
NOXCOU,1,,,
NOXCUA,1,,,
NOXDAH,1,,,
NOXDEL,1,,,
NOXHUF,1,,,
NOYCOW,1,,,
NOYPAS,1,,,
NOYWIH,1,,,
NOZCUA,1,,,
NOZDAH,1,,,
NOZDEL,1,,,
NOZDIP,1,,,
NOZDUB,1,,,
NOZFAJ,1,,,
NOZFEN,1,,,
NOZKUI,1,,,
NUBQAF,1,,,
NUBWAL,1,,,
NUCBET,1,,,
NUCKOL,1,,,
NUCMOR,1,,,
NUCPUW,1,,,
NUCTAJ,1,,,
NUDKOM,1,,,
NUDKUS,1,,,
NUDRAF,1,,,
NUFFAV,2,,,
NUFFAZ,1,,,
NUFKOQ,1,,,
NUFQIO,1,,,
NUFQOU,1,,,
NUFSUD,1,,,
NUGBAT,1,,,
NUGLIK,1,,,
NUGSEO,1,,,
NUGVIY,1,,,
NUGWES,1,,,
NUGWIW,1,,,
NUGWOC,1,,,
NUGXOE,1,,,
NUHFIF,1,,,
NUHFOO,1,,,
NUHFUR,1,,,
NUHSES,1,,,
NUHZUO,1,,,
NUJNAJ,1,,,
NUJNEN,1,,,
NUJNIR,1,,,
NUJNOX,1,,,
NUJRUH,1,,,
NUJSAO,1,,,
NUJSES,1,,,
NUJVIZ,1,,,
NUKHUX,1,,,
NUKJAF,1,,,
NUKTAP,1,,,
NUKVIC,1,,,
NULDUV,1,,,
NULVOI,1,,,
NULVUM,1,,,
NULWAT,1,,,
NULWEX,1,,,
NUMCOP,1,,,
NUMHUZ,1,,,
NUMJAH,1,,,
NUMJOV,1,,,
NUMLIU,1,,,
NUMWUR,2,,,
NUMXAY,2,,,
NUMZII,1,,,
NUMZOO,1,,,
NUNJUB,1,,,
NUNNOC01,1,,,
NUNPUH,1,,,
NUPHUB,1,,,
NUPKIT,1,,,
NUPKIU,1,,,
NUPKOA,1,,,
NUPRUM,1,,,
NUPWOM,1,,,
NUPXUR,1,,,
NUPXUR01,1,,,
NUPYED,1,,,
NUPZII,1,,,
NUQFUE,1,,,
NUQGIT,1,,,
NUQHUD,1,,,
NUQHUD01,1,,,
NUQMAR,1,,,
NUQPAR,1,,,
NUQSIE,1,,,
NUQXEC,1,,,
NUQXEC01,1,,,
NURTAV,1,,,
NURTEZ,1,,,
NURWIK,1,,,
NUSBAH,1,,,
NUSDAG,1,,,
NUSDIO,1,,,
NUSFEN,1,,,
NUSNUO,1,,,
NUTDOZ,1,,,
NUTGEQ,1,,,
NUTHIX,1,,,
NUTHOD,1,,,
NUTHOZ,1,,,
NUTHUJ,1,,,
NUVJIY,1,,,
NUVLOF,1,,,
NUVLUL,1,,,
NUVMAS,1,,,
NUVMUO,1,,,
NUVPAX,1,,,
NUVTON,1,,,
NUVTUT,1,,,
NUWNUO,1,,,
NUWPAW,1,,,
NUXPAB,2,,,
NUXSUV,1,,,
NUYCOD,1,,,
NUYHAS,1,,,
NUYHEU,1,,,
NUYHIY,1,,,
NUYJAV,1,,,
NUYKIB,1,,,
NUYSIL,1,,,
NUYSUV,1,,,
NUYSUV01,1,,,
NUYTAC,1,,,
NUYWUC,1,,,
NUYXAJ,1,,,
NUYXEN,1,,,
NUYXIR,1,,,
NUYXUD,1,,,
NUYYAK,1,,,
NUZDER,1,,,
NUZGEU,1,,,
NUZGUK,1,,,
NUZKEA,1,,,
OBAFEE,1,,,
OBAFII,1,,,
OBAFOO,1,,,
OBAHEI,1,,,
OBAHIM,1,,,
OBAJEK,1,,,
OBANOY,2,,,
OBANUE,2,,,
OBEGAH,1,,,
OBEQUI,1,,,
OBERAP,1,,,
OBERAQ,1,,,
OBEREU,1,,,
OBERIY,1,,,
OBEROE,1,,,
OBIKOC,1,,,
OBOFOA,1,,,
OBOFUG,1,,,
OBOGAN,1,,,
OBOHAO,1,,,
OBOHES,1,,,
OBOHIW,1,,,
OBOHOC,1,,,
OBOJIB,1,,,
OBOQUV,1,,,
OBOZAI,1,,,
OBUPEG,1,,,
OBUSEJ,1,,,
OBUSIN,1,,,
OCACEA,1,,,
OCAPAL,1,,,
OCAPUG,1,,,
OCAQAM,1,,,
OCAQER,1,,,
OCAVAP,1,,,
OCAWIA,1,,,
OCEDOQ,1,,,
OCEDUW,1,,,
OCEFAH,1,,,
OCESOH,1,,,
OCIBIM,1,,,
OCIBOS,1,,,
OCIDIN,1,,,
OCIKIY,1,,,
OCINAR,1,,,
OCIRAV,1,,,
OCIRUP,1,,,
OCISAW,1,,,
OCISEA,1,,,
OCIXIL,1,,,
OCIXOR,1,,,
OCIXUX,1,,,
OCIYEF,1,,,
OCIYEF01,1,,,
OCMEPX10,1,,,
OCOFUJ,1,,,
OCOHAR,1,,,
OCOHEV,1,,,
OCOJID,1,,,
OCONID,1,,,
OCONOJ,1,,,
OCONUP,1,,,
OCOPEB,1,,,
OCPCOC,1,,,
ODAROC,1,,,
ODAVOE,1,,,
ODAXAS,1,,,
ODAXEW,1,,,
ODEFOS,1,,,
ODEFOS01,1,,,
ODEFOS02,1,,,
ODEFUY,1,,,
ODEFUY01,1,,,
ODEGIN,1,,,
ODEGIN01,1,,,
ODEGOT,1,,,
ODEGUZ,1,,,
ODEHAG,1,,,
ODEHEK,1,,,
ODEQAQ,1,,,
ODEQAQ01,1,,,
ODEQAQ02,1,,,
ODEQAQ03,1,,,
ODEQOG,1,,,
ODEROE,1,,,
ODETEW,1,,,
ODETIA,1,,,
ODEWOM,1,,,
ODEXAZ,1,,,
ODICIN,1,,,
ODOPUT,1,,,
ODUHOK,1,,,
ODUHUQ,1,,,
ODUJAY,1,,,
ODUJIG,1,,,
ODUJOM,1,,,
ODUNEK,1,,,
ODUNOU,1,,,
ODUNUA,1,,,
ODUPAI,1,,,
ODUPEM,1,,,
ODUPIQ,1,,,
ODUPOW,1,,,
ODUPUC,1,,,
ODUQAJ,1,,,
ODUQEN,1,,,
ODUQIR,1,,,
ODUQUD,1,,,
ODURAK,1,,,
ODUREO,1,,,
ODURIS,1,,,
ODURUE,1,,,
ODURUE01,1,,,
ODUTIR,1,,,
ODUTOX,1,,,
ODUXOE,1,,,
ODUXUK,1,,,
ODUYAR,1,,,
ODUYEV,1,,,
ODUYIZ,1,,,
ODUYOF,1,,,
OETPOR10,1,,,
OFACUU,1,,,
OFAJIR,1,,,
OFAJOX,1,,,
OFAKEN,1,,,
OFASOF,1,,,
OFATAS,1,,,
OFAYIG,1,,,
OFAYOM,1,,,
OFICEO,1,,,
OFIGIT01,1,,,
OFIKUL,1,,,
OFISOP,1,,,
OFISUV,1,,,
OFITIK,1,,,
OFODIX,1,,,
OFOLOO,1,,,
OFOPEI,1,,,
OFOPIM,1,,,
OFOPOS,1,,,
OFOQAE,2,,,
OFOQOS,2,,,
OFOZEP,1,,,
OFUJII,1,,,
OFUMIP,1,,,
OFUMUB,1,,,
OFUQUE,1,,,
OFURAL,1,,,
OFUREP,1,,,
OGAYEB,2,,,
OGAZEC,1,,,
OGAZIG,1,,,
OGAZIG01,1,,,
OGAZIG02,1,,,
OGAZUS,1,,,
OGICEO,1,,,
OGIXAG,1,,,
OGIXOU,1,,,
OGOTEN,1,,,
OGOYEQ,1,,,
OGUCOL,1,,,
OGUCUQ,1,,,
OGUJUZ,1,,,
OGUKAG,1,,,
OGUMEK,1,,,
OGUMIO,1,,,
OGUZOJ,1,,,
OHACOR,1,,,
OHAMIX,1,,,
OHATEA,1,,,
OHAVUR,1,,,
OHBOCP,1,,,
OHBOCP01,1,,,
OHBOCP02,1,,,
OHBOCP03,1,,,
OHEXIM,1,,,
OHEXUU,1,,,
OHICIR,1,,,
OHICOX,1,,,
OHIGER,1,,,
OHIGET,1,,,
OHIPAA,1,,,
OHIPEE,1,,,
OHIPII,1,,,
OHIPUQ,1,,,
OHIPUU,1,,,
OHIQAB,1,,,
OHIQAX,1,,,
OHISOP,1,,,
OHITEG,1,,,
OHITUW,1,,,
OHIXUC,1,,,
OHIYOW,1,,,
OHODOE,2,,,
OHOFOJ,1,,,
OHOJIG,1,,,
OHOREK,1,,,
OHORIO,1,,,
OHOZOB,1,,,
OHOZOB01,1,,,
OHOZOB02,1,,,
OHUGOQ,1,,,
OHULEL,1,,,
OHUSAO,1,,,
OHUSES,1,,,
OHUSUH,1,,,
OHUVES,1,,,
OJASIE,1,,,
OJEGOB,1,,,
OJEGUH,1,,,
OJEHAO,1,,,
OJEHIW,1,,,
OJEHOC,1,,,
OJEJOF,1,,,
OJEKEX,1,,,
OJEQID,1,,,
OJIBOC,1,,,
OJIBUI,1,,,
OJIDIU,1,,,
OJIFAS,1,,,
OJIFIZ,1,,,
OJIPAA,1,,,
OJISEH,1,,,
OJISUV,1,,,
OJITIN,1,,,
OJOQOX,1,,,
OJOXIV,1,,,
OJOXOB,1,,,
OJOYIX,1,,,
OJUCEC,1,,,
OJUCIG,1,,,
OJUVOE,2,,,
OKALOF,1,,,
OKALUL,1,,,
OKARUR,1,,,
OKETOO,1,,,
OKETUU,1,,,
OKEVAC,1,,,
OKEVEG,1,,,
OKEVEJ,1,,,
OKEVIK,1,,,
OKEVOQ,1,,,
OKEVUW,1,,,
OKEWAD,1,,,
OKEWEH,1,,,
OKEWIL,1,,,
OKIBUF,1,,,
OKIJAX,1,,,
OKIMAW,1,,,
OKIMEA,1,,,
OKIMIE,1,,,
OKIMOK,1,,,
OKIMUQ,1,,,
OKINAX,1,,,
OKITIN,1,,,
OKITOT,1,,,
OKODOI,1,,,
OKOLAE,1,,,
OKOQUA,1,,,
OKUCIH,1,,,
OKUCUT,1,,,
OKUDAA,1,,,
OKUKOU,1,,,
OKUXUR,1,,,
OKUYEC,1,,,
OKUYIG,1,,,
OKUYIG01,1,,,
OKUYUS,1,,,
OKUYUS01,1,,,
OKUZAZ,1,,,
OKUZAZ01,1,,,
OKUZOK,1,,,
OKUZON,1,,,
OKUZUT,1,,,
OLABAI,1,,,
OLABEM,1,,,
OLABEM01,1,,,
OLABIO,1,,,
OLACOT,1,,,
OLAMOF,2,,,
OLAVAZ,1,,,
OLAVIH,1,,,
OLAVON,1,,,
OLAVUT,1,,,
OLAWAA,1,,,
OLAWEE,1,,,
OLAZOR,1,,,
OLEDIW,1,,,
OLEDOC,1,,,
OLEDUI,1,,,
OLELIA,1,,,
OLEPEC,1,,,
OLEPIG,1,,,
OLEPOM,1,,,
OLEVIN,1,,,
OLEYOU,1,,,
OLIGUL,1,,,
OLIZEP,1,,,
OLOZOG,1,,,
OLOZUM,1,,,
OLUPIX,1,,,
OLUPIX01,1,,,
OLUPIX02,1,,,
OLUPIX03,1,,,
OLUSUJ,1,,,
OLUTAQ,1,,,
OLUTEU,1,,,
OLUWEX,1,,,
OLUWIB,1,,,
OLUXEC,2,,,
OLUXID,1,,,
OMAJIW,1,,,
OMAJOC,1,,,
OMAJUI,1,,,
OMAKAP,1,,,
OMAKET,1,,,
OMAKIX,1,,,
OMAKOD,1,,,
OMALAQ,1,,,
OMALEU,1,,,
OMALEX,1,,,
OMALIY,1,,,
OMAQOI,1,,,
OMEFOB,1,,,
OMEHIB,1,,,
OMELOL,1,,,
OMEQII,1,,,
OMHEXP,1,,,
OMIBOE,1,,,
OMICOF,1,,,
OMIFAU,1,,,
OMILUS,1,,,
OMIRAG,1,,,
OMIREK,1,,,
OMISAH,1,,,
OMIWUC,1,,,
OMOTCP,1,,,
OMOZUN,1,,,
OMUJUD,1,,,
OMUKAK,1,,,
OMUSUL,1,,,
OMUZED,1,,,
ONILII,1,,,
ONINEF,1,,,
ONIZUH,1,,,
ONOVOE,1,,,
ONUGIP,1,,,
OPAWOU,2,,,
OPEBAP,1,,,
OPIBIZ,1,,,
OPIYET,1,,,
OPOMOW,1,,,
OPOYEY,1,,,
OPUBUZ,1,,,
OPUFOV,1,,,
OPUFUB,1,,,
OPUWEC,1,,,
OPUXED,1,,,
OQADIU,1,,,
OQAQAB,1,,,
OQEGEY,1,,,
OQENOP,1,,,
OQENOP01,1,,,
OQENUV,1,,,
OQEZAM,1,,,
OQEZEQ,1,,,
OQEZOA,1,,,
OQEZUG,1,,,
OQIBAS,1,,,
OQIWIV,1,,,
OQIYUJ,1,,,
OQIZAQ,1,,,
OQIZIY,1,,,
OQOROD,1,,,
OQOYUQ,1,,,
OQUQUP,1,,,
OQUVII,1,,,
ORACIU,1,,,
ORAGUL,1,,,
ORENOQ,1,,,
OREPAE,1,,,
OREWIT,1,,,
ORIFOM,1,,,
ORIVET,1,,,
OROLAK,1,,,
OROLAK01,1,,,
OROLAK02,1,,,
OROLOY,1,,,
OROLOY01,1,,,
OROLOY02,1,,,
OROQAQ,1,,,
OROXAV,1,,,
OROXEZ,1,,,
OROXID,1,,,
OROXOJ,1,,,
OROYEA,1,,,
OROYIE,1,,,
ORUTAY,1,,,
ORUTEC,1,,,
ORUTIG,1,,,
ORUTOM,1,,,
ORUTUS,1,,,
ORUVAA,1,,,
ORUVEE,1,,,
OSEREL,1,,,
OSERIP,1,,,
OSIKAD,1,,,
OSIKEH,1,,,
OSOROE,1,,,
OSORUK,1,,,
OSUFAK,1,,,
OSUFEO,1,,,
OSUFEQ,1,,,
OSUFIU,1,,,
OSUFUG,1,,,
OSUREC,1,,,
OTARAE,1,,,
OTAREI,1,,,
OTHPDO,1,,,
OTHPDP,1,,,
OTIXUL,1,,,
OTOSEN01,1,,,
OTOSEN10,1,,,
OVATOL01,1,,,
OVATOL02,1,,,
OVENEK,2,,,
OVENIO,2,,,
OVENOU,2,,,
OVEXIX,1,,,
OVUZAJ,1,,,
OVUZEN,1,,,
OVUZIR,1,,,
OWACAT,1,,,
OWAQOU02,1,,,
OWEDAW,1,,,
OWEDAW01,1,,,
OWELOS,1,,,
OWIZEB,1,,,
OWOYIJ,1,,,
OWOYIK,1,,,
OWOYOQ,1,,,
OWUDAO,1,,,
OWUDES,1,,,
OXAGOL,1,,,
OXANUZ,1,,,
OXEJOR,1,,,
OXEKAE,1,,,
OXESUG,1,,,
OXETAN,1,,,
OXETER,1,,,
OXOKOE,1,,,
OXTCNT,1,,,
OXTCNT10,1,,,
OXTCNT11,1,,,
OXTCNT12,1,,,
OXTCNT13,1,,,
OXTHDC01,1,,,
OXTPDO,1,,,
OXTPEN,1,,,
OYAWOB,1,,,
OYELOV,1,,,
OYELUB,1,,,
OYIHUB02,1,,,
OYOGUH,1,,,
OYUSEH,1,,,
OZARUD,1,,,
OZASEO,1,,,
OZAYUL,1,,,
OZAZEW,1,,,
OZAZIA,1,,,
OZAZOG,1,,,
OZECAY03,2,,,
OZECIG,2,,,
OZELEL,1,,,
OZELIP,1,,,
OZETAR,1,,,
OZEZAW,1,,,
OZICOS,1,,,
OZICUY,1,,,
OZIFOU,1,,,
OZODUF,1,,,
OZUGIC,1,,,
OZUGOI,1,,,
OZUGUO,1,,,
OZUHID,1,,,
OZUYIS,1,,,
OZUZAL,1,,,
PABDEF,1,,,
PACDOL,1,,,
PACPAK,1,,,
PACRES,1,,,
PACRIW,1,,,
PACROC,1,,,
PACRUI,1,,,
PACSAP,1,,,
PACTAQ,1,,,
PACTAQ01,1,,,
PACWEX,1,,,
PADBOL,1,,,
PADNIW,1,,,
PADPIV,1,,,
PADRIW,1,,,
PAFBED,1,,,
PAFGOW,1,,,
PAFLOA,1,,,
PAFSEZ,1,,,
PAHGIP,1,,,
PAHQEX,1,,,
PAHQIB,1,,,
PAJDAI,1,,,
PAKSAY,1,,,
PAKXUX,1,,,
PAKYAE,1,,,
PAKYEI,1,,,
PAKYIM,1,,,
PALFOB,1,,,
PALLIA,1,,,
PALLOE,1,,,
PALLUK,1,,,
PAMJAO,1,,,
PAMVEE,1,,,
PAMYOV,1,,,
PAMZIO,1,,,
PAPCIT,1,,,
PAPMID,1,,,
PAPNID,1,,,
PAPNOJ,1,,,
PAPNUP,1,,,
PAPPAX,1,,,
PAPPEB,1,,,
PAPPIF,1,,,
PAQSEI,1,,,
PAQYIQ,1,,,
PAQYOW,1,,,
PARBOB,1,,,
PARLOJ10,1,,,
PARLUP10,1,,,
PARMOO,1,,,
PARNAZ,1,,,
PARNED,1,,,
PARSON,1,,,
PASFAQ,1,,,
PASHUQ,1,,,
PATFEX,1,,,
PATNAZ01,1,,,
PATRIO,1,,,
PATSOV,1,,,
PATVIR,1,,,
PATVOX,1,,,
PATVUD,1,,,
PATWAK,1,,,
PATWEO,1,,,
PATWIS,1,,,
PATXAN,1,,,
PATZER,1,,,
PAVLED,1,,,
PAVPIM,1,,,
PAVPOS,1,,,
PAVQOS,1,,,
PAVQUY,1,,,
PAVREJ,1,,,
PAVRIN,1,,,
PAVTEM,1,,,
PAVZUI,1,,,
PAWJON,1,,,
PAWJUT,1,,,
PAWROX,1,,,
PAWTOW01,1,,,
PAWXUG,1,,,
PAXNUX,1,,,
PAXRAI,1,,,
PAXREM,1,,,
PAXRUC,1,,,
PAXSEN,1,,,
PAYFON,1,,,
PAYMEK,1,,,
PAYMIO,1,,,
PAYMOU,1,,,
PAZNOX,1,,,
PAZNUA,1,,,
PCYPTR,1,,,
PCYPTR02,1,,,
PEBPIZ,1,,,
PEBYOK,1,,,
PECGAF,1,,,
PECSIB,1,,,
PECWED,1,,,
PECWUT,1,,,
PECXAA,1,,,
PECXEE,1,,,
PEDNAQ,1,,,
PEFMOC,1,,,
PEHNEZ,1,,,
PEHREA,1,,,
PEJKIB,1,,,
PEKCIU,1,,,
PEKDOZ,1,,,
PEKLEW,1,,,
PELYEK,1,,,
PEMFOE,1,,,
PEMGOF,1,,,
PEMHIA,1,,,
PEMQON,1,,,
PEMTUW,2,,,
PEMVIQ,1,,,
PEMVOS,1,,,
PEMWAF,1,,,
PEMXIO,1,,,
PENGOH,1,,,
PENMEA,1,,,
PENMPH01,1,,,
PENMPH03,1,,,
PENPEE,1,,,
PEPJUR,1,,,
PEPLUS,1,,,
PEPYIS,1,,,
PEQBUL,1,,,
PEQCAS,1,,,
PEQFIA,1,,,
PEQFOG,1,,,
PEQFUM,1,,,
PEQGAT,1,,,
PEQHEC,1,,,
PEQNUW,1,,,
PERBIY,1,,,
PERPOT,1,,,
PERPUY,1,,,
PERPUZ,1,,,
PERVEO,1,,,
PERXAL,1,,,
PESDEW,1,,,
PESNOS,1,,,
PESPIQ,1,,,
PESPOW,1,,,
PETDOH,1,,,
PETDUN,1,,,
PETFID,1,,,
PETFID10,1,,,
PETNAE,1,,,
PETVAP,1,,,
PETVET,1,,,
PETVIX,1,,,
PETWAQ,1,,,
PETWEU,1,,,
PETWUK,1,,,
PEVBOL,1,,,
PEVFII,1,,,
PEVJEG,1,,,
PEVJIL,1,,,
PEVNEK,1,,,
PEWHIJ,1,,,
PEWNOV,1,,,
PEWQAK,1,,,
PEWXIZ,1,,,
PEXBUP,1,,,
PEXCAW,1,,,
PEXCAX,1,,,
PEXLUA,1,,,
PEXNOY,2,,,
PEXNUE,1,,,
PEXQOC,1,,,
PEXTAO,1,,,
PEXTAO01,1,,,
PEXYIB,1,,,
PEYFIK,1,,,
PEYJEI,1,,,
PEYVUM,1,,,
PEYYIE,1,,,
PEYZEY,1,,,
PEZBED,1,,,
PEZBOL01,1,,,
PEZFEH,1,,,
PEZGUZ,1,,,
PEZHAG,1,,,
PEZHEK,1,,,
PEZHIO,1,,,
PEZPUI,1,,,
PEZQAP,1,,,
PEZWOG,1,,,
PEZWUP,1,,,
PEZXAW,1,,,
PEZXIE,1,,,
PHTHCY02,1,,,
PHTHCY07,1,,,
PHTHCY08,1,,,
PHTHCY09,1,,,
PHTHCY11,1,,,
PHTHCY12,1,,,
PHTHCY13,1,,,
PHTHCY14,1,,,
PIBCAF,1,,,
PIBCAG,1,,,
PIBCEJ,1,,,
PIBGIT,1,,,
PIBSUR,1,,,
PIBTAY,1,,,
PIDDIS,1,,,
PIDDOY,1,,,
PIDFEQ,1,,,
PIDFIR,1,,,
PIDKIA,1,,,
PIDYIO,1,,,
PIDYOU,1,,,
PIFHIY,2,,,
PIFHOE,2,,,
PIFKAT,2,,,
PIFKEX,2,,,
PIFKIB,2,,,
PIFTIL,1,,,
PIFTOR,1,,,
PIGPAY,1,,,
PIGQIJ,1,,,
PIHSOP,1,,,
PIJBIV,1,,,
PIJBOB,1,,,
PIJDIY,1,,,
PIJFIY,1,,,
PIJFOE,1,,,
PIJMOO,1,,,
PIJMUU,1,,,
PIJNAB,1,,,
PIJNEF,1,,,
PIJQOO,1,,,
PIJQUU,1,,,
PIJTOT,1,,,
PIKGEW,1,,,
PIKHOG,1,,,
PIKKIG,1,,,
PIKLED,1,,,
PIKNAB,1,,,
PIKQAF,1,,,
PIKQEH,1,,,
PIKQOR,1,,,
PIKSUA,1,,,
PIKZOA,1,,,
PILQIN,1,,,
PILQUZ,1,,,
PILZER,1,,,
PILZIV,1,,,
PIMXUI,1,,,
PIMYAP,1,,,
PIMYOD,1,,,
PINFUP,1,,,
PINHAX,1,,,
PINHUR,1,,,
PINJAZ,1,,,
PINJAZ01,1,,,
PINJIH,1,,,
PINJIJ,1,,,
PIQQIT,1,,,
PIQQOZ,1,,,
PIQREQ,1,,,
PIQWOE,1,,,
PIRPAH,1,,,
PIRPAH10,1,,,
PITFEG,1,,,
PITNIQ,1,,,
PITSAN,1,,,
PITSER,1,,,
PITVOG,1,,,
PITWAT,1,,,
PIVPIW,1,,,
PIVWOG,1,,,
PIVXOH,1,,,
PIWTOG,1,,,
PIWTUM,1,,,
PIWVAU,1,,,
PIXNIX,1,,,
PIXTEX,1,,,
PIXWEA,1,,,
PIYKAJ,1,,,
PIYLUI,1,,,
PIYLUI01,1,,,
PIYLUI02,1,,,
PIYMIX,1,,,
PIYYUR,1,,,
PIYZIH,1,,,
PIYZON,1,,,
PIZCOU,1,,,
PIZJAL,1,,,
PIZJEP,1,,,
PIZQUO,1,,,
PIZXOO,1,,,
PIZXUU,1,,,
PIZYIH,2,,,
POBCIS,1,,,
POBCOY,1,,,
POBCUE,1,,,
POBMID,1,,,
POBQAY,1,,,
POBQAZ,1,,,
POBQIG,1,,,
POBTIK,1,,,
POBTOQ,1,,,
POBTUW,1,,,
POBXEN,1,,,
POBXIR,1,,,
POBXOX,1,,,
POCLIG,1,,,
POCXOV,1,,,
PODHOF,1,,,
PODKUR,1,,,
PODSOQ,1,,,
PODTIL01,1,,,
POFXEO,1,,,
POGKAX,1,,,
POGLUV,1,,,
POGREJ,1,,,
POGRIN,1,,,
POGROT,1,,,
POHBUL,1,,,
POHCAS,1,,,
POHHOK,1,,,
POHLIH,1,,,
POHWAO,1,,,
POHYIW,1,,,
POHZOB,1,,,
POJTER,2,,,
POJWAP,1,,,
POKWIY,1,,,
POKYEW,1,,,
POKYIA,1,,,
POKYOG,1,,,
POLLOU,1,,,
POLLUA,1,,,
POLMAH,1,,,
POLMEL,1,,,
POLMOV,1,,,
POLNUB,1,,,
POLPAJ,1,,,
PONFIK,1,,,
PONKIO,1,,,
PONKOU,1,,,
POPATC10,1,,,
POPHEJ,1,,,
POPNAK,1,,,
POPPOZ,1,,,
POQDAB,1,,,
POQGUY,1,,,
POQHAF,1,,,
PORBAZ,1,,,
PORBAZ01,1,,,
PORCIJ,1,,,
PORCOP,1,,,
PORGOU06,1,,,
PORHIN,1,,,
PORHOT,1,,,
PORPIN,1,,,
PORPIN01,1,,,
PORPIN02,1,,,
PORQEW,1,,,
PORREU,1,,,
PORREU01,1,,,
PORRIY,1,,,
PORRUK,1,,,
PORSEW,1,,,
PORWEZ,1,,,
POSFEI,1,,,
POSFOS,1,,,
POSGEM,1,,,
POSHEN,1,,,
POSHIR,1,,,
POSJUC,1,,,
POSWAY,1,,,
POSWEC,1,,,
POTCOC10,1,,,
POTMEQ,1,,,
POTREW,1,,,
POTRIA,1,,,
POTROG,1,,,
POTRUM,1,,,
POTTAU,1,,,
POTTEY,1,,,
POTTIC,1,,,
POTVON,1,,,
POTVUT,1,,,
POTWED,1,,,
POVCAI,1,,,
POVDAJ,1,,,
POVHIV,2,,,
POVJAP,1,,,
POVRUN,1,,,
POVTEZ,1,,,
POVTID,1,,,
POVTIH,1,,,
POVTOJ,1,,,
POVTON,1,,,
POVTUP,1,,,
POVVAX,1,,,
POVVEB,1,,,
POVVIF,1,,,
POWFEQ,1,,,
POWNUK,1,,,
POWSAX,1,,,
POWZEG,1,,,
POWZIK,1,,,
POXBAF,1,,,
POXGIS,1,,,
POXGOY,1,,,
POXHDO01,1,,,
POXNIA,1,,,
POXRAX,1,,,
POXRON,2,,,
POXZUX,1,,,
POXZUX01,1,,,
POYBIO,1,,,
POYFUI,1,,,
POYGAP,1,,,
POYPEC,1,,,
POYWEG,1,,,
POZCOX,1,,,
POZDUE,1,,,
POZFAM,1,,,
POZFIT,1,,,
POZFIT01,1,,,
POZQUU,1,,,
POZZAG,2,,,
PUBGOJ,1,,,
PUBGUP,1,,,
PUBJOL,1,,,
PUCGOL,1,,,
PUCHAY,1,,,
PUDWOB,2,,,
PUFTIW,1,,,
PUGTUK,1,,,
PUGYEY,1,,,
PUHFEH,1,,,
PUHFIL,1,,,
PUHJAH,1,,,
PUHMUE,1,,,
PUHPUD,1,,,
PUHQAK,1,,,
PUJCAB,1,,,
PUJTAS,1,,,
PUJTEV02,1,,,
PUKDAB,1,,,
PUKLAJ,1,,,
PUNHOY,1,,,
PUQCOV,1,,,
PURHAN,1,,,
PURPHA,1,,,
PURTED,1,,,
PURZIN,1,,,
PURZOU,1,,,
PURZUA,1,,,
PURZUA01,1,,,
PUSGIX,1,,,
PUSHOB,1,,,
PUSHUH,1,,,
PUSJAP,1,,,
PUSJET,1,,,
PUSJIX,1,,,
PUSLEV,1,,,
PUSLIZ,2,,,
PUSREA,1,,,
PUSRIE,1,,,
PUSROK,1,,,
PUSRUQ,1,,,
PUSSAX,1,,,
PUTDIU,1,,,
PUVBEO,1,,,
PUVCAO,1,,,
PUVCES,1,,,
PUVCIW,1,,,
PUVCOC,1,,,
PUVCUI,1,,,
PUVDAP,1,,,
PUVDET,1,,,
PUWGUM,1,,,
PUXDER,1,,,
PUXGAQ,1,,,
PUXQIM,1,,,
PUXSUA,1,,,
PUZGUM,1,,,
PUZHAT,1,,,
PUZKIF,2,,,
PUZKOL,2,,,
PUZKUR,2,,,
PUZROS,1,,,
PUZSUZ,1,,,
PUZYOY,1,,,
PXCHTR10,1,,,
PXTRBA10,1,,,
PYCRBA10,1,,,
PYROPD,1,,,
QABPUG,1,,,
QABQER,1,,,
QABQUH,1,,,
QACHAG,1,,,
QACNEP,1,,,
QACNOZ,1,,,
QACNUF,1,,,
QACPAN,1,,,
QACPER,1,,,
QADBAZ,2,,,
QADBED,1,,,
QADFAD,1,,,
QADKUD,1,,,
QADLOA,1,,,
QADQAP,1,,,
QADSOE,1,,,
QADSUK,1,,,
QADTAR,1,,,
QADTIZ,1,,,
QADTIZ01,1,,,
QADTOF,1,,,
QADTUL,1,,,
QADVAT,1,,,
QAFCAC,1,,,
QAFFEI,1,,,
QAFFEL,1,,,
QAFRIY,1,,,
QAFROE,1,,,
QAGFOV,1,,,
QAGFUA,1,,,
QAGGAI,1,,,
QAGGIP,1,,,
QAGHIS,1,,,
QAGHOY,1,,,
QAGHUE,1,,,
QAGJAM,1,,,
QAGJEQ,1,,,
QAGJIU,1,,,
QAGJOA,1,,,
QAGKUH,1,,,
QAGLAO,1,,,
QAGLES,1,,,
QAGLIW,1,,,
QAGLOC,1,,,
QAGLOZ,1,,,
QAGLUI,1,,,
QAGMAP,1,,,
QAGMET,1,,,
QAGMIU,1,,,
QAGMOA,1,,,
QAHCAH,1,,,
QAHLUJ,1,,,
QAHMAQ,1,,,
QAHMEU,1,,,
QAHMIY,1,,,
QAHMOE,1,,,
QAHNAO,1,,,
QAHNES,1,,,
QAHNIW,1,,,
QAHWEF,1,,,
QAJCEN,2,,,
QAJCIR,1,,,
QAJHUH,1,,,
QAJJAP,1,,,
QAJJET,1,,,
QAJJIX,1,,,
QAKJOB,1,,,
QAKKAO,1,,,
QAKLIX,1,,,
QAKLOD,1,,,
QAKLUJ,1,,,
QAKSUT,1,,,
QAKZAE,1,,,
QAKZEI,1,,,
QALREE,1,,,
QAMHIV,1,,,
QAMVUY,1,,,
QAMWAF,1,,,
QANDIU,1,,,
QANDOA,1,,,
QANFAP,1,,,
QANFET,1,,,
QANGER,1,,,
QANKUO,1,,,
QANNEZ01,1,,,
QANQIJ,1,,,
QANSED,1,,,
QANTUU,1,,,
QANVOQ,1,,,
QANVUW,1,,,
QANWAH,1,,,
QAPHUK,1,,,
QAPMON,2,,,
QAPMUS,1,,,
QAPMUS01,1,,,
QAPMUT,2,,,
QAQDOD,1,,,
QAQDUJ,1,,,
QAQFEV,1,,,
QAQGIA,1,,,
QAQJID,1,,,
QAQKAW,1,,,
QAQLAX,1,,,
QAQLEB,1,,,
QAQTEL,1,,,
QAQTIP,1,,,
QAQTOV,1,,,
QARCAQ,1,,,
QARCEU,1,,,
QARCIY,1,,,
QARCOE,1,,,
QARCUK,1,,,
QARDAR,1,,,
QARDEV,1,,,
QARDIZ,1,,,
QARFAR,1,,,
QARHID,1,,,
QARHOJ,1,,,
QARTIP,1,,,
QARXUD,1,,,
QARZAL,1,,,
QASGOG,1,,,
QASJEA,1,,,
QASLEF,1,,,
QASLIJ,1,,,
QASLOP,1,,,
QASLUV,1,,,
QATCIX,2,,,
QAVPAH,1,,,
QAVPIP,1,,,
QAWLUW,1,,,
QAWNAH,1,,,
QAXSIV,1,,,
QAXZOE,1,,,
QAYGAB,1,,,
QAYQUG,1,,,
QAZHEH,1,,,
QAZMIR,1,,,
QAZMOX,1,,,
QAZTES,1,,,
QEBVEY,1,,,
QEBVIC,1,,,
QECDAH,1,,,
QECYUV,1,,,
QECZAC,1,,,
QEDDOV,1,,,
QEDJOA,1,,,
QEDJOA01,1,,,
QEDLUK,1,,,
QEDQEX,1,,,
QEDSIB,1,,,
QEFKIV,1,,,
QEFMUN,1,,,
QEGDEL,1,,,
QEGDEL01,1,,,
QEGDIP,1,,,
QEGDOV,1,,,
QEGDOZ,1,,,
QEGGOY,1,,,
QEGYIK,1,,,
QEHMUL,1,,,
QEHYEI,1,,,
QEHYIM,1,,,
QEHYOS,1,,,
QEJPIG,1,,,
QEJROP,1,,,
QEJRUV,1,,,
QEJVOT,1,,,
QEKMEY,1,,,
QEKMEZ,1,,,
QEKMIC,1,,,
QEKMUP,1,,,
QEKNAW,1,,,
QEKNEA,1,,,
QEKNID,1,,,
QEKRUU,1,,,
QELFOC,1,,,
QEMLAW,1,,,
QEMNOM,1,,,
QEMWUE,1,,,
QEMXUC,1,,,
QENDOC,1,,,
QENDOC01,1,,,
QENGIZ,1,,,
QENGOF,1,,,
QENJEZ,1,,,
QENLOO,1,,,
QENQIN,1,,,
QENQOT,1,,,
QENREG,1,,,
QENZOY,1,,,
QEPBOD,1,,,
QEPCAQ,1,,,
QEPHOK,1,,,
QEPHUQ,1,,,
QEQHON,1,,,
QEQHUT,1,,,
QEQQEM,1,,,
QEQQIQ,1,,,
QEQQOW,1,,,
QEQQUC,1,,,
QEQRAJ,1,,,
QEQREN,1,,,
QEQRUC,1,,,
QEQYEU,1,,,
QEQYEU01,1,,,
QEQYEU02,1,,,
QERBEX,1,,,
QERFOM,1,,,
QERFUS,1,,,
QERLOS,1,,,
QERYUH,1,,,
QERZAO,1,,,
QESRAH,1,,,
QESWIV,1,,,
QETCEX,1,,,
QETFIH,1,,,
QETFON,1,,,
QETQEM,1,,,
QETYUN,1,,,
QETZEY,1,,,
QETZOI,1,,,
QETZUO,1,,,
QEVBEZ,1,,,
QEVBUP,1,,,
QEVKOR,1,,,
QEVLEI,1,,,
QEVLIM,1,,,
QEVWAT,1,,,
QEXBIF,1,,,
QEXQES,1,,,
QEYCOO,1,,,
QEYMAL,1,,,
QEYQET,1,,,
QEYRER,1,,,
QEYVAR,1,,,
QEYVEV,1,,,
QEYVIZ,1,,,
QEYVOF,1,,,
QEYYID,1,,,
QEZKEL,1,,,
QIBDUC,1,,,
QIBHAK,1,,,
QIBMOD,1,,,
QICBOT,1,,,
QICBOT01,1,,,
QICCAJ,1,,,
QICJUH,1,,,
QICKAO,1,,,
QICKES,1,,,
QIDPIG,1,,,
QIDPOM,1,,,
QIDZAH,1,,,
QIDZIP,1,,,
QIFFIY,1,,,
QIFGAR,1,,,
QIFXIQ,1,,,
QIFYUZ,2,,,
QIGBAJ,1,,,
QIGBEN,1,,,
QIGBEN02,1,,,
QIGBEN03,1,,,
QIGBEN04,1,,,
QIGBEN07,1,,,
QIGBEN08,1,,,
QIGKOJ,1,,,
QIHHIY,1,,,
QIHHOE,1,,,
QIHKAX,1,,,
QIHQOR,1,,,
QIHQUX,1,,,
QIJBOA,1,,,
QIJJOL,1,,,
QIJLAZ,1,,,
QIJNIG,1,,,
QIKHEA,1,,,
QIKHIE,1,,,
QIKPUV,1,,,
QIKTEJ,1,,,
QILVIU,1,,,
QIMKII,1,,,
QIMKOO,1,,,
QIMKUU,1,,,
QIMLAB,1,,,
QIMLEF,1,,,
QIMLIJ,1,,,
QIMLOP,1,,,
QIMLUV,1,,,
QIMMAC,1,,,
QIMMEG,1,,,
QIMMIK,1,,,
QIMPUB,1,,,
QIMZIZ,1,,,
QIMZOF,1,,,
QINBIA,1,,,
QINBOG,1,,,
QINCAT,1,,,
QINPUB,1,,,
QINTAL,1,,,
QINTEP,1,,,
QINTIT,1,,,
QINTOZ,1,,,
QINVOB,1,,,
QINWAP,1,,,
QIPDEB,1,,,
QIPDOL,1,,,
QIPHAA,1,,,
QIPKOP,1,,,
QIPLIO,1,,,
QIPLOU,1,,,
QIPLUA,1,,,
QIPPAI,1,,,
QIPZOE,1,,,
QIPZUK,1,,,
QIQGEG,1,,,
QIQKAG,1,,,
QIQSER,1,,,
QIQVUK,1,,,
QIQYEU,1,,,
QIRHEE,1,,,
QIRRUE,1,,,
QISHIN,1,,,
QISHOT,1,,,
QISHUZ,1,,,
QISJAH,1,,,
QISJEL,1,,,
QISJIP,1,,,
QISJOV,1,,,
QISJUB,1,,,
QISKAI,1,,,
QISKEM,1,,,
QISKIQ,1,,,
QISKOW,1,,,
QISKUC,1,,,
QISLAJ,1,,,
QISLEN,1,,,
QISLIR,1,,,
QISLOX,1,,,
QISLUD,1,,,
QISMAK,1,,,
QISMEO,1,,,
QISMIS,1,,,
QISMOW,1,,,
QISNIQ,1,,,
QISNOW,1,,,
QITLEK,1,,,
QIVDEE,1,,,
QIVSIY,1,,,
QIXTUN,1,,,
QIYFIN,1,,,
QIYFOT,1,,,
QIYFUZ,1,,,
QIYSOJ,1,,,
QIZYAA,1,,,
QIZYEE,1,,,
QOBXAJ,1,,,
QOBXOV,1,,,
QOCCER,1,,,
QOCCIV,1,,,
QOCCOB,1,,,
QOCCUH,1,,,
QOCDAO,1,,,
QOCGOF,1,,,
QOCGUL,1,,,
QOCNIF,1,,,
QOCNIF02,1,,,
QOCNON,1,,,
QODBIV,1,,,
QODBIV01,1,,,
QODCES,1,,,
QODGAS,1,,,
QODGUP,1,,,
QODKAZ,1,,,
QODNOQ,1,,,
QODPAE,1,,,
QODROU,1,,,
QODTEJ,1,,,
QODTIN,1,,,
QODTIO,1,,,
QODTIO01,1,,,
QODTIO02,1,,,
QODTOT,1,,,
QODVAH,1,,,
QODVEL,1,,,
QODVUB,1,,,
QODWAI,1,,,
QODWEM,1,,,
QOFMIH,1,,,
QOFMON,1,,,
QOFMUT,1,,,
QOFNEE,1,,,
QOFNII,1,,,
QOFNOO,1,,,
QOFNUU,1,,,
QOFPAD,1,,,
QOFQOS,1,,,
QOFROW,1,,,
QOFRUC,1,,,
QOFSAF,1,,,
QOGFAV,1,,,
QOGJAZ,1,,,
QOGNUW,2,,,
QOGSIP,2,,,
QOGTUB,1,,,
QOGVAJ,1,,,
QOGWUG,1,,,
QOGXAN,1,,,
QOHGAV,1,,,
QOHXOE,1,,,
QOHZEW,1,,,
QOJREN,1,,,
QOJSEO,1,,,
QOJSOY,1,,,
QOJSUE,1,,,
QOKWES,1,,,
QOLBID,1,,,
QOLNUC,1,,,
QOLPAK,1,,,
QOLPUG,1,,,
QOLQAN,1,,,
QOMGAD,1,,,
QOMHOS,2,,,
QONDEC,1,,,
QONFIM,1,,,
QONFOS,1,,,
QONFUY,1,,,
QONGAF,1,,,
QONNIR,1,,,
QONNOX,1,,,
QONNUD,1,,,
QONPIT,1,,,
QONRIY,1,,,
QONVEV,1,,,
QOPLUD,1,,,
QOPNUG,1,,,
QOPPAO,1,,,
QOPPAO01,1,,,
QOPPAO02,1,,,
QOPQOB,1,,,
QOPVIE,1,,,
QOQDIJ,1,,,
QOQDOP,1,,,
QOQDOQ,1,,,
QOQDUV,1,,,
QOQDUW,1,,,
QOQGOS,1,,,
QOQHUZ,1,,,
QOQRAP,1,,,
QOQSOE,1,,,
QOQTOH,1,,,
QOQXEZ,1,,,
QORBII,1,,,
QORGOT,1,,,
QORZOM,1,,,
QORZUS,1,,,
QOSBOP,1,,,
QOSBOP01,1,,,
QOSCOS,1,,,
QOSCUY,1,,,
QOSDAH,1,,,
QOSDEL,1,,,
QOSMIY,1,,,
QOSQOF,1,,,
QOTYOO,1,,,
QOTZAC,1,,,
QOTZOQ,1,,,
QOVBAG,1,,,
QOVJUG,1,,,
QOWHUH,1,,,
QOWJUJ,1,,,
QOWRUT,1,,,
QOWSAY,1,,,
QOWSII,1,,,
QOWVOP,1,,,
QOWVUV,1,,,
QOWWAC,1,,,
QOXCIT,1,,,
QOXGUF,1,,,
QOXKIX,2,,,
QOXROM,1,,,
QOXRUS,1,,,
QOXVIL,1,,,
QOXVOR,1,,,
QOXVUX,1,,,
QOXWEI,1,,,
QOXWIM,1,,,
QOXWUY,1,,,
QOXXAF,1,,,
QOXXUW,1,,,
QOXYEK,1,,,
QOXYIO,1,,,
QOXYOU,1,,,
QOXYUA,1,,,
QOXZAH,1,,,
QOXZEL,1,,,
QOXZIP,1,,,
QOYJUN,1,,,
QOYKAU,1,,,
QOYKEY,1,,,
QOYVIK,1,,,
QOYVOQ,1,,,
QOYVUW,1,,,
QOYXOV,1,,,
QOZDIS,1,,,
QOZGOC,2,,,
QOZHIX,1,,,
QOZHUI,1,,,
QOZSOP,1,,,
QOZSUV,1,,,
QUBCOF,1,,,
QUBDEX,1,,,
QUBVUI,1,,,
QUBWIW,1,,,
QUBWIX,1,,,
QUBWOC,1,,,
QUBWOD,1,,,
QUBWUI,1,,,
QUBXAP,1,,,
QUBXET,1,,,
QUBYAR,1,,,
QUBYIZ,1,,,
QUCNIL,1,,,
QUCPOT,1,,,
QUCPUZ,1,,,
QUCQAI,1,,,
QUCQIP,1,,,
QUCQOV,1,,,
QUCTAJ,1,,,
QUCZEU,1,,,
QUDBIC,1,,,
QUDBOI,1,,,
QUDBUO,1,,,
QUDCAV,1,,,
QUDFUT,1,,,
QUDGAA,1,,,
QUDGUR,1,,,
QUDRIQ,1,,,
QUDROW,1,,,
QUFDAZ,1,,,
QUFDED,1,,,
QUFXUM,1,,,
QUGDAZ,1,,,
QUGDED,1,,,
QUGPIT,1,,,
QUGPOZ,1,,,
QUGQIU,1,,,
QUGRET,1,,,
QUGSAP,1,,,
QUGSIW,1,,,
QUHBOK,1,,,
QUHCEB,1,,,
QUHWOH,1,,,
QUHYEZ,1,,,
QUJBAY,1,,,
QUJDOQ,1,,,
QUJFAF,1,,,
QUJFEJ,1,,,
QUJFIN,1,,,
QUJFOT,1,,,
QUJPIU,1,,,
QUJVAV,1,,,
QUJYOL,1,,,
QUKBUU,1,,,
QUKCAB,1,,,
QUKCEF,1,,,
QUKJIR,1,,,
QUKJIR01,1,,,
QUKMAK,1,,,
QULDIK,1,,,
QULHAJ,1,,,
QULJEM,1,,,
QULWAX,1,,,
QULXOO,2,,,
QUMBUV,1,,,
QUMCUW,2,,,
QUMDIP,1,,,
QUMDOV,1,,,
QUMDUB,1,,,
QUMGIO,1,,,
QUMHOY,1,,,
QUMKAL,1,,,
QUMKEP,1,,,
QUMKEP01,1,,,
QUMKIT,1,,,
QUNQAU,1,,,
QUNQEY,1,,,
QUPBIO,1,,,
QUPFAK,1,,,
QUPFEO,1,,,
QUPFIS,1,,,
QUPMOE,1,,,
QUPMUK,1,,,
QUPNAR,1,,,
QUPNEV,1,,,
QUPNIZ,1,,,
QUPWAZ,1,,,
QUPYEI,1,,,
QUQPUN,1,,,
QUQVUU,1,,,
QUQXIL,1,,,
QURMOF,1,,,
QURQEB,1,,,
QURQIF,1,,,
QURQUR,1,,,
QURRAY,1,,,
QURVEG,1,,,
QURVIK,1,,,
QUSDIT,1,,,
QUSFIT,1,,,
QUSFOZ,1,,,
QUSFUF,1,,,
QUSGAM,1,,,
QUSGIU,1,,,
QUSGOA,1,,,
QUSVUY,1,,,
QUSWAF,1,,,
QUSWEJ,1,,,
QUSWIN,1,,,
QUTMAW,1,,,
QUTXAI,1,,,
QUVBUH,1,,,
QUVPOO,1,,,
QUVPUU,1,,,
QUVQAB,1,,,
QUVVEM,1,,,
QUWLOK,1,,,
QUWMEB,1,,,
QUWMIF,1,,,
QUWMIG,1,,,
QUWMOM,1,,,
QUWNED,1,,,
QUWNIH,1,,,
QUWNON,1,,,
QUWNUT,1,,,
QUWPAB,1,,,
QUWPEF,1,,,
QUWXUC,1,,,
QUXDIY,1,,,
QUXDOE,1,,,
QUXYAL,1,,,
QUYNEG,1,,,
QUYNIK,1,,,
QUYTOX,1,,,
QUZKUU,1,,,
QUZLEG,1,,,
QUZMOR,1,,,
QUZMUX,1,,,
RABJIJ,1,,,
RABREN,1,,,
RACBUT,1,,,
RACFAE,1,,,
RACFEI,1,,,
RACFIM,1,,,
RACKOW,1,,,
RACROG,1,,,
RACRUM,1,,,
RACSAT,1,,,
RACSIB,1,,,
RACSOH,1,,,
RACSUN,1,,,
RACTAR,1,,,
RACTAU,1,,,
RACTUP,1,,,
RADGOT,1,,,
RADGUZ,1,,,
RADHAG,1,,,
RADKEN,1,,,
RADLOB,1,,,
RADLUH,1,,,
RADMAO,1,,,
RADMES,1,,,
RADQET,1,,,
RADSUL,1,,,
RADTAS,1,,,
RAFHIP,1,,,
RAFHOV,1,,,
RAFJAM,1,,,
RAFLOZ,1,,,
RAFLUF,1,,,
RAFMAM,1,,,
RAFMEQ,1,,,
RAFMIU,1,,,
RAFMOA,1,,,
RAFMUG,1,,,
RAFNAN,1,,,
RAFNIY,1,,,
RAFQAQ,1,,,
RAGWAY,1,,,
RAGWIG,1,,,
RAGWIG01,1,,,
RAHJIT,1,,,
RAHJOZ,1,,,
RAHKEQ,1,,,
RAHPUN,1,,,
RAHRUQ,1,,,
RAHYEI,1,,,
RAJCEN,1,,,
RAJHEQ,1,,,
RAJNUP,1,,,
RAJPAX,1,,,
RAJPEB,1,,,
RAJWOP,1,,,
RAJWUV,1,,,
RAJXEG,1,,,
RAJXUW,1,,,
RAJYAD,1,,,
RAKGAN,1,,,
RAKNEX,1,,,
RAKTED,1,,,
RAKVEG,1,,,
RAKZOT,1,,,
RALCUG,1,,,
RALDAN,1,,,
RALDER,1,,,
RALFOA,1,,,
RALNAT,1,,,
RALNAT01,1,,,
RALTUV,1,,,
RAMKIZ01,1,,,
RAMNAV,1,,,
RAMNID,1,,,
RAMRIH,1,,,
RANFUI,1,,,
RANGAP,1,,,
RANNEA,1,,,
RANYAK,1,,,
RAPMCN11,1,,,
RAPRIK,1,,,
RAPVAJ,1,,,
RAPZEQ,1,,,
RAPZUF,1,,,
RAPZUH,1,,,
RAQBAQ,1,,,
RAQBOB,1,,,
RAQBUH,1,,,
RAQCOC,1,,,
RAQHOG,1,,,
RAQJIC,1,,,
RAQPUW,1,,,
RARQEJ,1,,,
RARTAF,1,,,
RARXIR,1,,,
RARYER,1,,,
RARYIV,1,,,
RARYOB,1,,,
RARYUH,1,,,
RASLAC,1,,,
RASLIK,1,,,
RASLOQ,1,,,
RASSAF,1,,,
RASSEJ01,1,,,
RASSEJ02,1,,,
RASTEN,1,,,
RASTOX,1,,,
RATBAT,1,,,
RATQUB,1,,,
RATSEN,1,,,
RATXUI,1,,,
RAVJUU,2,,,
RAVQAG,1,,,
RAVRAI,1,,,
RAVRAI01,1,,,
RAVVIT,1,,,
RAWFUU,1,,,
RAWKEF,1,,,
RAWKEF01,1,,,
RAWPUE,1,,,
RAXCEZ,1,,,
RAYBUR,1,,,
RAYDIH,1,,,
RAYTOA,1,,,
RAZMUC,1,,,
RAZPIT,1,,,
RAZTAN,1,,,
RAZYID,1,,,
RAZZEB,1,,,
RAZZIF,1,,,
RAZZOL,1,,,
RAZZUR,1,,,
RBMPIN,1,,,
REBFOV,1,,,
REBFUB,1,,,
REBVOK,1,,,
REBVUQ,1,,,
RECRAT,1,,,
RECXAY,1,,,
RECXIG,1,,,
REDKEQ,1,,,
REDPIZ,1,,,
REDPOF,1,,,
REDYAA,1,,,
REFNUL,1,,,
REFYEG,1,,,
REFZAE,1,,,
REGCAJ,1,,,
REGCOZ,1,,,
REGDUF,1,,,
REGQIE,1,,,
REGWEI,1,,,
REGWIM,1,,,
REGXEK,1,,,
REHCEO,1,,,
REHCIS,1,,,
REHGAO,1,,,
REHKIZ,1,,,
REHREC,1,,,
REHRIG,1,,,
REHROM,1,,,
REHWEH,1,,,
REJJUP,1,,,
REJRIL,1,,,
REJZAL,1,,,
REJZEP,1,,,
REKWOU,1,,,
REKYAJ,1,,,
RELDUL,1,,,
RELNUR,1,,,
RELPED,1,,,
REMCOC,1,,,
REMFAS,1,,,
REMPEH,1,,,
REMPIL,1,,,
REMQAD,1,,,
REMSAD,1,,,
REMSUA,1,,,
REMTAH,1,,,
REMYIR,1,,,
RENYEQ,1,,,
RENZAN,1,,,
RENZER,1,,,
REPDUN,1,,,
REPNUV,1,,,
REQFIE,1,,,
REQFOK,1,,,
RERYEV,1,,,
RESKEJ,1,,,
RESLIL,1,,,
RESLOT,1,,,
RESQUB,1,,,
RESTIW,1,,,
RESTOC,1,,,
RESXUL,1,,,
RESYAS,1,,,
RESZIC,1,,,
RETBOH,1,,,
RETLAE,1,,,
RETLEI,1,,,
RETLIM,1,,,
RETQEM,1,,,
RETREQ,1,,,
REVQIT,1,,,
REVWOF,1,,,
REVWOG,1,,,
REWBIE,1,,,
REWCUV,1,,,
REWYIB,1,,,
REXBIH,1,,,
REXCUT,1,,,
REXDAA,1,,,
REXDEE,1,,,
REXVEW,1,,,
REYNIT,1,,,
REYPER,1,,,
REYXIG,2,,,
REYXOM,2,,,
REYXUS,2,,,
REYYAZ,2,,,
REZNEP,1,,,
REZNOA,1,,,
REZREU,1,,,
REZREX,1,,,
REZRIB,1,,,
RIBBUZ,1,,,
RIBGUF,1,,,
RIBHUJ,1,,,
RIBNAV,1,,,
RICQOJ,1,,,
RICWEF,1,,,
RICXOU,1,,,
RICZEJ,1,,,
RICZOT,1,,,
RIFAMP,1,,,
RIFTUX,1,,,
RIGFAP,1,,,
RIGJAT,1,,,
RIGJAT01,1,,,
RIGJEX,1,,,
RIGJIB,1,,,
RIGJOH,1,,,
RIGJUN,1,,,
RIGKUO,1,,,
RIGLAV,1,,,
RIHVUZ,1,,,
RIHWIO,1,,,
RIHWOU,1,,,
RIHWUA,1,,,
RIHXAH,1,,,
RIJCUI,1,,,
RIJGEA,1,,,
RIKHEB,1,,,
RIKTAK,1,,,
RIKTIS,1,,,
RIKTOY,1,,,
RIKTUE,1,,,
RIKVAM,1,,,
RILDUP,1,,,
RILFEX,1,,,
RILGOI,1,,,
RILHON,1,,,
RIMNUY,1,,,
RIMPAG,1,,,
RIMPAG01,1,,,
RINBAR,1,,,
RINQIS,1,,,
RIPCUP,1,,,
RIPDAW,1,,,
RIPKOR,1,,,
RIPWET,1,,,
RIQBIE,1,,,
RIQBOK,1,,,
RIQJIK,1,,,
RIQLAE,1,,,
RIQVOC,1,,,
RIQVUI,1,,,
RIQWAP,1,,,
RIQWET,1,,,
RIRGAB,1,,,
RIRHEH,1,,,
RIRKEI,1,,,
RIRKIM,1,,,
RIRMUB,1,,,
RIRPAL,1,,,
RIRRAL,2,,,
RIRROZ,1,,,
RIRYIA,1,,,
RIRYOG,1,,,
RITBOM,1,,,
RITHUB,1,,,
RITJIP,1,,,
RIVBEH,1,,,
RIVBOR,1,,,
RIVBUX,1,,,
RIVCAE,1,,,
RIVCOS,1,,,
RIVLIS,1,,,
RIVLOY,1,,,
RIVLUE,1,,,
RIVRIZ,1,,,
RIVYED,1,,,
RIVYIH,1,,,
RIWCUW,1,,,
RIWDAD,1,,,
RIWFUB,1,,,
RIWLIS,1,,,
RIWNIU,1,,,
RIWNOA,1,,,
RIWSOI,1,,,
RIWVUS,1,,,
RIWWAZ,1,,,
RIWWEC,1,,,
RIWWUT,1,,,
RIXJUF,1,,,
RIXKAM,1,,,
RIXNUH,1,,,
RIXYAB,1,,,
RIXYAC,1,,,
RIYFEO,1,,,
RIYJUE,1,,,
RIYLOB,1,,,
RIYSOH,1,,,
RIYSOH01,1,,,
RIYSUN,1,,,
RIYSUN01,1,,,
RIYXEF,1,,,
RIZGAL,1,,,
RIZNOG,1,,,
RIZPUO,1,,,
RIZQAU,1,,,
RIZQAV,1,,,
RIZRIE,1,,,
RIZZEI,2,,,
ROCBOB,1,,,
ROCBUH,1,,,
ROCDIW,1,,,
RODCUJ,1,,,
RODKAZ,1,,,
RODVIS,1,,,
RODYES,1,,,
ROFNOT,1,,,
ROFNUZ,1,,,
ROFPAH,1,,,
ROFTIR,1,,,
ROFTOX,1,,,
ROFTUD,1,,,
ROFVAL,1,,,
ROFVEP,1,,,
ROFVIT,1,,,
ROFVOZ,1,,,
ROFVUE,1,,,
ROGNAG,1,,,
ROGROX,1,,,
ROGWOA,1,,,
ROGYIX,1,,,
ROHCAW,1,,,
ROHCEA,1,,,
ROHCIE,1,,,
ROHDEB,1,,,
ROHFUP,1,,,
ROHGIE,1,,,
ROHHAX,1,,,
ROHPOW,1,,,
ROJMAG,1,,,
ROJMIO,1,,,
ROJPEN,1,,,
ROKKUY,1,,,
ROKNIP,1,,,
ROKRAK,1,,,
ROLGOO,1,,,
ROLWIB,1,,,
ROLWOH,1,,,
ROLWUN,1,,,
ROLXAU,1,,,
ROLXEY,1,,,
ROLYEW,1,,,
ROMKAH,1,,,
ROMKEL,1,,,
RONCIH,1,,,
RONFEF,1,,,
RONZIF,1,,,
RONZOL,1,,,
ROPGOV,1,,,
ROPGUB,1,,,
ROPLIU,1,,,
ROPQIY,1,,,
ROPQOE,1,,,
RORFAH,1,,,
RORFEL,1,,,
RORWAY,1,,,
RORYUU,1,,,
ROSQIC,1,,,
ROSQOI,1,,,
ROSVIG,1,,,
ROSVOM,1,,,
ROVPAW,1,,,
ROXLEX,1,,,
ROXTUV,1,,,
ROXVAD,1,,,
ROXVEH,1,,,
ROXZAI,1,,,
ROXZIQ,1,,,
ROYGAP,1,,,
ROYJEX,1,,,
ROYXUB,1,,,
ROYYAI,1,,,
ROYYOW,1,,,
ROYYUC,1,,,
ROZQAA,2,,,
ROZVEJ,1,,,
ROZVIN,1,,,
ROZVIO,1,,,
ROZVOU,1,,,
RTRSIN,1,,,
RUBHAA,1,,,
RUBKIM,1,,,
RUBKOS,1,,,
RUBPOV,1,,,
RUBYOF,1,,,
RUCKUZ,1,,,
RUCVER,1,,,
RUCVIV,1,,,
RUCVOB,1,,,
RUCYIZ,1,,,
RUCYOF,1,,,
RUDBID,1,,,
RUDBOJ,1,,,
RUDHEH,1,,,
RUDHIL,1,,,
RUDHOR,1,,,
RUDHUX,1,,,
RUDJAF,1,,,
RUDJEJ,1,,,
RUDJIN,1,,,
RUDJOT,1,,,
RUDJUZ,1,,,
RUDKEK,1,,,
RUDKIO,1,,,
RUDKOU,1,,,
RUDKUA,1,,,
RUDLAH,1,,,
RUDLEL,1,,,
RUDLUB,1,,,
RUDMAI,1,,,
RUDMEM,1,,,
RUDMUB,1,,,
RUDNAG,1,,,
RUDVAN,1,,,
RUDWEU,1,,,
RUFBUR,1,,,
RUFCAY,1,,,
RUFCEC,1,,,
RUFFEF,1,,,
RUFPIR,1,,,
RUFRET,2,,,
RUFZEB,1,,,
RUFZIF,1,,,
RUFZOL,1,,,
RUFZUR,1,,,
RUGBAA,1,,,
RUGBEE,1,,,
RUGBII,1,,,
RUGBOO,1,,,
RUGBUU,1,,,
RUGCAB,1,,,
RUGCEC,1,,,
RUGCEF,1,,,
RUGCIG,1,,,
RUGCIJ,1,,,
RUGCOM,1,,,
RUGCOP,1,,,
RUGCUS,1,,,
RUGCUV,1,,,
RUGDAC,1,,,
RUGDEG,1,,,
RUGDIG,1,,,
RUGDOQ,1,,,
RUGDUW,1,,,
RUGFAA,1,,,
RUGFEE,1,,,
RUGGOT,2,,,
RUGHOT,1,,,
RUGNAM,1,,,
RUHJOT,1,,,
RUHKOY,1,,,
RUHLEM,1,,,
RUHQAM,1,,,
RUHQEQ,1,,,
RUHQIU,1,,,
RUHTOD,1,,,
RUHVAR,1,,,
RUHVEV,1,,,
RUHYUP,2,,,
RUHZAW,1,,,
RUHZEA,1,,,
RUHZIE,1,,,
RUJGAE,1,,,
RUJKIS,1,,,
RUJMIS,1,,,
RUJPAN,1,,,
RUJTEV,1,,,
RUJWAU01,1,,,
RUJXIE,1,,,
RUKFIM,1,,,
RUKKEN,1,,,
RUKKEN01,1,,,
RUKKIR,1,,,
RUKKUD,1,,,
RUMKIT01,1,,,
RUNFIQ,1,,,
RUPFUF,1,,,
RUPSAA,2,,,
RUPVIL,1,,,
RUQJEV,1,,,
RUQQAZ,2,,,
RUQSAY,1,,,
RURBIP,1,,,
RURBOV,1,,,
RURTEG,1,,,
RURYAH,1,,,
RUSKUO,1,,,
RUSLAV,1,,,
RUSLEZ,1,,,
RUSLID,1,,,
RUSLUO,1,,,
RUSMAW,1,,,
RUSMEA,1,,,
RUSMIE,1,,,
RUSMOK,1,,,
RUSZIQ,1,,,
RUSZOW,1,,,
RUTFUH,1,,,
RUTLEY,1,,,
RUTXUZ,1,,,
RUTYAG,1,,,
RUVFAP,1,,,
RUVNIG,1,,,
RUVNUS,1,,,
RUVWIS,1,,,
RUVXEM,1,,,
RUWMIG,1,,,
RUWNAZ,1,,,
RUWQEJ,1,,,
RUWRAD01,1,,,
RUWREH,1,,,
RUWREH01,1,,,
RUWVOV,1,,,
RUWVUB,1,,,
RUWWAI,1,,,
RUWWIQ,1,,,
RUXJUP,1,,,
RUXMAA,1,,,
RUXPIJ,1,,,
RUXTAI,1,,,
RUXTOV,1,,,
RUYDOF,1,,,
RUYJOM,1,,,
RUYLOO,1,,,
RUYMAB,1,,,
RUYMUX,1,,,
RUYNAE,1,,,
RUYXIS,1,,,
RUYXOY,1,,,
RUYZES,1,,,
RUZCIB,1,,,
RUZPEI,1,,,
SABSIA,1,,,
SABSOG,1,,,
SABSUM,1,,,
SABXUP,1,,,
SACFEL,1,,,
SACTUL,1,,,
SADCUV,1,,,
SAFVEA,1,,,
SAFVON,1,,,
SAGFUD,1,,,
SAGSIH,1,,,
SAGVOQ,1,,,
SAGVUW,1,,,
SAGWAD,1,,,
SAGWEH,1,,,
SAGWIL,1,,,
SAGWOR,1,,,
SAGYEE,1,,,
SAGZAG,1,,,
SAHCOT,1,,,
SAHGER,1,,,
SAHPUO,1,,,
SAHRUO,1,,,
SAHRUO01,1,,,
SAJCEP,1,,,
SAJCIT,1,,,
SAJCOZ,1,,,
SAJCUF,1,,,
SAJDAM,1,,,
SAJDEQ,1,,,
SAJDIU,1,,,
SAJRON,1,,,
SAJXIM,1,,,
SAJXOS,1,,,
SAJXOV,2,,,
SAJXUB,2,,,
SAJXUY,1,,,
SAJYAF,1,,,
SAJYIN,1,,,
SAKMAU,1,,,
SAKMEY,1,,,
SAKREG,1,,,
SAKVAC,1,,,
SAKVEG,1,,,
SAKVIK,1,,,
SAKWEI,1,,,
SALNEA,1,,,
SALNEA01,1,,,
SALNEA02,1,,,
SALNUQ,1,,,
SALSAZ,1,,,
SALTIR01,1,,,
SALZAG,1,,,
SALZEK,1,,,
SALZIO,1,,,
SALZOU,1,,,
SALZUA,1,,,
SAMBAJ,1,,,
SAMBEN,1,,,
SAMBIR,1,,,
SAMBOX,1,,,
SAMBUD,1,,,
SAMCAK,1,,,
SAMDUH,1,,,
SAMFAP,1,,,
SAMFET,1,,,
SAMFIX,1,,,
SAMJUN,1,,,
SAMKAU,1,,,
SAMROQ,1,,,
SAMRUW,1,,,
SAMYIP,1,,,
SAMYOV,1,,,
SANBUH,1,,,
SANCAN,1,,,
SANFAR,1,,,
SANGUJ,1,,,
SANLEC,1,,,
SANLIG,1,,,
SANSUY,1,,,
SAPDOG,1,,,
SAQNIH,1,,,
SAQPAB,1,,,
SAQQOS,1,,,
SAQRAF,1,,,
SAQREJ,1,,,
SAQRIN,1,,,
SAQROT,1,,,
SAQRUZ,1,,,
SAQSUY,1,,,
SAQTOW,1,,,
SAQZUF,1,,,
SAQZUF02,1,,,
SARCOP01,1,,,
SARFAT,1,,,
SARNUW,2,,,
SARSIR,1,,,
SARSOX,1,,,
SARSUD,1,,,
SARTOY,1,,,
SASGUO,1,,,
SASGUO01,1,,,
SASJON,1,,,
SASKUS,1,,,
SASLAZ,1,,,
SATQOU,1,,,
SAVBOJ,1,,,
SAVBUP,1,,,
SAVCIE,1,,,
SAVCUO,1,,,
SAVHAC,1,,,
SAVHEG,1,,,
SAVHOP,1,,,
SAVHUV,1,,,
SAVRAK,1,,,
SAVWOC,1,,,
SAVWUI,1,,,
SAVYAT,1,,,
SAWCEA,1,,,
SAWCIE,1,,,
SAWHAZ,1,,,
SAWXUL,1,,,
SAXJEG,1,,,
SAXJEG01,1,,,
SAXKEI,1,,,
SAXLEL,1,,,
SAXLIP,1,,,
SAZBOM,1,,,
SAZBUS,1,,,
SAZCOP,1,,,
SAZCUV,1,,,
SAZDUU,1,,,
SAZFAC,1,,,
SAZHIM,1,,,
SAZJEM,2,,,
SAZNOY,1,,,
SAZNUE,1,,,
SAZPAM,1,,,
SAZPEQ,1,,,
SAZRAM,1,,,
SAZRES,1,,,
SAZRIW,1,,,
SAZROC,1,,,
SAZRUI,1,,,
SAZSAP,1,,,
SBAGMA10,1,,,
SCTRNV,1,,,
SEBNUK,1,,,
SEBQAR,1,,,
SEBQIZ,1,,,
SEBQOF,1,,,
SEBROI,1,,,
SEBZEE,1,,,
SECCEK,1,,,
SECSAU,1,,,
SECSEY,1,,,
SECTUP,1,,,
SEDFOY,2,,,
SEDVED,1,,,
SEDVIH,1,,,
SEDVOQ,1,,,
SEFBAH,1,,,
SEFBEL,1,,,
SEFBIP,1,,,
SEFFUG,1,,,
SEFNEA,2,,,
SEFREA,1,,,
SEFRUS,1,,,
SEFSAZ,1,,,
SEFSOO,1,,,
SEFTAZ,1,,,
SEFTED,1,,,
SEFTIG,1,,,
SEFTIH,1,,,
SEGJEU,1,,,
SEGKUO,1,,,
SEGLAV,1,,,
SEGLUP,1,,,
SEGMEA,1,,,
SEGNIF,1,,,
SEGWIL,1,,,
SEHCAN,1,,,
SEHCER,1,,,
SEHCIV,1,,,
SEHCOB,1,,,
SEHCUH,1,,,
SEHDAO,1,,,
SEHDES,1,,,
SEHDIW,1,,,
SEHDOC,1,,,
SEHDUI,1,,,
SEHFEU,1,,,
SEHGEU,1,,,
SEHGIY,1,,,
SEHPAY,1,,,
SEHRAY,1,,,
SEJFAS,1,,,
SEJNAA,1,,,
SEJPEC,1,,,
SEJWOT,1,,,
SEJWUZ,1,,,
SEJWUZ01,1,,,
SEJXUB,1,,,
SEKJEA,1,,,
SEKJIE,1,,,
SEKJOK,1,,,
SEKMUT,1,,,
SEKYEM,1,,,
SELGAT,1,,,
SELJAW,1,,,
SELJEA,1,,,
SELJOI,1,,,
SELJOI01,1,,,
SELNIG,1,,,
SELNII,1,,,
SELQEG,1,,,
SELQIK,1,,,
SELQOQ,1,,,
SELQUW,1,,,
SELRAE,1,,,
SELWOW,1,,,
SELXOW,1,,,
SELYAK,1,,,
SELYEO,1,,,
SEMCAR,1,,,
SEMCEV,1,,,
SEMCIZ,1,,,
SEMCOF,1,,,
SEMDEW,1,,,
SEMJOJ,1,,,
SEMNIH01,1,,,
SENHOJ,1,,,
SENKIR10,1,,,
SENLAA,1,,,
SENQEI,1,,,
SENWEO,1,,,
SENZOE,1,,,
SEPFIE,1,,,
SEPFOK,1,,,
SEPGID,1,,,
SEPHAX,2,,,
SEPTAK,1,,,
SEPTIS01,1,,,
SEPVIT,1,,,
SEQGOK,1,,,
SEQMUZ,1,,,
SEQNAG,1,,,
SEQYIW,1,,,
SEQZAS,1,,,
SERBUN,1,,,
SERCOK,1,,,
SERCUQ,1,,,
SERDAX,1,,,
SERDEB,1,,,
SERDIF,1,,,
SERDOL,1,,,
SERDUR,1,,,
SERFAZ,1,,,
SERFED,1,,,
SERFIH,1,,,
SERFON,1,,,
SERLIM,1,,,
SERMEK,1,,,
SERSOY,1,,,
SESKAE,1,,,
SESZAT,1,,,
SESZAT01,1,,,
SESZEX,1,,,
SESZIB,1,,,
SETDUQ,1,,,
SETFAY,1,,,
SETHAE,1,,,
SETHIM,1,,,
SEVHIO,1,,,
SEWKUC01,1,,,
SEYLOZ,1,,,
SEYLUF,1,,,
SEZCEG,1,,,
SEZCIJ,1,,,
SEZJIQ,1,,,
SIBWOT,1,,,
SIBZEL,1,,,
SICCIR,1,,,
SICRUT,1,,,
SICTOO,1,,,
SICXOS,1,,,
SIDBOX,1,,,
SIDBUD,1,,,
SIDCAK,1,,,
SIDCIS,1,,,
SIFCIU,1,,,
SIFCOA,1,,,
SIFCUG,1,,,
SIFPOP,1,,,
SIFSIL,1,,,
SIFSUX,1,,,
SIGHAV,1,,,
SIGHEV,1,,,
SIGHEZ,1,,,
SIGHID,1,,,
SIGHOJ,1,,,
SIGHUP,1,,,
SIGNAY,1,,,
SIHNIK,1,,,
SIHPAD,1,,,
SIHPEH,1,,,
SIHPII,1,,,
SIHPIL,1,,,
SIHPIM,1,,,
SIHREJ,1,,,
SIHSAE,1,,,
SIHXOA,1,,,
SIHXUG,1,,,
SIHZAM,1,,,
SIHZUE,1,,,
SIJFID,1,,,
SIJFOJ,1,,,
SIJNEG,1,,,
SIJXIS,1,,,
SIJYOB,1,,,
SIJYUH,1,,,
SIKFOK,1,,,
SIKFUQ,1,,,
SIKHED,1,,,
SILCEZ,1,,,
SILJUV,1,,,
SILQIQ,1,,,
SIMTOB,1,,,
SINCEY,1,,,
SINIDE10,1,,,
SINJIJ,1,,,
SINKUZ,1,,,
SINTEO,1,,,
SINULA10,1,,,
SIPGAZ,1,,,
SIPLOS,1,,,
SIPQAK,1,,,
SIPROY,1,,,
SIPSAL,1,,,
SIPSEP,1,,,
SIQVIX,1,,,
SIRBOK,1,,,
SIRGAC01,1,,,
SIRGOS,1,,,
SIRLUA,1,,,
SIRNEN,1,,,
SIRNIR,1,,,
SIRQEP,1,,,
SISLAL,1,,,
SISQOE,1,,,
SISQUK,1,,,
SISRUJ,1,,,
SISSAQ,1,,,
SISSUM,1,,,
SISXOH,1,,,
SISYEC,1,,,
SITCOR,1,,,
SITFOU,1,,,
SITSIB,2,,,
SITSOH,2,,,
SITSUN,2,,,
SITTAU,2,,,
SITTEY,2,,,
SITTOH,1,,,
SITYOL,1,,,
SITYUR,1,,,
SITZEC,1,,,
SIVBII,1,,,
SIVBOO,1,,,
SIVBUU,1,,,
SIVKOZ,1,,,
SIVTEX,1,,,
SIVVOI,1,,,
SIWQUN,1,,,
SIWRAU,1,,,
SIXCED,1,,,
SIXRAS01,1,,,
SIXRUO,1,,,
SIXZUX,1,,,
SIXZUX01,1,,,
SIYJAO,1,,,
SIYKOE,1,,,
SIZFOZ,1,,,
SIZGAM,1,,,
SIZHAM,1,,,
SIZHOB,1,,,
SIZNEU,1,,,
SIZSIE,1,,,
SIZSOK,1,,,
SIZSOL,1,,,
SIZTEB,1,,,
SIZTUU,1,,,
SOBBAQ,1,,,
SOBBIV,1,,,
SOBLUS,1,,,
SOBNAB,1,,,
SOBXEQ,1,,,
SOCJIF,1,,,
SOCJOL,1,,,
SOCXOB,1,,,
SOCYUE,1,,,
SODBET,1,,,
SODBUJ,1,,,
SODCEU,1,,,
SODHOJ,1,,,
SODJAX,1,,,
SODJIG,1,,,
SODMON,1,,,
SODMON01,1,,,
SODNEF,1,,,
SOFMOQ,1,,,
SOGCAV,1,,,
SOGCOJ,1,,,
SOGQOU,1,,,
SOGTAJ,1,,,
SOGTEN,1,,,
SOHBIB,1,,,
SOJNEO,1,,,
SOJNIS,1,,,
SOJNOY,1,,,
SOJNUE,1,,,
SOJRUE,1,,,
SOKCUU,1,,,
SOKMOX,1,,,
SOKMUD,1,,,
SOKNAK,1,,,
SOKQAN,1,,,
SOKTUK,1,,,
SOKVEW,1,,,
SOLGIN,1,,,
SOLJAH,1,,,
SOLKAI,1,,,
SOLKEM,1,,,
SOMPIT,1,,,
SONCII,1,,,
SONDOP,1,,,
SOPQEW01,1,,,
SOPQIA,1,,,
SOPQOG,1,,,
SOPQUM,1,,,
SOPTUQ,1,,,
SOPXEA,1,,,
SOPXEA01,1,,,
SOPXUQ,1,,,
SOQBAB,1,,,
SOQBIJ,1,,,
SOQGIP,1,,,
SOQGOV,1,,,
SOQMIX,1,,,
SOQMOD,1,,,
SOQNAP,1,,,
SOQNER,1,,,
SOQNEU,1,,,
SOQNIV,1,,,
SOQWOK,1,,,
SORCIP,1,,,
SORPAT,1,,,
SORREY,1,,,
SORRIC,1,,,
SORROI,1,,,
SORRUO,1,,,
SORVIE,1,,,
SOTHAL,1,,,
SOTZOS,1,,,
SOVBUD,1,,,
SOVJUI,1,,,
SOWGAM,1,,,
SOWGOA,1,,,
SOWMEW,1,,,
SOXDES,1,,,
SOXKIB,1,,,
SOXKOH,1,,,
SOXQUU,1,,,
SOXRAB,1,,,
SOYCOA,1,,,
SOZBUE,1,,,
SOZLEB,1,,,
SOZLIF,1,,,
SOZVAG,1,,,
SUBPAK,1,,,
SUBPEO,1,,,
SUBWIY,1,,,
SUBYAS,1,,,
SUBYEW,1,,,
SUCMIM01,1,,,
SUCPUD,1,,,
SUCQEQ,1,,,
SUCQIU,1,,,
SUCQOA,1,,,
SUCQUG,1,,,
SUCRAN,1,,,
SUCXOG,1,,,
SUCXUL,1,,,
SUCXUM,1,,,
SUDMOT,1,,,
SUDSAO,1,,,
SUDTOA,1,,,
SUDVUM,1,,,
SUDZAU,1,,,
SUDZEY,1,,,
SUFCAB,1,,,
SUFHAE,1,,,
SUFLIO,1,,,
SUFLOW,1,,,
SUFVIA,1,,,
SUFXUP,1,,,
SUFZIC01,1,,,
SUFZOI01,1,,,
SUGDUW01,1,,,
SUGKOW,1,,,
SUGVAR,1,,,
SUGVIZ,1,,,
SUGVUL,1,,,
SUHDOO,1,,,
SUHRIZ,1,,,
SUHROF,1,,,
SUHRUL,1,,,
SUHSAS,1,,,
SUHTAS,1,,,
SUJFEJ,1,,,
SUKDAH,1,,,
SUKDIP,1,,,
SUKDOV,1,,,
SUKDUB,1,,,
SUKSUM,1,,,
SUKTUN,1,,,
SUKTUN10,1,,,
SUKVAV10,1,,,
SUKWOM,1,,,
SULNIX,1,,,
SULPIZ,1,,,
SULZIJ,1,,,
SULZUW,1,,,
SUMDOV,1,,,
SUMDOX,1,,,
SUMDUB,1,,,
SUMFAJ,1,,,
SUMFUF,1,,,
SUMLER,1,,,
SUMLER01,1,,,
SUMLOD,1,,,
SUMLUJ,1,,,
SUMVEE,1,,,
SUMVUR,1,,,
SUNKIX,1,,,
SUNKOD,1,,,
SUNXEF,1,,,
SUPDUD,1,,,
SUPFEP,1,,,
SUPFES,1,,,
SUPFIW,1,,,
SUPFOC,1,,,
SUPFUI,1,,,
SUPGAP,1,,,
SUPHUG,1,,,
SUPJEW,1,,,
SUPJIA,1,,,
SUPLEU,1,,,
SUPLIY,1,,,
SUPSON,1,,,
SUPSUT,1,,,
SUPTAA,1,,,
SUPTEE,1,,,
SUPTII,1,,,
SUQHOB,1,,,
SUQHUH,1,,,
SUQJAP,1,,,
SUQJET,1,,,
SUQRIG,1,,,
SUQROM,1,,,
SURFIW,1,,,
SURGAP,1,,,
SURGET,1,,,
SURMIB,1,,,
SURMOH,1,,,
SURMUN,1,,,
SURVEH,1,,,
SURWUY,1,,,
SURXAE,1,,,
SURXEI,1,,,
SURXOS,1,,,
SUSGAP,1,,,
SUSGOE,1,,,
SUSGUK,1,,,
SUTFAR,1,,,
SUTFEV,1,,,
SUTGEU,1,,,
SUTGIY,1,,,
SUTWOX,1,,,
SUTWUD,1,,,
SUVBES,1,,,
SUVSAE,1,,,
SUWCIA,1,,,
SUWFAR,1,,,
SUWVAL,1,,,
SUWWEN,1,,,
SUWWIR,1,,,
SUWWOX,1,,,
SUXJEA,1,,,
SUXJIG,1,,,
SUXLIH,1,,,
SUXMEH,1,,,
SUXMIL,1,,,
SUXMOR,1,,,
SUYPOV,1,,,
SUYTOV,1,,,
SUYTUB,1,,,
SUYXIT,1,,,
SUYXUF,1,,,
SUZHAA,1,,,
SUZJAC,1,,,
SUZMUX,1,,,
SUZNIM,1,,,
TABNAM,1,,,
TACGOY,1,,,
TACJAK,1,,,
TACTIC,1,,,
TACTID,1,,,
TACTIF,1,,,
TACTOL,1,,,
TACTUR,1,,,
TACVAZ,1,,,
TACVEA,1,,,
TACVED,1,,,
TACVIE,1,,,
TACVIH,1,,,
TACVON,1,,,
TACVUT,1,,,
TACWAA,1,,,
TACWII,1,,,
TACXOM,1,,,
TADJUI,1,,,
TADLER,1,,,
TADMAP,1,,,
TADMET,1,,,
TADMUJ,1,,,
TADQIY,1,,,
TADYUV,1,,,
TADZUW,1,,,
TAFMUM,1,,,
TAFNAT,1,,,
TAFQAS,1,,,
TAFQEW,1,,,
TAFZAC,1,,,
TAFZAD,1,,,
TAGXIM,1,,,
TAGXOS,1,,,
TAHXIK,1,,,
TAHXOQ,1,,,
TAHYAF,2,,,
TAJDIS,2,,,
TAJJEV,1,,,
TAKDOC,1,,,
TAKDUI,1,,,
TAKFAQ,1,,,
TALBIV,2,,,
TALBOB,2,,,
TALDEP,1,,,
TALDUG,1,,,
TALFOC,1,,,
TALVAI,1,,,
TALVIN,1,,,
TALWIO,1,,,
TALWOU,1,,,
TALWUA,1,,,
TALYEM,1,,,
TALZUC,1,,,
TAMFEU,1,,,
TAMFIY,1,,,
TAMSEH,1,,,
TANBET,1,,,
TANHUM,1,,,
TANJAU,1,,,
TANNIG,1,,,
TANYAL,1,,,
TANZIR,1,,,
TAPKED,1,,,
TAPKOM,1,,,
TAPKUT,1,,,
TAPPIL,1,,,
TAQKOO,1,,,
TARGAY,1,,,
TARKEG,1,,,
TASFUO,1,,,
TASGEA,1,,,
TASJOQ,1,,,
TASWES,1,,,
TASWIW,1,,,
TASWUI,1,,,
TATGOM,1,,,
TATNEH,1,,,
TATPOT01,1,,,
TATQAG01,1,,,
TATQEK01,1,,,
TATQEN,1,,,
TATZAQ,1,,,
TAVBAT,1,,,
TAVBEX,1,,,
TAVDUR,1,,,
TAVWAQ,1,,,
TAVWUK,1,,,
TAVZUM,1,,,
TAWBAV,1,,,
TAWJAD,1,,,
TAWJEH,1,,,
TAWQAN,1,,,
TAXQIS,1,,,
TAYMAL,1,,,
TAYPAM,1,,,
TAYWIB,1,,,
TAZCAC10,1,,,
TAZCED,1,,,
TAZHDC,1,,,
TAZHMP,1,,,
TAZHUZ,1,,,
TAZJIP,1,,,
TAZLUB,1,,,
TAZLUC,2,,,
TAZMAJ,2,,,
TAZMEN,1,,,
TAZNIS,1,,,
TAZNOY,1,,,
TAZYAY,1,,,
TBPDDO,1,,,
TBTEZD,1,,,
TDHANN,1,,,
TEBCAG,1,,,
TEBCOS,1,,,
TEBKEQ,1,,,
TECDUB,1,,,
TECDUB01,1,,,
TECVEG,1,,,
TECVIK,1,,,
TECXUU,1,,,
TECXUU10,1,,,
TECYAD,1,,,
TECYEH,1,,,
TEDPOJ,1,,,
TEDREZ,1,,,
TEDREZ10,1,,,
TEDRID,1,,,
TEDRID10,1,,,
TEDROJ,1,,,
TEDROJ10,1,,,
TEDTEB,1,,,
TEDWEE,1,,,
TEFKAS,1,,,
TEFVIL,1,,,
TEFYAI,1,,,
TEGDIT,1,,,
TEGDOB,1,,,
TEGFAO,1,,,
TEGTOS,1,,,
TEGXEI,1,,,
TEGXOS,1,,,
TEGZOY,1,,,
TEHHUJ,1,,,
TEJMIF,1,,,
TEJNUS,1,,,
TEJSAF,1,,,
TEJSEJ,1,,,
TEJSIN,1,,,
TEJXAL,1,,,
TEJYUD,1,,,
TEKLII,1,,,
TEKPAA,1,,,
TELMUS,1,,,
TELYES,1,,,
TELYIW,1,,,
TELYOC,1,,,
TELYUI,1,,,
TEMBAR,1,,,
TEMMON,2,,,
TENBOD,1,,,
TENTEP,1,,,
TEOSHE10,1,,,
TEOSHE11,1,,,
TEPMAG,1,,,
TEQJEG,1,,,
TERSIS,1,,,
TERSIV,1,,,
TERXUJ,1,,,
TESFAZ,1,,,
TESSAM,1,,,
TESYEW,1,,,
TESYIA,1,,,
TESYOG,1,,,
TESYUM,1,,,
TESZAT,1,,,
TESZIA,1,,,
TETLIO,1,,,
TETLOU,1,,,
TETMAG,1,,,
TETMEK,1,,,
TETMOU,1,,,
TETMUA,1,,,
TETNAH,1,,,
TETNIP,1,,,
TETNIP01,1,,,
TETNUB,1,,,
TETPAJ,1,,,
TETPEN,1,,,
TETPIR,1,,,
TETQOA,1,,,
TETQUG,1,,,
TETRAN10,1,,,
TEVDEE,1,,,
TEVMUF,1,,,
TEVPES,1,,,
TEVREU,1,,,
TEVVOF,1,,,
TEVVUL,1,,,
TEVZAW,1,,,
TEVZOJ,1,,,
TEWCOQ,1,,,
TEWWUQ,1,,,
TEXBOO,1,,,
TEXJEM,1,,,
TEXWEZ,1,,,
TEXWID,1,,,
TEYGEM,1,,,
TEYGOT,1,,,
TEYHEK,1,,,
TEYHEK10,1,,,
TEYLEO,1,,,
TEYLEO01,1,,,
TEYMIT,1,,,
TEYMIT01,1,,,
TEZDEI,1,,,
TEZXAX,1,,,
TEZXOP,1,,,
THAZPN,1,,,
TIBQOM,1,,,
TIBQUS,1,,,
TIBRAZ,1,,,
TICGUH,1,,,
TICHAO,1,,,
TICKIZ,1,,,
TICLOG,1,,,
TIDNUR,1,,,
TIDNUS,1,,,
TIDPAA,1,,,
TIDPAX,1,,,
TIFFAP,1,,,
TIFHUL,1,,,
TIFQOO02,1,,,
TIFQOO03,1,,,
TIGPEI,1,,,
TIGPIL,1,,,
TIGPOR,1,,,
TIGSUY,1,,,
TIHFID,1,,,
TIHHUP,1,,,
TIHJAX,1,,,
TIHMEC,1,,,
TIHMUS,1,,,
TIHSIQ,1,,,
TIHSOT,1,,,
TIHSOW,1,,,
TIHSUC,1,,,
TIHTAJ,1,,,
TIHTEN,1,,,
TIHTUD,1,,,
TIJBEU,1,,,
TIJBEU01,1,,,
TIJFOJ,1,,,
TIJGAW,1,,,
TIJNEG,1,,,
TIJNIL,1,,,
TIJWUG,1,,,
TIKDAU,1,,,
TIKDEY,1,,,
TIKDUO,1,,,
TIKKIK,1,,,
TIKKOQ,1,,,
TIKMUZ,1,,,
TIKNAG,1,,,
TIKNEK,1,,,
TIKNIO,1,,,
TIKNOU,1,,,
TIKNUA,1,,,
TIKPAI,1,,,
TIKPEM,1,,,
TIKQIR,1,,,
TIKVUI,1,,,
TIKWAP,1,,,
TILCEA,1,,,
TILCIE,1,,,
TILCUQ,1,,,
TILLEI,1,,,
TILTER,1,,,
TILXUK,1,,,
TIMHIG,1,,,
TINCUO,1,,,
TINJAB01,1,,,
TINRUF,1,,,
TINSAM,1,,,
TINWUK,1,,,
TINXAP,1,,,
TIPBIF,1,,,
TIPFOR,1,,,
TIPQUI,1,,,
TIQDII,1,,,
TIQDOO,1,,,
TIQKOU,1,,,
TIQTUK,1,,,
TIQVAT,1,,,
TIRGOS,1,,,
TIRKIQ,1,,,
TIRKIQ01,1,,,
TIRLAJ,1,,,
TIRRAN,1,,,
TISNAN,1,,,
TISNER,1,,,
TISNIV,1,,,
TISSIY,1,,,
TISSOE,1,,,
TISXUP,1,,,
TITFEL,1,,,
TITFUB,1,,,
TITGAI,1,,,
TITGEM,1,,,
TITKEP,1,,,
TITKOA,1,,,
TIVBOR,1,,,
TIVREV,1,,,
TIVREV01,1,,,
TIVRIA,1,,,
TIVTAV,1,,,
TIVTEZ,1,,,
TIVTID,1,,,
TIVTOJ,1,,,
TIVWAY,1,,,
TIVWEC,1,,,
TIVXIF,1,,,
TIWDUA,1,,,
TIWHEM,1,,,
TIWNUJ,1,,,
TIXDEJ,1,,,
TIXPUL,1,,,
TIXYEF,1,,,
TIXZAC,1,,,
TIYMIY,1,,,
TIYMOE,1,,,
TIYZIO,2,,,
TIZJEU,1,,,
TIZSOO,1,,,
TIZYAG,1,,,
TOAZOC03,1,,,
TOAZOC04,1,,,
TOBGID,1,,,
TOBGOJ,1,,,
TOBGUP,1,,,
TOCFAS,1,,,
TOCNAC,1,,,
TOCQUB,1,,,
TOCXAK,2,,,
TOCXEO,2,,,
TOCYHX,1,,,
TODHAV,1,,,
TODNOR,1,,,
TODQUY,1,,,
TODRAF,1,,,
TODSAG,1,,,
TOGBAS,1,,,
TOGFIE01,1,,,
TOHBEX,1,,,
TOHBEX01,1,,,
TOHNOW,1,,,
TOHROX,1,,,
TOJDUS,1,,,
TOJFAA,1,,,
TOJFEE,1,,,
TOJFII,1,,,
TOJFOO,1,,,
TOKDAY,1,,,
TOKDEG,1,,,
TOKNUG,1,,,
TOKPOY,1,,,
TOKSUL,2,,,
TOKTEW,2,,,
TOKTUM,1,,,
TOKXUN,1,,,
TOKYUP,1,,,
TOKZUQ,1,,,
TOLBIG,1,,,
TOLDOR,1,,,
TOLFUV01,1,,,
TOLIPO10,1,,,
TOLYEA,1,,,
TOLYOK,1,,,
TOMJUD,1,,,
TOMROF,1,,,
TOMSAS,1,,,
TOMTIZ,1,,,
TONFIN,1,,,
TONFOT,1,,,
TONFUZ,1,,,
TONGAG,1,,,
TONJUE,1,,,
TONQEV,1,,,
TONWEB,1,,,
TONYIH,1,,,
TOPCEH,1,,,
TOPGEN,1,,,
TOPNEU,1,,,
TOPPIX,1,,,
TOPPIX01,1,,,
TOPPOD,1,,,
TOPPOD01,1,,,
TOQBOU,1,,,
TOQBUA,1,,,
TOQCOV,1,,,
TOQCUB,1,,,
TORFIT,1,,,
TOSCOV,1,,,
TOSCUB,1,,,
TOSDAI,1,,,
TOSDIQ,1,,,
TOSDOW,1,,,
TOSHIS,1,,,
TOSMOF,1,,,
TOSREB,1,,,
TOSTAA,2,,,
TOSTEE,2,,,
TOSTII,2,,,
TOSTOO,2,,,
TOSTUU,2,,,
TOSWAC,1,,,
TOSWED,1,,,
TOTDOV,1,,,
TOTDUB,1,,,
TOTFAJ,1,,,
TOTMUK,1,,,
TOTYUY,1,,,
TOTZAF,1,,,
TOVMUP,1,,,
TOWBOW,1,,,
TOWKIZ,1,,,
TOXCDP,1,,,
TOXCTD,1,,,
TOXTDC,1,,,
TOYGAP,1,,,
TOYGET,1,,,
TOYSAF,1,,,
TOYSIN,1,,,
TOYTOU,1,,,
TOYTUA,1,,,
TOYVAI,1,,,
TOZBER,1,,,
TOZHEZ,1,,,
TOZNOL,1,,,
TOZQAA,1,,,
TOZRIN,1,,,
TOZWOY,1,,,
TPHPOR01,1,,,
TPHPOR04,1,,,
TPHPOR11,1,,,
TPHPOR12,1,,,
TPHPOR13,1,,,
TPHPOR14,1,,,
TPHPOR15,1,,,
TPHPOR16,1,,,
TPHPOR17,1,,,
TPHPOR18,1,,,
TPHPOR19,1,,,
TPRPOR10,1,,,
TPRPOR11,1,,,
TTHCTD,1,,,
TTHCTD01,1,,,
TTHCTD02,1,,,
TUBCOI,1,,,
TUBPEN,1,,,
TUBQIT,1,,,
TUBQOZ,1,,,
TUBQUG,1,,,
TUCFEG,1,,,
TUCFIK,1,,,
TUDCIH,1,,,
TUDKUZ,1,,,
TUDLEK,1,,,
TUDLIO,1,,,
TUDNEL,1,,,
TUDVOH,1,,,
TUFDON,1,,,
TUFKIS,1,,,
TUFKOY,1,,,
TUFMEQ,1,,,
TUFSIX,1,,,
TUFSOD,1,,,
TUGKIR,1,,,
TUGQET,1,,,
TUGQIX,1,,,
TUGSUM,1,,,
TUGVAU,1,,,
TUGXOI,1,,,
TUHDAB,2,,,
TUHDAB01,2,,,
TUHDEF,1,,,
TUHFUZ,1,,,
TUHGAG,1,,,
TUJWIF,1,,,
TUKMOD,1,,,
TUKMOD01,1,,,
TUKMUJ,1,,,
TUKTAX,1,,,
TUKWIJ,1,,,
TUMCUZ,1,,,
TUMDOX,1,,,
TUMDUD,1,,,
TUMFAL,1,,,
TUMFEP,1,,,
TUMFIT,1,,,
TUMFUF,1,,,
TUMGEQ,1,,,
TUMGIU,1,,,
TUMGOA,1,,,
TUMGUG,1,,,
TUMJAO,1,,,
TUMVUW,1,,,
TUNFAM,1,,,
TUNFOZ,1,,,
TUNTII,1,,,
TUPCOX,1,,,
TUPCUE,1,,,
TUPLOG,1,,,
TUPPOJ,1,,,
TUPYUB,1,,,
TUPZUD,1,,,
TUQBAM,1,,,
TUQBEQ,1,,,
TUQBIU,1,,,
TUQBOA,1,,,
TUQCAN,1,,,
TUQCER,1,,,
TUQJOE,1,,,
TUQMEA,1,,,
TUQNAV,1,,,
TUQXUB,1,,,
TUQYIO,1,,,
TURFUJ,1,,,
TURGAQ,1,,,
TURLAT,1,,,
TURRUT,1,,,
TURSAA,1,,,
TURYAI,1,,,
TUSREH,1,,,
TUSRIL,1,,,
TUSROR,1,,,
TUSRUX,1,,,
TUSSAE,1,,,
TUSSAE01,1,,,
TUSSIM,1,,,
TUSTAF,1,,,
TUSTEJ,1,,,
TUSTIN,1,,,
TUSTOT,1,,,
TUSTUZ,1,,,
TUSVAH,1,,,
TUSVEL,1,,,
TUTPIL,1,,,
TUTPOP,1,,,
TUTPOR,1,,,
TUTPUX,1,,,
TUTRUY,1,,,
TUTVAF,1,,,
TUTVEJ,1,,,
TUTVIN,1,,,
TUTVUZ,1,,,
TUTXEL,1,,,
TUVMUT,1,,,
TUVNAA,1,,,
TUVNEE,1,,,
TUVNII,1,,,
TUVSEK,1,,,
TUWHIC,1,,,
TUXDIZ,1,,,
TUXHID,1,,,
TUXREN,1,,,
TUXSOV,1,,,
TUXXAL01,1,,,
TUXXAL02,1,,,
TUYMAB,1,,,
TUYSUF,1,,,
TUYTAM,1,,,
TUYWOB,1,,,
TUYZAS,1,,,
TUYZIA,1,,,
TUYZOG,1,,,
TUZROY,1,,,
TUZRUE,1,,,
TUZSAL,1,,,
TUZSEP,1,,,
TUZSIT,1,,,
TUZSOZ,1,,,
TUZSUF,1,,,
TUZTAM,1,,,
TUZTEQ,1,,,
TUZTIU,1,,,
TUZTOA,1,,,
TUZTUG,1,,,
TUZXAN,1,,,
TUZYAQ,1,,,
TXCTDD,1,,,
TXHPCP10,1,,,
TXHPCP11,1,,,
TZCTDO10,1,,,
TZCTDO11,1,,,
UBEYUZ,1,,,
UBEZAG,1,,,
UBOKEB,1,,,
UBUBOI,1,,,
UBUGIH,1,,,
UBUGUT,1,,,
UBUHAA,1,,,
UCAJEN,1,,,
UCAKEO,1,,,
UCANEV,1,,,
UCASID,1,,,
UCASOJ,1,,,
UCASUP,1,,,
UCAZEF,1,,,
UCEMOE,1,,,
UCEXOR,1,,,
UCIJAT,1,,,
UCIJEX,1,,,
UCISUV,1,,,
UCISUX,1,,,
UCITAE,1,,,
UCITEI,1,,,
UCIYUC,1,,,
UCIZUF,1,,,
UCOBAT,1,,,
UCOBIB,1,,,
UCOBIY,1,,,
UCOBOH,1,,,
UCOFEY,1,,,
UCOMAE,1,,,
UCOMEI,1,,,
UCOMIM,1,,,
UCOMOS,1,,,
UCOMUY,1,,,
UCONAF,1,,,
UCONEJ,1,,,
UCONIN,1,,,
UCONOT,1,,,
UCONUZ,1,,,
UCOSOW,1,,,
UCOTAJ,1,,,
UCOWES,1,,,
UCUFAD,1,,,
UCUFEF,1,,,
UCUFOP,1,,,
UCUHOT,1,,,
UCUPOZ,1,,,
UCUZOK,1,,,
UDAKAN,1,,,
UDAKER,1,,,
UDAKIV,1,,,
UDAKOB,1,,,
UDAKOZ,1,,,
UDAKUH,1,,,
UDAKUI,1,,,
UDALAO,1,,,
UDAMUI,1,,,
UDAVOM,1,,,
UDEGET,1,,,
UDEKIX,1,,,
UDERUR,1,,,
UDEWOT,1,,,
UDUFUY,1,,,
UDUJEM,1,,,
UDUKOT,1,,,
UFAFOW,1,,,
UFAHIT,1,,,
UFAJAN,1,,,
UFAQEY,1,,,
UFAQIC,1,,,
UFAQOI,1,,,
UFAQUO,1,,,
UFAYIJ,1,,,
UFEKAU,1,,,
UFEKEY,1,,,
UFIMEF,1,,,
UFIMOP,1,,,
UFIPIM,1,,,
UFIPOS,1,,,
UFIVUB,1,,,
UFIWAH,1,,,
UFIWAI,1,,,
UFIWEM,1,,,
UFOFOL,1,,,
UFOGIG,1,,,
UFOGON,1,,,
UFOGON01,1,,,
UFUNUH,1,,,
UFUQIW,1,,,
UFUSEU,1,,,
UFUSIY,1,,,
UFUWIC,1,,,
UFUYAW,1,,,
UFUYED,1,,,
UFUYIH,1,,,
UFUYON,1,,,
UFUYUT,2,,,
UGANIC,1,,,
UGATAZ,1,,,
UGATED,1,,,
UGAVOR,1,,,
UGEFAO,1,,,
UGEFES,1,,,
UGEFIW,1,,,
UGEHAP,1,,,
UGEHET,1,,,
UGEHIX,1,,,
UGENUS,1,,,
UGEQUW,1,,,
UGERAD,1,,,
UGEREH,1,,,
UGERIL,1,,,
UGEVEH,1,,,
UGEVIL,1,,,
UGEVOR,1,,,
UGEVUX,1,,,
UGIBAR,1,,,
UGIBUI,1,,,
UGICAP,1,,,
UGIDUK,1,,,
UGIFAS,1,,,
UGIFUO,1,,,
UGIHUQ,1,,,
UGIJAY,1,,,
UGIJEC,1,,,
UGIKOM,1,,,
UGIKUS,1,,,
UGILUS,1,,,
UGIMED,1,,,
UGIRIM,1,,,
UGIROS,1,,,
UGOCUO,1,,,
UGODON,1,,,
UGODON01,1,,,
UGOVUK,1,,,
UGUJAL,1,,,
UGUKUE,1,,,
UGUMIU,1,,,
UGUMOA,1,,,
UGUMOY,1,,,
UHAGOZ,1,,,
UHAVIM,1,,,
UHEJUP,1,,,
UHEMED,1,,,
UHEQIH,1,,,
UHESUY,1,,,
UHETIL,1,,,
UHEWOT,1,,,
UHEXIQ,1,,,
UHEXOX,1,,,
UHEZOY,1,,,
UHIBAR,1,,,
UHIBEV,1,,,
UHIGOH,1,,,
UHOYOF,2,,,
UHUBEI,1,,,
UHUKUE,1,,,
UHULAL,1,,,
UHUSOF,1,,,
UHUSUL,1,,,
UHUTAW,1,,,
UHUTID,1,,,
UHUTUQ,1,,,
UHUVAY,1,,,
UHUVEZ,1,,,
UHUVIE,1,,,
UHUVOJ,1,,,
UJADOZ,1,,,
UJAKIB,1,,,
UJAKOH,1,,,
UJALIE,1,,,
UJALOG,1,,,
UJALUM,1,,,
UJAMAT,1,,,
UJATOS,1,,,
UJATUY,1,,,
UJEJUQ,1,,,
UJEREK,1,,,
UJERIO,1,,,
UJERUA,1,,,
UJESAH,1,,,
UJIBEU,1,,,
UJUJIW,1,,,
UJUJOC,1,,,
UJUJUI,1,,,
UJUMOB,1,,,
UJUVAX,1,,,
UJUVEB,1,,,
UJUVIF,1,,,
UKALEY,1,,,
UKARUX,1,,,
UKATEI,1,,,
UKATIM,1,,,
UKATUY,1,,,
UKAVEK,1,,,
UKAVIO,1,,,
UKAZUF,1,,,
UKERIL,1,,,
UKIWOA,2,,,
UKOWEW,1,,,
UKOXOH,1,,,
UKUHIS,1,,,
UKUQOK,1,,,
UKUSID,1,,,
UKUSOJ,1,,,
UKUSUP,1,,,
UKUTUP,1,,,
UKUVEB,1,,,
UKUVIF,1,,,
ULAGEU,1,,,
ULAGIY,1,,,
ULAGOE,1,,,
ULEBEV,1,,,
ULECIA,1,,,
ULENII,1,,,
ULEPEG,1,,,
ULEPEG01,1,,,
ULEVAJ,1,,,
ULILEH,1,,,
ULILEH01,1,,,
ULIPIO,1,,,
ULIWEU,1,,,
ULIZAR,1,,,
ULIZEV,1,,,
ULIZIZ,1,,,
ULOMUG,1,,,
ULUQID,1,,,
ULUQID02,1,,,
UMELOR,1,,,
UMIJUY,1,,,
UMIWES,1,,,
UMOJOY,1,,,
UMOMIW,1,,,
UMOMUI,1,,,
UMORIA,1,,,
UMOWEB,1,,,
UMUTAY,1,,,
UMUTEC,1,,,
UNAKIE,1,,,
UNAQIM,1,,,
UNAQOS,1,,,
UNAXIS,1,,,
UNAYEQ,1,,,
UNAYUG,1,,,
UNEYOC,1,,,
UNIFEC,1,,,
UNIGEF,1,,,
UNIGIJ,1,,,
UNIGIJ01,1,,,
UNIGOP,1,,,
UNIGUV,1,,,
UNIHAC,1,,,
UNIHEG,1,,,
UNIHIK,1,,,
UNIJIN,1,,,
UNILEI,1,,,
UNIMIQ,1,,,
UNOCEF,1,,,
UNOCIM,1,,,
UNOCOS,1,,,
UNOMAN,1,,,
UNOMER,1,,,
UNONES,1,,,
UNULUN,1,,,
UNUTUU,1,,,
UPEDUR,1,,,
UPEMEJ,1,,,
UPUJAT,1,,,
UPUMID,1,,,
UPUMOJ,1,,,
UPUREF,2,,,
UPURIJ,1,,,
UPUYAG,1,,,
UPUYEK,1,,,
UPUZIQ,1,,,
UPUZIQ01,1,,,
UPUZIQ02,1,,,
UPUZIQ03,1,,,
UQAKOP,2,,,
UQAKUU,1,,,
UQAMUX,1,,,
UQANEI,1,,,
UQAPEK,1,,,
UQAVIS,1,,,
UQEKUY,1,,,
UQELAF,1,,,
UQELEJ,1,,,
UQELIN,1,,,
UQEPOY,1,,,
UQEQEO,1,,,
UQIFOQ,1,,,
UQONEV,1,,,
UQONIZ,1,,,
UQOPAS,1,,,
UQOPEW,1,,,
UQOPIA,1,,,
UQUQEE,1,,,
UQUQOO,1,,,
URABUN,1,,,
URACIC,1,,,
URACOI,1,,,
URAHON,1,,,
URAJEF,1,,,
URASUC,1,,,
UREBAW,1,,,
UREBEA,1,,,
UREXAS,1,,,
UREXEW,1,,,
UREXIA,1,,,
URIHAF,1,,,
URILAK,1,,,
URISAR,1,,,
UROQID,1,,,
UROWUW,1,,,
URULUQ,1,,,
URUQII,1,,,
USIBUV,1,,,
USOYUY,1,,,
USUGIA,1,,,
USULEA,1,,,
UTAQIR,1,,,
UTATEP,1,,,
UTEQIW,1,,,
UTEVOF,2,,,
UTEWEY,1,,,
UTEXAV,1,,,
UTIBIL,1,,,
UTIBOR,1,,,
UTIBUX,1,,,
UTOGAO,1,,,
UTOGUI,2,,,
UTOHAP,2,,,
UTOHIX,1,,,
UTUKIE,1,,,
UTUKOK,1,,,
UTUKUQ,1,,,
UTUVUB,1,,,
UTUWAI,1,,,
UVAFII,1,,,
UVAFOO,1,,,
UVAFUU,1,,,
UVAKOU,1,,,
UVALOT,1,,,
UVALUZ,1,,,
UVAMAG,1,,,
UVAWIY,1,,,
UVAZUN,1,,,
UVIROJ,2,,,
UVIRUP,2,,,
UVISAW,2,,,
UVUDIZ,1,,,
UVUDOF,1,,,
UVUDUL,1,,,
UVUFAT,1,,,
UVUQUY,1,,,
UVUYOA,1,,,
UWIHEP,1,,,
UWIKIW,1,,,
UWIVEC,1,,,
UWIVIG,1,,,
UWIVOM,1,,,
UWIWED,1,,,
UWIWIH,1,,,
UWOCAL,1,,,
UWOCEP,1,,,
UWOJEX,1,,,
UWUFUO,1,,,
UWUGID,1,,,
UWUGOJ,1,,,
UWUGUP,1,,,
UWUHAW,1,,,
UWUHEA,1,,,
UWUHIE,1,,,
UWUNEH,1,,,
UWUNIL,1,,,
UWUVIS,1,,,
UXAWOG,1,,,
UXAWUM,1,,,
UXAXAT,1,,,
UXEMAM,1,,,
UXEMIU,1,,,
UXENAN,1,,,
UXETOH,1,,,
UXIKET,1,,,
UXODIW,1,,,
UXODOC,1,,,
UXOMEA,1,,,
UXOMIE,1,,,
UXOMOK,1,,,
UXOMUQ,1,,,
UXUBAR,1,,,
UXUBEV,1,,,
UXUGAY,1,,,
UXUGUS,1,,,
UXUMEI,2,,,
UXUQIQ,1,,,
UXUQOW,1,,,
UYAZOK,1,,,
UYAZOK01,1,,,
UYAZOK02,1,,,
UYEBEG,1,,,
UYEBIK,1,,,
UYEBOQ,1,,,
UYEBUW,1,,,
UYECAD,1,,,
UYECEH,1,,,
UYECIL,1,,,
UYEXED02,1,,,
UYEXIH02,1,,,
UYEYON,1,,,
UYIBOV02,1,,,
UYILOG,1,,,
UYITIH,1,,,
UYIXIL,1,,,
UYOBAN,1,,,
UYUDID,1,,,
UYUDOJ,1,,,
UYUDUP,1,,,
UYUGOM,1,,,
UYUHUS,1,,,
UYUJAA,1,,,
UYUPUB,1,,,
UYUXAO,1,,,
UZAPUI,1,,,
UZAVAV,1,,,
UZEBIM,1,,,
UZEPOH,1,,,
UZEPUN,1,,,
UZEQAU,1,,,
UZERAV,1,,,
UZODUL,1,,,
UZOGAU,1,,,
UZOVOX,1,,,
UZULAD,1,,,
VABBAB,1,,,
VABBEF,1,,,
VABBIJ,1,,,
VABBOP,1,,,
VABCAC,1,,,
VABCEG,1,,,
VABDIP,1,,,
VABGEN,1,,,
VABVID,1,,,
VABVOJ,1,,,
VACKIW,1,,,
VACKOC,1,,,
VACSIC,1,,,
VACTOI,1,,,
VACVEA,1,,,
VACXOO,1,,,
VACXUU,1,,,
VACYAB,1,,,
VACYEF,1,,,
VADKER,1,,,
VAFJIV,1,,,
VAFKUI,1,,,
VAGNOJ,1,,,
VAGZIN,1,,,
VAGZOT,1,,,
VAHJOE,1,,,
VAHJUK,1,,,
VAHKAR,1,,,
VAHPOL,1,,,
VAHTAB,1,,,
VAHTAB01,1,,,
VAHTIJ,1,,,
VAHTOP,1,,,
VAHXOT,1,,,
VAJCAN,1,,,
VAJCER,1,,,
VAJCIV,1,,,
VAJHEW,1,,,
VAJHOE,1,,,
VAJMAW,1,,,
VAKJEX,1,,,
VAKJIB,1,,,
VAKJOK,1,,,
VAKJUQ,1,,,
VAKKAX,1,,,
VAKMAW,1,,,
VAKPIH,1,,,
VAMPAA,1,,,
VAMSEH,1,,,
VAMVEM,1,,,
VAMWUD,1,,,
VAPQOU,1,,,
VAPQUA,1,,,
VAPRAH,1,,,
VAPSAJ,1,,,
VAPSEN,1,,,
VAQNIM,1,,,
VAQPAF,1,,,
VAQPIO,1,,,
VAQRIR,1,,,
VAQROX,1,,,
VAQWES,1,,,
VAQWOC,1,,,
VAQZIX,1,,,
VARDUN,1,,,
VARHAY01,1,,,
VARHEC,1,,,
VARMAD,1,,,
VARMEH,1,,,
VARVAL,1,,,
VASDAU,1,,,
VASJOQ,1,,,
VASJUW,1,,,
VASKEH,1,,,
VASKUV,1,,,
VASLOQ,1,,,
VASQAH,1,,,
VASQEL,1,,,
VASQIP,1,,,
VASQOV,1,,,
VASXAO,1,,,
VATBEX,1,,,
VATJOT,1,,,
VATKUX,1,,,
VATMEL,1,,,
VATMUY,1,,,
VATTOC,1,,,
VATXUJ,1,,,
VATYAQ,1,,,
VAVCEA,1,,,
VAVCUQ,1,,,
VAVTIV,1,,,
VAVZAX,2,,,
VAVZEB,2,,,
VAVZIF,2,,,
VAWCOM,1,,,
VAWJOU,1,,,
VAWJUA,1,,,
VAWKAH,1,,,
VAWKEL,1,,,
VAWQIT,1,,,
VAWQOZ,1,,,
VAWVAR01,1,,,
VAWVOH,1,,,
VAWXEY,1,,,
VAWXIC,1,,,
VAWXIE,1,,,
VAWYIF,1,,,
VAWZAY,1,,,
VAXFIJ,1,,,
VAXMOY,1,,,
VAYBUT,1,,,
VAYSUJ,1,,,
VAYZII,1,,,
VAYZOO,1,,,
VAZFOV,1,,,
VAZNIT,1,,,
VAZPUH,1,,,
VAZRAP,1,,,
VAZRET,1,,,
VAZXOK,1,,,
VAZXUQ,1,,,
VAZXUS,1,,,
VEBBEM,1,,,
VEBSIF,1,,,
VECFEP,1,,,
VECFIT,1,,,
VECFOZ,1,,,
VEDBAL,1,,,
VEDGAQ,1,,,
VEDHOD,2,,,
VEDHUJ,1,,,
VEDPIE,1,,,
VEFBEN,1,,,
VEFZOW,1,,,
VEGZOY,1,,,
VEHBEP,1,,,
VEKDAQ,1,,,
VEKDEU,1,,,
VEKDIY,1,,,
VEKGUN,1,,,
VEKJEB,1,,,
VEKJIH,1,,,
VEKKUS,1,,,
VEKLIK,1,,,
VEKNEI,1,,,
VEKNIM,1,,,
VEKRUA,1,,,
VEKSEL,1,,,
VEKSOV,1,,,
VEKVAM,1,,,
VEKYAL,1,,,
VEKYAL01,1,,,
VELKON,1,,,
VELPEJ,1,,,
VELPIN,1,,,
VELPOT,1,,,
VELPUZ,1,,,
VELTAJ,1,,,
VELVUF,1,,,
VELWAM,1,,,
VELXAN,1,,,
VELXER,1,,,
VEMCEZ,1,,,
VEMCOJ,1,,,
VEMKIJ,1,,,
VEMYIW,1,,,
VEMYUI,1,,,
VENMAE,1,,,
VENRUD,1,,,
VENSAJ,1,,,
VEPGAB,1,,,
VEPGEF,1,,,
VEPWOE,1,,,
VEQCIE,2,,,
VEQCOK,2,,,
VEQCUQ,2,,,
VEQLEL,1,,,
VEQTAM01,1,,,
VEQTOC,1,,,
VEQXIZ,1,,,
VERBUT,1,,,
VERCAA,1,,,
VERCEE,1,,,
VERGAE,1,,,
VERKAI,1,,,
VERPAM,1,,,
VERRUB,1,,,
VERXAR,1,,,
VESBAX,1,,,
VESCEC,1,,,
VESCIG,1,,,
VESDIH,1,,,
VESGOQ,1,,,
VESLIP,1,,,
VESLOV,1,,,
VESLUB,1,,,
VESNOZ,1,,,
VESPER,1,,,
VESPIT,1,,,
VETCEF,1,,,
VETFOT,1,,,
VETGEH,2,,,
VETGIL,2,,,
VETGOR,2,,,
VETMEM,1,,,
VETQER,2,,,
VETYEZ,1,,,
VETYOK,2,,,
VETYUQ,2,,,
VETZEB,2,,,
VEVJAL,1,,,
VEVNIX,1,,,
VEVRUK,1,,,
VEVSAR,1,,,
VEWNIV,1,,,
VEWNOB,1,,,
VEWNUH,1,,,
VEWPAP,1,,,
VEWPIW,1,,,
VEWPIX,1,,,
VEWPUK,1,,,
VEWQAR,1,,,
VEWTOK,1,,,
VEWVUQ,1,,,
VEWXUS,1,,,
VEXBUX,1,,,
VEXMER,1,,,
VEXMUG,1,,,
VEXNUK,1,,,
VEXQAR,1,,,
VEYNIW01,1,,,
VEYRIE,1,,,
VEYROK,1,,,
VEZBAD,1,,,
VEZGUG,1,,,
VEZLES,1,,,
VEZLOD,1,,,
VEZLUJ,1,,,
VEZMAQ,1,,,
VEZNIZ,1,,,
VEZNOF,1,,,
VIBLIC,1,,,
VIBLOI,1,,,
VIBNIF,1,,,
VIBNOL,1,,,
VIBWIP,1,,,
VIBXEL,1,,,
VICCER,1,,,
VICCIV,1,,,
VICCOB,1,,,
VICCUH,1,,,
VICDUI,1,,,
VICFAQ,1,,,
VICFEU,1,,,
VICSIM,1,,,
VICWEJ10,1,,,
VIDBOB,1,,,
VIDQUV01,1,,,
VIDVUC,1,,,
VIDWAJ,1,,,
VIDXIS,1,,,
VIFCOG,1,,,
VIFMUS,1,,,
VIGJAY,1,,,
VIGPOU,1,,,
VIHMUU,1,,,
VIHMUU01,1,,,
VIHQEI,1,,,
VIHSEL,1,,,
VIJCEZ,1,,,
VIJCEZ01,1,,,
VIJCOJ01,1,,,
VIJDAW01,1,,,
VIJHAY,1,,,
VIJHOM,1,,,
VIJHUS,1,,,
VIJHUU,2,,,
VIJJEG,2,,,
VIJPIR,1,,,
VIKCUR,2,,,
VIKDAY,2,,,
VIKDIG,2,,,
VIKDOM,2,,,
VIKQUF,1,,,
VIKRIQ,1,,,
VILGAY,1,,,
VILGAY01,1,,,
VILMAF,1,,,
VILMEJ,1,,,
VILMIN,1,,,
VILWOG,1,,,
VILWUM,1,,,
VILXAT,1,,,
VILXEX,1,,,
VILXIB,1,,,
VILXUN,1,,,
VIMGON,1,,,
VIMTUK,1,,,
VINGUU,1,,,
VINNEM,1,,,
VINNOW,1,,,
VINRAM,1,,,
VINTUH,1,,,
VIPHUZ,1,,,
VIPNOZ,1,,,
VIPROC,1,,,
VIPRUK,1,,,
VIPSAP,1,,,
VIPSAR,1,,,
VIPSEV,1,,,
VIQLUE,1,,,
VIQMAL,1,,,
VIQWAU,1,,,
VISPUK,1,,,
VISWOM,1,,,
VISZEE,1,,,
VISZII,1,,,
VIVDUZ,1,,,
VIVFAH,1,,,
VIWWIH,1,,,
VIYQIE,1,,,
VIYQOK,1,,,
VIYYEK,1,,,
VIYZIN,1,,,
VIZGOB,1,,,
VIZSIH,1,,,
VOBJIG,1,,,
VOBLIH,1,,,
VOBMIM,1,,,
VOBMOS,1,,,
VOBMUU,1,,,
VOBREL,1,,,
VOBVEP,1,,,
VOBYIU,2,,,
VOCRIQ,1,,,
VOCROW,1,,,
VOCRUC,1,,,
VOCSIQ,1,,,
VODFEZ,1,,,
VODFID,1,,,
VODHUR,1,,,
VODJED,1,,,
VOFBUO,1,,,
VOFMAI,1,,,
VOFNUC,1,,,
VOFPAK,1,,,
VOFPEO,1,,,
VOGFEE,1,,,
VOGYOI,1,,,
VOGYUO,1,,,
VOGZAT,1,,,
VOGZAV,1,,,
VOGZEZ,1,,,
VOHXOJ,1,,,
VOJCAB,1,,,
VOJSEW,1,,,
VOJTUN,1,,,
VOJZAW,1,,,
VOKKUF,1,,,
VOKVAW,2,,,
VOKWAT,1,,,
VOKWUO,1,,,
VOKXAV,1,,,
VOKXEZ,1,,,
VOKXID,1,,,
VOKYOL,1,,,
VOKYUQ,1,,,
VOKYUR,1,,,
VOKZUQ,1,,,
VOLBUU,1,,,
VOLHEK,1,,,
VOLKIQ,1,,,
VOLKOX,1,,,
VOLKUD,1,,,
VOLLAK,1,,,
VOLNUJ,1,,,
VOLSIB,1,,,
VOLSOH,1,,,
VOMKOA,1,,,
VOMLEO,1,,,
VOMRAQ,1,,,
VOMSAR,1,,,
VONWEB,1,,,
VONXAY,1,,,
VONXEC,1,,,
VONXIG,1,,,
VONXOM,1,,,
VOPJUG,1,,,
VOQQIE,1,,,
VOQTON,1,,,
VORBEL,1,,,
VORBIP,1,,,
VORJUI,1,,,
VORKAP,1,,,
VORLUK,1,,,
VORZEH,1,,,
VOSKIZ,1,,,
VOSLAQ,1,,,
VOSXEI,1,,,
VOSXIM,1,,,
VOSXOS,1,,,
VOTGUK,1,,,
VOTHAR,1,,,
VOTHEV,1,,,
VOTSUW,1,,,
VOWQAB,1,,,
VOWTIK,1,,,
VOWTIK01,1,,,
VOXLOM,1,,,
VOXMUU,1,,,
VOYGAU,1,,,
VOYPAD,1,,,
VOZCOG,1,,,
VOZCUM,1,,,
VOZDAT,1,,,
VOZDEX,1,,,
VOZHID,1,,,
VOZHOJ,1,,,
VOZHUP,1,,,
VOZJAX,1,,,
VOZJEB,1,,,
VOZJIF,1,,,
VOZMAA,1,,,
VOZMEE,1,,,
VOZTUD,1,,,
VOZTUD01,1,,,
VOZVAL,1,,,
VOZVOY,1,,,
VUBBOJ,1,,,
VUBBUP,1,,,
VUBDAZ,1,,,
VUCGEF,1,,,
VUCGEF01,1,,,
VUCQER,1,,,
VUCXEY,1,,,
VUDSIZ,1,,,
VUFKUE,1,,,
VUFNET,1,,,
VUFRAT,1,,,
VUFSIY,1,,,
VUHDOS,1,,,
VUHDUY,1,,,
VUHHAI,1,,,
VUHHEM,1,,,
VUHJUD,1,,,
VUJGUC,1,,,
VUJWUS,1,,,
VUJWUS01,1,,,
VUJXAZ,1,,,
VUJXED,1,,,
VUKDUA,1,,,
VUKLEV,1,,,
VUKVAY,1,,,
VULBAH,1,,,
VULGOZ,1,,,
VULGUF,1,,,
VULHAM,1,,,
VULHEQ,1,,,
VULHIU,1,,,
VULQUS,2,,,
VUMNIC,1,,,
VUMNOH,1,,,
VUMNOI,1,,,
VUMRIG,1,,,
VUMSEE,1,,,
VUMXIN,1,,,
VUNLEV,1,,,
VUNPID,1,,,
VUNPUR,1,,,
VUNRIF,1,,,
VUPMEZ,1,,,
VUPMUO,1,,,
VUPQUV,1,,,
VUPVUY,1,,,
VUQBEP,1,,,
VUQCIV,1,,,
VUQJIB,1,,,
VUQJOH,1,,,
VUQMIE,1,,,
VUQMOK,1,,,
VUQMUQ,1,,,
VUQQEF,1,,,
VUQQIJ,1,,,
VUQQOP,1,,,
VUQREI,1,,,
VUQSIL,1,,,
VURCIU,1,,,
VURCUG,1,,,
VURDAN,1,,,
VURNUV,1,,,
VUSDOG,1,,,
VUSKEB,1,,,
VUSNAZ,1,,,
VUSNED,1,,,
VUSSUX,1,,,
VUTDEU,1,,,
VUTGUQ,1,,,
VUTPEF,1,,,
VUWJIG,1,,,
VUWPOT,1,,,
VUXGAW,1,,,
VUXXUH,1,,,
VUYDUR,1,,,
VUYFAZ,1,,,
VUZCIC,1,,,
VUZCOI,1,,,
VUZFIH,1,,,
WABBAG,1,,,
WABBEK,1,,,
WABBIO,1,,,
WABKOC,1,,,
WACKOA01,1,,,
WACXUU,1,,,
WACYAB,1,,,
WACYEF,1,,,
WACYOP,1,,,
WADCEJ,1,,,
WADCEN,1,,,
WADCIR,1,,,
WADQAX,1,,,
WADZIO,1,,,
WAFLUL,1,,,
WAFMAS,1,,,
WAFVIK,1,,,
WAFXUY,2,,,
WAGTUV,1,,,
WAGVAD,1,,,
WAHCAK,1,,,
WAHCEO,1,,,
WAHDOZ,1,,,
WAHKUN,1,,,
WAHXEI,1,,,
WAJKAX,1,,,
WAJKOL,1,,,
WAJKUR,1,,,
WAJLAY,1,,,
WAJLEC,1,,,
WAJLIG,1,,,
WAJLOM,1,,,
WAJROR,1,,,
WAKGEY,1,,,
WAKJEX,1,,,
WALBIW,1,,,
WALHOH,1,,,
WALHUN,1,,,
WALJAV,1,,,
WALJEZ,1,,,
WALLAY,1,,,
WALLEC,1,,,
WALLIG,1,,,
WALLOL,1,,,
WALLUR,1,,,
WALMAY,1,,,
WALMEC,1,,,
WALMIG,1,,,
WALMUS,1,,,
WAMGAU,1,,,
WAMZIU,1,,,
WANBOF,1,,,
WANBUL,1,,,
WANCAS,1,,,
WANCEW,1,,,
WANCUM,1,,,
WANDAT,1,,,
WANDEX,1,,,
WANJUU,1,,,
WANKAB,1,,,
WANKEC,1,,,
WANNOQ,1,,,
WANNUU,1,,,
WAPFAV,1,,,
WAPVOC,1,,,
WAQPUC,1,,,
WAQQEN,1,,,
WAQQIR,1,,,
WARCUO,1,,,
WARSIS,1,,,
WARSOY,1,,,
WARYEV,1,,,
WASBEY,1,,,
WASFED,1,,,
WASKUZ,1,,,
WASPEL,1,,,
WASPEL01,1,,,
WASPEL02,1,,,
WASPOY,1,,,
WATDAW,1,,,
WATDEA,1,,,
WATDIE,1,,,
WATDOK,1,,,
WATHUU,1,,,
WATSEQ,1,,,
WATXOI,1,,,
WATXUO,1,,,
WATYEZ,1,,,
WAVHOQ,1,,,
WAVJAE,1,,,
WAVNEP,1,,,
WAVNIT,1,,,
WAWJIQ,1,,,
WAWQIU,1,,,
WAWQOA,1,,,
WAWVEX,1,,,
WAWXUR,1,,,
WAXTAQ,1,,,
WAXWID,1,,,
WAXWUP,1,,,
WAYNET,1,,,
WAYPOF,1,,,
WAYQUI,1,,,
WAZDOS,1,,,
WAZHOU,1,,,
WAZJIQ,1,,,
WAZMAL,1,,,
WAZSUP,1,,,
WAZZOO,1,,,
WAZZUU,1,,,
WEBDIU01,1,,,
WEBFAM,1,,,
WEBFEQ,1,,,
WEBFIU,1,,,
WEBGAN,1,,,
WECCOW,1,,,
WECCUC,1,,,
WECCUC01,1,,,
WECKIY,1,,,
WECLOF,1,,,
WECMAS,1,,,
WECPEZ,1,,,
WECTIJ,1,,,
WECXIN,1,,,
WECXOT,1,,,
WEDXUZ,1,,,
WEFSEH,1,,,
WEGNOL,1,,,
WEGPAA,1,,,
WEGRAC,1,,,
WEGTAE,1,,,
WEGTEI,2,,,
WEHGAS,1,,,
WEJBOD,1,,,
WEJQOS,1,,,
WEJTUD,1,,,
WEJVOZ,1,,,
WEKKEG,1,,,
WEKLEF,1,,,
WEKLIJ,1,,,
WEKPEL,1,,,
WEKSOU,1,,,
WEKSUA,1,,,
WEKWUE,1,,,
WELJEC,1,,,
WELNUY,1,,,
WELPEK,1,,,
WELPOT,1,,,
WELRAK,1,,,
WELRIS,1,,,
WEMGED,1,,,
WEMGIH,1,,,
WEMGON,1,,,
WEMQAH,1,,,
WEMQEL,1,,,
WEMSIR,1,,,
WEMWIY,1,,,
WEMWOE,1,,,
WEMXAR,1,,,
WEMYEW,1,,,
WEMZEU,1,,,
WENLOQ,1,,,
WENTER,1,,,
WEPHOO,1,,,
WEPRUE,1,,,
WEPXIC,1,,,
WERKUA,1,,,
WERSOC,1,,,
WERSUI,1,,,
WERTAP,1,,,
WERTET,1,,,
WERTIX,1,,,
WESDIH,1,,,
WESGUW,1,,,
WESHAD,1,,,
WESSAR,1,,,
WESYOM,1,,,
WESYUS,1,,,
WESZAZ,1,,,
WETPAQ,1,,,
WETYUP,1,,,
WETZAW,1,,,
WEWFUA,1,,,
WEWGIR,1,,,
WEYDOT,1,,,
WEYGEN,1,,,
WEYGIR,1,,,
WEYXOQ,1,,,
WEYYAC,1,,,
WEZFUG,1,,,
WEZNIA,1,,,
WEZWUT,1,,,
WIBKIB,1,,,
WICLOJ,1,,,
WICMUQ,1,,,
WICYUE,1,,,
WICZAL,1,,,
WIDCAP,1,,,
WIDSOR,1,,,
WIDTOS,1,,,
WIFBAR,1,,,
WIFBAR01,1,,,
WIFBIW,1,,,
WIFBOC,1,,,
WIFBUI01,1,,,
WIFDIZ,1,,,
WIFHID,1,,,
WIFMAD,1,,,
WIFNEF,1,,,
WIFNIJ,1,,,
WIFNOP,1,,,
WIGBEU,1,,,
WIGCEV,1,,,
WIGCEV01,1,,,
WIHNEG,1,,,
WIJFEE,1,,,
WIJGEF,1,,,
WIJGUV,1,,,
WIJHIK,1,,,
WIJQEL,1,,,
WIJRUF,1,,,
WIJSAM,1,,,
WIJSAN,2,,,
WIJTUF,1,,,
WIJYUJ,1,,,
WIKDUT,2,,,
WIKSEO,1,,,
WIKTIT,1,,,
WILNEK01,1,,,
WILNIO,1,,,
WILNIO01,1,,,
WILXEW,1,,,
WILYAS,1,,,
WIMBOJ,1,,,
WIMBUP,1,,,
WIMDEB,1,,,
WIMFAZ,1,,,
WIMHOQ,1,,,
WIMKIO,1,,,
WIMPIT,1,,,
WIMPOZ,1,,,
WIMPUF,1,,,
WIMXUN,1,,,
WIMYEY,1,,,
WINXEW,1,,,
WINZID,1,,,
WINZOK,1,,,
WINZUQ,1,,,
WIPBEE,1,,,
WIPBII,1,,,
WIPDIJ,1,,,
WIPKIR,1,,,
WIPRUI,1,,,
WIPVIA,1,,,
WIPYAV,1,,,
WIQHOW,1,,,
WIQLAL,1,,,
WIRRAS,1,,,
WIRTOG,1,,,
WISBAB,1,,,
WISCUW,1,,,
WISCUW01,1,,,
WISPUJ,1,,,
WISQAQ,1,,,
WISTUN,1,,,
WISXOL,1,,,
WISXUR,1,,,
WISYAY,1,,,
WISYEC,1,,,
WITHUG,1,,,
WITJOY,1,,,
WITTOM,1,,,
WITWON,1,,,
WITXAA,1,,,
WITXEE,1,,,
WIVFAM,1,,,
WIVFIU,1,,,
WIVHUF,1,,,
WIVJAN,1,,,
WIWLIA,1,,,
WIWLOG,1,,,
WIWZOT,1,,,
WIXKAP,1,,,
WIXTED,1,,,
WIXXOT,1,,,
WIXXUZ,1,,,
WIXZAF,1,,,
WIXZEL,1,,,
WIYBUE,1,,,
WIYLOF,1,,,
WIYMUO,1,,,
WIYRIG,1,,,
WIYSOO,1,,,
WIYTEF,1,,,
WIYXAD,1,,,
WIZGUJ,1,,,
WIZWAH,1,,,
WIZXAE,1,,,
WOBCAU,1,,,
WOBCEY,1,,,
WOBCEZ,1,,,
WOBCIC,1,,,
WOBCID,1,,,
WOBCOI,1,,,
WOBFAV,1,,,
WOBNUW,1,,,
WOBVAL,1,,,
WOCFID,1,,,
WOCFOJ,1,,,
WOCHUU,1,,,
WOCPEJ,1,,,
WOCROW,1,,,
WOCXEV,1,,,
WOCXIZ,1,,,
WODHUS,1,,,
WODJEE,1,,,
WODKIL,1,,,
WODKOR,1,,,
WODKUX01,1,,,
WODLEI,1,,,
WODLIM,1,,,
WODMOU,1,,,
WODWUL,2,,,
WODXAS,2,,,
WODXAS01,2,,,
WODXIX,1,,,
WODYAR,1,,,
WOFDOL,1,,,
WOFFUV,1,,,
WOFHIM,1,,,
WOFLUC,1,,,
WOFMAJ,1,,,
WOGGUY,1,,,
WOGHAF,1,,,
WOGTIY,1,,,
WOGYUN,1,,,
WOGZAU,1,,,
WOHCEB,1,,,
WOHCIF,1,,,
WOHDAA,1,,,
WOHDEE,1,,,
WOHFEG,1,,,
WOHFIK,1,,,
WOHFOQ,1,,,
WOHFUW,1,,,
WOHGAD,1,,,
WOHGAE,1,,,
WOHGEH,1,,,
WOHGIL,1,,,
WOHHIL,1,,,
WOHHOR,1,,,
WOHJIM,1,,,
WOJBON,1,,,
WOJTAT,1,,,
WOKYED,1,,,
WOLNUK,1,,,
WOLSID,1,,,
WOLTOH,1,,,
WOLZON,1,,,
WOMBEF,1,,,
WONDAF,1,,,
WONWEB,1,,,
WOPJIY,1,,,
WOPKUL,1,,,
WOPRUR,1,,,
WOQDEL,1,,,
WOQPEB,1,,,
WORVEI,1,,,
WORYUB,1,,,
WORZOS,1,,,
WOSBEP,1,,,
WOSBIP,1,,,
WOSBOZ,1,,,
WOSBUF,1,,,
WOSCAM,1,,,
WOSCEQ,1,,,
WOTVOU,1,,,
WOVCEP,1,,,
WOVSOP,1,,,
WOVWAF,1,,,
WOWMUQ,1,,,
WOWRIN,1,,,
WOWROS,1,,,
WOWROT,1,,,
WOWRUY,1,,,
WOWWAG,1,,,
WOWYEM,1,,,
WOWZAL,1,,,
WOXCOF,1,,,
WOXJUS,1,,,
WOXKAZ,1,,,
WOXKUR,1,,,
WOXLAY,1,,,
WOXLEC,1,,,
WOXLIG,1,,,
WOXSOR,1,,,
WOXXIS,1,,,
WOYHUQ,1,,,
WOYPOT,1,,,
WOYPUZ,1,,,
WOYQEK,1,,,
WOYQEK01,1,,,
WOYQOU,1,,,
WOZRUB,1,,,
WOZSIQ,1,,,
WOZTAJ,1,,,
WOZTEN,1,,,
WOZTOX,1,,,
WUBCUT,1,,,
WUBDAA,1,,,
WUBDEE,1,,,
WUBDUW,1,,,
WUBYIF,1,,,
WUBYOL,1,,,
WUBYUR,1,,,
WUBZEC,1,,,
WUBZIG,1,,,
WUBZOM,1,,,
WUBZUS,1,,,
WUCBIJ,1,,,
WUCFIN,1,,,
WUCFOT,1,,,
WUCFUZ,1,,,
WUCGAG,1,,,
WUCGEK,1,,,
WUCGIO,1,,,
WUCGOU,1,,,
WUCGUA,1,,,
WUCHAH,1,,,
WUCHEL,1,,,
WUCHIP,1,,,
WUCHOV,1,,,
WUCJUD,1,,,
WUCKAK,1,,,
WUCKEO,1,,,
WUCKIS,1,,,
WUCKOY,1,,,
WUCKUE,1,,,
WUCLAL,1,,,
WUCLEP,1,,,
WUCPET,1,,,
WUCPIX,1,,,
WUCPOD,1,,,
WUCPUJ,1,,,
WUCQAQ,1,,,
WUCQEU,1,,,
WUCQIY,1,,,
WUCQOE,1,,,
WUCRAR,1,,,
WUCTOF,1,,,
WUCTUL,1,,,
WUDMEO,1,,,
WUDMIT,1,,,
WUDXAY,1,,,
WUFPOC,1,,,
WUFPUI,1,,,
WUFQAP,1,,,
WUGQEW,1,,,
WUGQIA,1,,,
WUHHEQ,1,,,
WUHHIU,1,,,
WUHHOA,1,,,
WUHHUG,1,,,
WUJCAF,1,,,
WUJHIS,1,,,
WUJMIZ,1,,,
WUKBOT,1,,,
WUKFAK,1,,,
WULDOX,1,,,
WULHEQ,1,,,
WULLUM,1,,,
WULMAT,1,,,
WULNEX,1,,,
WULNIB,1,,,
WUMGUI,1,,,
WUMHAP,1,,,
WUMHET,1,,,
WUMKEU,1,,,
WUMKIY,1,,,
WUMROM,1,,,
WUMRUS,1,,,
WUMSAZ,1,,,
WUMSED,1,,,
WUMSIH,1,,,
WUMSON,1,,,
WUMSUV,2,,,
WUNQOP,1,,,
WUNWEJ,1,,,
WUNWOU,1,,,
WUNWUA,1,,,
WUPGEX,1,,,
WUPHOI,1,,,
WUPKEZ,1,,,
WUPMIG,1,,,
WUPPUS,1,,,
WUPWUB,1,,,
WUQBAM,1,,,
WUQFIB,2,,,
WUQLUQ,2,,,
WUQMAX,2,,,
WUQMAY,2,,,
WUQPUV,1,,,
WURCAP,1,,,
WURGUL,1,,,
WURHAS,1,,,
WURHEW,1,,,
WURHIA,1,,,
WURWOV,1,,,
WURWUB,1,,,
WUSCAQ,1,,,
WUSQIO,1,,,
WUSQOU,1,,,
WUSRIP,1,,,
WUSROV,1,,,
WUSRUB,1,,,
WUTKOL,1,,,
WUTROT,1,,,
WUTRUZ,1,,,
WUTVAM,1,,,
WUVJUV,1,,,
WUVKAZ,1,,,
WUVVIS,1,,,
WUVVOY,1,,,
WUXBIB,1,,,
WUXHIJ,1,,,
WUXJAA,1,,,
WUXJEI,1,,,
WUXJIM,1,,,
WUXNUA,1,,,
WUXPAJ,1,,,
WUXTUI,1,,,
WUXYOG,1,,,
WUXYUM,1,,,
WUXZAT,1,,,
WUXZEX,1,,,
WUXZIB,1,,,
WUXZOH,1,,,
WUXZUN,1,,,
WUYBAW,1,,,
WUYCIC,1,,,
WUYFAA,1,,,
WUYWIZ,1,,,
WUZNOU,1,,,
WUZQOB,1,,,
WUZTOC,1,,,
XABDOU,2,,,
XABFAI,1,,,
XABFIQ,1,,,
XABJIY,1,,,
XACJAM,1,,,
XACJUG,1,,,
XACXIJ,1,,,
XACYIO,1,,,
XAFBIP,1,,,
XAFBIU,1,,,
XAFGAP,1,,,
XAFGET,1,,,
XAFGIX,1,,,
XAFGOD,1,,,
XAFGUJ,1,,,
XAFRAA,1,,,
XAGGUH,1,,,
XAGGUI,1,,,
XAGHEW,1,,,
XAGLOG,1,,,
XAGLUM,1,,,
XAGMAT,1,,,
XAGSAC,1,,,
XAGTOO,1,,,
XAGXEJ,1,,,
XAGXIN,1,,,
XAGXOT,1,,,
XAGXUZ,1,,,
XAGYAG,1,,,
XAHFAN,1,,,
XAHHIZ,2,,,
XAHJAT,2,,,
XAHMOI,1,,,
XAHSIK,1,,,
XAHWUA,1,,,
XAHXAH,1,,,
XAJMAX,1,,,
XAJMEB,1,,,
XAKCEU,1,,,
XAKMIF,1,,,
XAKPAD,1,,,
XAKZUH,1,,,
XALRIN,1,,,
XALRIN01,1,,,
XALRIN02,1,,,
XAMKII,1,,,
XAMQEK,2,,,
XAMQIO,2,,,
XAMQUA,2,,,
XAMXIV,1,,,
XAMYIT,1,,,
XAMYOB,1,,,
XAMYOZ,1,,,
XAMYUF,1,,,
XANFAV,1,,,
XANLII,1,,,
XANVEP,1,,,
XAPDIC,1,,,
XAPDOI,1,,,
XAPYOC,1,,,
XAPZIZ,1,,,
XAQJAA,1,,,
XAQJEE,1,,,
XAQKOR,1,,,
XAQXAP,1,,,
XARBAU,1,,,
XARCID,1,,,
XARCUQ,1,,,
XARDAX,1,,,
XARVIW,1,,,
XASFIK,1,,,
XASHAC,1,,,
XASKIN,2,,,
XASKOT,2,,,
XASLAG,1,,,
XASLIO,1,,,
XASLUA,1,,,
XASMAH,1,,,
XASMIQ,1,,,
XASMOV,1,,,
XASMOW,1,,,
XASMUC,1,,,
XASVOD,1,,,
XASZEY,1,,,
XATHEJ,1,,,
XATHIN,1,,,
XATHUZ,1,,,
XATSIX,1,,,
XATSOD,1,,,
XATSUJ,1,,,
XATWOG,1,,,
XATWUM,1,,,
XAVBON,1,,,
XAVBUT,1,,,
XAVBUT01,1,,,
XAVMEP,1,,,
XAVXID,1,,,
XAVZAW,2,,,
XAVZID,1,,,
XAVZIE,2,,,
XAVZIE01,2,,,
XAVZIF,1,,,
XAVZOK,2,,,
XAWDOS,1,,,
XAWGEI,1,,,
XAWLEP,1,,,
XAWWAX,1,,,
XAWXIG,1,,,
XAWXUS,1,,,
XAWXUS01,1,,,
XAWXUS02,1,,,
XAXKOY,1,,,
XAXKUE,1,,,
XAXLAL,1,,,
XAYTEX,1,,,
XAZFUA,1,,,
XEBCAJ,1,,,
XEBCAM,1,,,
XEBDAN,1,,,
XEBGES,1,,,
XEBWUX,2,,,
XEBXAE,2,,,
XEBXEI,2,,,
XEBXIM,2,,,
XEBXOS,2,,,
XEBXUY,2,,,
XEBYAF,2,,,
XECRUT,1,,,
XECVEH,1,,,
XECVIL,1,,,
XECVOR,1,,,
XECVUX,1,,,
XECWAE,1,,,
XECWEI,1,,,
XEDFOD,1,,,
XEDFUJ,1,,,
XEDGAQ,1,,,
XEDSUV,1,,,
XEDVAE,1,,,
XEDWUA,1,,,
XEFFOF,1,,,
XEFNOL,1,,,
XEFTIP,1,,,
XEFTOV,1,,,
XEGBET,1,,,
XEGFAU,1,,,
XEGJIG,1,,,
XEGTUA,1,,,
XEGVAI,1,,,
XEGZEQ,1,,,
XEGZIU,1,,,
XEGZOA,1,,,
XEHBUJ,1,,,
XEHJIE,1,,,
XEHJOJ,1,,,
XEHJUP,1,,,
XEJGEZ,1,,,
XEJLIK,1,,,
XEJREJ,1,,,
XEKBAU,1,,,
XEKDEZ,1,,,
XEKDID,1,,,
XEKDUP,1,,,
XEKLUY,1,,,
XELCAW,1,,,
XELDEZ,1,,,
XELFAX,2,,,
XELFIF,1,,,
XEMDOJ,1,,,
XEMDUP,1,,,
XEMRIS,1,,,
XEMZOG,1,,,
XENMOW,1,,,
XENMUC,1,,,
XENWAQ,1,,,
XENZUO,1,,,
XEPJIO,1,,,
XEPJOU,1,,,
XEPJUA,1,,,
XEPTOC,1,,,
XEPWOI,1,,,
XEQHEI,1,,,
XERFOT,1,,,
XERQAN,1,,,
XESSIX,1,,,
XESSUJ,1,,,
XESSUJ02,1,,,
XETQAP,1,,,
XETYEC,1,,,
XETYON,1,,,
XETYUQ,1,,,
XETZAX,1,,,
XETZEB,1,,,
XEVHOY,1,,,
XEVJEQ,1,,,
XEVJOA,1,,,
XEVJUG,1,,,
XEVKAN,1,,,
XEVPIZ,1,,,
XEVPOF,1,,,
XEVYAZ,1,,,
XEWDAE01,2,,,
XEWDEK,1,,,
XEWDIO,1,,,
XEWDOU,1,,,
XEWFEM,1,,,
XEWPEW,1,,,
XEWQUL,1,,,
XEWVAZ,1,,,
XEWWUT,1,,,
XEXDUZ,1,,,
XEXKEQ,1,,,
XEXKEQ01,1,,,
XEXQOH,1,,,
XEXQOH01,1,,,
XEXVUS,1,,,
XEXYAA,1,,,
XEXYOR,1,,,
XEXZAE,1,,,
XEYJUJ,1,,,
XEYLAO,1,,,
XEZJUK,1,,,
XEZKIA,1,,,
XEZKOG,1,,,
XEZKUM,1,,,
XEZLAT,1,,,
XEZYEG,1,,,
XEZYIK,1,,,
XHPEKT10,1,,,
XIBDEV,2,,,
XIBGIY,1,,,
XIBGIY01,1,,,
XIBGOE,1,,,
XIBHEV,1,,,
XIBHOF,1,,,
XICBEQ,1,,,
XICBIU,1,,,
XICFIC,1,,,
XICMUR,1,,,
XIDDIY,1,,,
XIDDOE,1,,,
XIDMAB,1,,,
XIDPIK,1,,,
XIFVIT,1,,,
XIFWUF,1,,,
XIGDIB,1,,,
XIGLAA,1,,,
XIGLEE,1,,,
XIHLAD,1,,,
XIHPIR,1,,,
XIHPOX,1,,,
XIHPUD,1,,,
XIHQAK,1,,,
XIHQEO,1,,,
XIHQIS,1,,,
XIJYOG,1,,,
XIJYUM,1,,,
XIJZAT,1,,,
XILNEN,1,,,
XILNIR,1,,,
XIMCAX,1,,,
XIMCIJ,1,,,
XIMCOP,1,,,
XIMPIT,1,,,
XIMPOZ,1,,,
XIMPUF,1,,,
XIMQAL,1,,,
XIMQEP,1,,,
XIMTIY,1,,,
XIMXEW,1,,,
XIMXIA,1,,,
XIMXOG,1,,,
XINLAK,1,,,
XIPPAN,1,,,
XIQCAE,1,,,
XIQDOU,1,,,
XIQJEP,1,,,
XIQKUG,1,,,
XIQNET,1,,,
XIQNIX,1,,,
XIQNOD,1,,,
XIQPAR,1,,,
XIQPEV,1,,,
XIQPIZ,1,,,
XIQWON,1,,,
XIRJIT,1,,,
XIRJOZ,1,,,
XIRNIZ,1,,,
XIRWIE,1,,,
XISFIQ,1,,,
XISLIW,1,,,
XISQAV,1,,,
XISQID,1,,,
XISQOJ,1,,,
XISQUP,1,,,
XITCOW,1,,,
XITCUC,1,,,
XITDAJ,1,,,
XIVCIO,1,,,
XIVDUC,1,,,
XIVGAL,1,,,
XIVLIA,1,,,
XIVLOG,1,,,
XIVMUK01,1,,,
XIWCOV,2,,,
XIWCUB,2,,,
XIWDOW,1,,,
XIWFEO,1,,,
XIWJAR,2,,,
XIWJEV,2,,,
XIWXUX,1,,,
XIWYAE,1,,,
XIWYEI,1,,,
XIWYOS,1,,,
XIWYUY,1,,,
XIXJOF,1,,,
XIXLAV,1,,,
XIXLOH,1,,,
XIXNOK,1,,,
XIXQEB,1,,,
XIXQIF,1,,,
XIXVAB,1,,,
XIYPEE,1,,,
XIYPII,1,,,
XIZCIT,1,,,
XIZFOD,1,,,
XIZPUR,1,,,
XIZTAB,1,,,
XOBKUW,1,,,
XOBLIJ,2,,,
XOCPOW,1,,,
XOCSOZ,1,,,
XOCWIW,1,,,
XOCWOC,1,,,
XOCZAR,1,,,
XODDEA,1,,,
XODFEB,1,,,
XODSIT,1,,,
XOFBAV,1,,,
XOFGOR,1,,,
XOFVOH,1,,,
XOFVUN,1,,,
XOGHEK,1,,,
XOGHIO,1,,,
XOGLAK,1,,,
XOGPER,1,,,
XOGPIV,1,,,
XOHGOR,1,,,
XOHSES,1,,,
XOHTIX,1,,,
XOHWEZ,1,,,
XOHXUO,1,,,
XOHYAV,1,,,
XOHYEZ,1,,,
XOHYID,1,,,
XOHZIE,1,,,
XOJMUI,1,,,
XOLFOU,1,,,
XOLKAO,1,,,
XOLVED,1,,,
XOMGAH,1,,,
XOMHEM,1,,,
XOMKAM,1,,,
XOMKIT,1,,,
XOMLOB,1,,,
XOMNUK,1,,,
XOMTUS,1,,,
XOMYAZ,1,,,
XONMES,1,,,
XONMOC,1,,,
XONSOM,1,,,
XONSUS,1,,,
XONTAZ,1,,,
XOPJAP,1,,,
XOPMOI,1,,,
XOPMUO,1,,,
XOPNAV,1,,,
XOPNID,1,,,
XOPNOJ,1,,,
XOPNUP,1,,,
XOPPAX,1,,,
XOPPEB,1,,,
XOPPIF,1,,,
XOQGUJ,1,,,
XOQHAQ,1,,,
XOQHEU,1,,,
XOQHIY,1,,,
XOQKUM,1,,,
XOQKUM01,1,,,
XOQKUM02,1,,,
XOQKUM03,1,,,
XOQLAT,1,,,
XOQLAT01,1,,,
XOQLIB,1,,,
XOQMUM,1,,,
XOQTIJ,1,,,
XORFUJ,1,,,
XORGAQ,1,,,
XORXAF,1,,,
XORXIL,1,,,
XORZEJ,1,,,
XOSWAG,2,,,
XOSWEK,2,,,
XOSXEL,1,,,
XOSYAI,1,,,
XOTFAN,1,,,
XOTHEW,1,,,
XOTKOG,1,,,
XOTKUM,1,,,
XOTLEA,1,,,
XOTLIE,1,,,
XOTPAY,1,,,
XOTQED,1,,,
XOVFUL,1,,,
XOVGAS,1,,,
XOVGEW,1,,,
XOVWIQ,1,,,
XOVWOW,1,,,
XOVXAJ,1,,,
XOVXEN,1,,,
XOVXIR,1,,,
XOVXUB,1,,,
XOVYUF,1,,,
XOVZIS,1,,,
XOWTIM,1,,,
XOWTOS,1,,,
XOWWEL,1,,,
XOXZIX,1,,,
XOYVEM,1,,,
XOYWUH,1,,,
XOYXOC,1,,,
XTHTDO,1,,,
XUBDAA,1,,,
XUBDEE,1,,,
XUBFEG,1,,,
XUBVUL,1,,,
XUBWAS,1,,,
XUBWEW,1,,,
XUBWIA,1,,,
XUBXAT,1,,,
XUBYOI,1,,,
XUBZAV,1,,,
XUBZEZ,1,,,
XUCDEH,1,,,
XUCDOQ,1,,,
XUCMOY,1,,,
XUCPIX,1,,,
XUCWID,1,,,
XUDYIF,1,,,
XUFKOA,1,,,
XUFKUG,1,,,
XUFLAN,1,,,
XUFQEY,1,,,
XUFTOL,1,,,
XUFTUR,1,,,
XUFVAZ,1,,,
XUFVED,1,,,
XUFVIH,1,,,
XUFVON,1,,,
XUFWAA,1,,,
XUFWEE,1,,,
XUFWII,1,,,
XUFWOO,1,,,
XUGPIY,1,,,
XUGPOE,1,,,
XUGPUK,1,,,
XUGQAR,1,,,
XUGQEV,1,,,
XUGQOF,1,,,
XUGRAS,1,,,
XUGREA,1,,,
XUHFUF,1,,,
XUHMAQ,1,,,
XUHNOD,1,,,
XUHRUR,1,,,
XUHYUV,1,,,
XUJMAT,1,,,
XUJNAS,1,,,
XUKDIU,1,,,
XUKDOA,1,,,
XUKFAO,1,,,
XUKHET,1,,,
XUKHET01,1,,,
XUKHOD,1,,,
XUKKOD,1,,,
XUKQED,1,,,
XUKQIH,1,,,
XUKYAF,1,,,
XULNOK,1,,,
XULYEK,1,,,
XULZEJ,1,,,
XULZUD,1,,,
XULZUZ,1,,,
XUMNAY,1,,,
XUMPOM,1,,,
XUMPUS,1,,,
XUMWEK,1,,,
XUMWUA,1,,,
XUNCEP,1,,,
XUNCIT,1,,,
XUNCOB,1,,,
XUNDES,1,,,
XUNDUI,1,,,
XUNKEY,1,,,
XUNQAB,1,,,
XUNYEL,1,,,
XUNYOU,1,,,
XUPLUQ,1,,,
XUQHEZ,1,,,
XUQMOL,1,,,
XUQNIG,1,,,
XUQPEH,1,,,
XUQPIL,1,,,
XURPOS,1,,,
XURQAF,1,,,
XURWUC,1,,,
XUSDAQ,1,,,
XUSGOL,2,,,
XUSPOT,1,,,
XUSPUZ,1,,,
XUSSUD,1,,,
XUSVEN,1,,,
XUSVEN01,1,,,
XUSVIR,1,,,
XUSVOX,1,,,
XUSVUD,1,,,
XUSYAO,1,,,
XUSZIU,1,,,
XUSZOA,1,,,
XUSZUG,1,,,
XUTBAP,1,,,
XUTBET,1,,,
XUTBIX,1,,,
XUTBOD,1,,,
XUTBUJ,1,,,
XUTDUL,1,,,
XUTFOL,2,,,
XUTJUR,1,,,
XUTKAY,1,,,
XUTYEU,2,,,
XUTYEU01,2,,,
XUTYEU02,2,,,
XUTYEU03,2,,,
XUTYEU04,2,,,
XUTYIY,2,,,
XUTYOE,2,,,
XUTYUK,2,,,
XUTYUK01,2,,,
XUTYUK02,2,,,
XUTYUK03,2,,,
XUTYUK04,2,,,
XUTYUK05,2,,,
XUTYUK06,2,,,
XUTYUK07,2,,,
XUVBID,2,,,
XUVNIP,1,,,
XUVZIZ,1,,,
XUVZOF,1,,,
XUWGON,1,,,
XUWGUT,1,,,
XUWZAS,1,,,
XUWZEW,1,,,
XUXBUP,1,,,
XUXDUQ,1,,,
XUYBAX,1,,,
XUYDUT,2,,,
XUYFAB,2,,,
XUYFIJ,2,,,
XUYMIP,1,,,
XUYWUK,1,,,
XUZJAE,2,,,
XUZMIO,1,,,
XUZMOU,1,,,
XUZNAK,1,,,
XUZNEO,1,,,
YABFIU,2,,,
YABGAN,2,,,
YABGIV,2,,,
YABKAS,1,,,
YABLIY,1,,,
YABLOC,1,,,
YABXUV,1,,,
YABYAC,1,,,
YACGEQ,1,,,
YACGER,1,,,
YACGIU,1,,,
YACGOA,1,,,
YACGOB,1,,,
YACJAP,1,,,
YACVAB,1,,,
YACVEE,1,,,
YACVII,1,,,
YACWIK,1,,,
YADXIO,1,,,
YAFCOY,1,,,
YAFCUE,1,,,
YAFGOC,1,,,
YAFPEA,1,,,
YAFXUY,1,,,
YAGKOI,1,,,
YAGWAI,1,,,
YAGZIT,1,,,
YAHROP,1,,,
YAJHIA,1,,,
YAJMUV,1,,,
YAJNAC,1,,,
YAJNIK,1,,,
YAJPOR,1,,,
YAJTUC,1,,,
YAJWEM,1,,,
YAJYAK,1,,,
YAJYIV,1,,,
YAKBAO,1,,,
YAKBEU,1,,,
YAKMEG,1,,,
YAKMIK,1,,,
YAKNAD,1,,,
YAKNUW,1,,,
YAKXAN,1,,,
YAKXER,1,,,
YAKXOB,1,,,
YALNII,1,,,
YALTOV,1,,,
YALXEP,1,,,
YALXIT,1,,,
YALZUI,1,,,
YAMLOO,1,,,
YAMNAC,1,,,
YAMXIT,1,,,
YANBOF,1,,,
YANBUL,1,,,
YANZAS,1,,,
YANZEW,1,,,
YANZUI,1,,,
YAPFUU,1,,,
YAPNEK,1,,,
YAPNEK01,1,,,
YAPPEL,1,,,
YAQTUI,1,,,
YAQXET,1,,,
YARFON,1,,,
YARNOX,1,,,
YARNOX01,1,,,
YARQOA,1,,,
YARXIY,1,,,
YARYAR01,1,,,
YARYAR02,1,,,
YARYAR03,1,,,
YARYUP,1,,,
YARZAW,1,,,
YAVLAJ,2,,,
YAVMEQ,1,,,
YAVMIU,1,,,
YAVMOA,1,,,
YAVNER,1,,,
YAVQER,2,,,
YAVQIV,1,,,
YAVQOB,1,,,
YAVTEW,1,,,
YAWDEI,1,,,
YAWDIM,1,,,
YAXHAI,1,,,
YAXHOU,1,,,
YAXLOZ,1,,,
YAXLUF,1,,,
YAXMAM,1,,,
YAXMOA,1,,,
YAXPUJ,1,,,
YAXQAQ,1,,,
YAXQOE,1,,,
YAXXIG,1,,,
YAYMIY,1,,,
YAYNIZ,1,,,
YAZKOZ,1,,,
YAZMOF,1,,,
YAZVIG,1,,,
YAZXEG,2,,,
YEBFET,1,,,
YEBJAS,1,,,
YEBMAT,1,,,
YEBSIJ,1,,,
YEBYIO,1,,,
YEBZIP,1,,,
YECJAV,1,,,
YECJEZ,1,,,
YECJID,1,,,
YECJOJ,1,,,
YECJUP,1,,,
YECPED,1,,,
YECPIH,1,,,
YECPUS,1,,,
YECVAG,1,,,
YEDHIC,1,,,
YEDLAY,1,,,
YEDTIO,1,,,
YEDYAJ,1,,,
YEDYEN,1,,,
YEDYIR,1,,,
YEDYOX,1,,,
YEFFAU,1,,,
YEFJEZ,1,,,
YEGGEW,1,,,
YEGGIA,1,,,
YEGGOH,1,,,
YEGMIG,1,,,
YEGREL,1,,,
YEGRIP,1,,,
YEHSOV,1,,,
YEHTIR,1,,,
YEHVIQ,1,,,
YEHVIQ01,1,,,
YEJNEH,1,,,
YEJPEI,1,,,
YEJPOS,1,,,
YEKDIE,1,,,
YEKDIE01,1,,,
YEKDIE02,1,,,
YEKDOK,1,,,
YEKDUQ01,1,,,
YEKFAY,1,,,
YEKTAK,1,,,
YEKTEO,1,,,
YEKXES,1,,,
YEKXUK,1,,,
YEKYAR,1,,,
YELGIG,1,,,
YELYAS,1,,,
YELYEW,1,,,
YELYIA,1,,,
YELYOG,1,,,
YELYUM,1,,,
YELZAT,1,,,
YELZEX,1,,,
YELZIB,1,,,
YELZOH,1,,,
YELZUN,1,,,
YEMBAW,1,,,
YEMCIF,1,,,
YEMDEA,1,,,
YENDAY,1,,,
YENFEE,2,,,
YENFII,2,,,
YENFOO,2,,,
YENGOO,1,,,
YENQAN,1,,,
YENQIR,1,,,
YENVUI,1,,,
YENYUL,2,,,
YEPLEO,1,,,
YEPLIO,1,,,
YEPLIS,1,,,
YEPLOY,1,,,
YEPNIQ,1,,,
YEPQES,1,,,
YEPQIW,1,,,
YEPQOC,1,,,
YEPVIZ,1,,,
YEQBAY,1,,,
YEQDOO,1,,,
YERKOV01,1,,,
YESBON,1,,,
YESLIU,2,,,
YESNEP,1,,,
YESNIT,1,,,
YESNIX,1,,,
YESPUK,1,,,
YESQAR,1,,,
YESRIY,1,,,
YESXID,1,,,
YESXOJ,1,,,
YESXOJ10,1,,,
YESXUP,1,,,
YESXUP10,1,,,
YEVJAN,1,,,
YEVKAL,1,,,
YEVKIT,1,,,
YEVKIT01,1,,,
YEVKOZ,1,,,
YEVKUF,1,,,
YEVROK,1,,,
YEVWIJ,1,,,
YEWGUC,1,,,
YEWMUJ,1,,,
YEXBAF,1,,,
YEXFIU,1,,,
YEXGUD,1,,,
YEXMEX,1,,,
YEXMIB,1,,,
YEXMOH01,1,,,
YEXMUN,1,,,
YEXNAU,1,,,
YEXVEG,1,,,
YEYKOG,1,,,
YEYKUM,1,,,
YEYLAT,1,,,
YEYLEX,1,,,
YEYLIB,1,,,
YEYLOH,1,,,
YEYLUN,1,,,
YEYMAU,1,,,
YEYNEZ,1,,,
YEYNID,1,,,
YEYPAX,1,,,
YEYXAF,1,,,
YEZQOL,1,,,
YEZYOU,1,,,
YIBDAR,1,,,
YIBDEV,1,,,
YIBFIB,1,,,
YIBQOP,1,,,
YICNAZ,1,,,
YICPUY,1,,,
YIDQUZ,1,,,
YIDWEQ,1,,,
YIGWOC,1,,,
YIGWUI,1,,,
YIGXAP,1,,,
YIGXET,1,,,
YIGXIX,1,,,
YIHNAG,1,,,
YIHSUF,1,,,
YIJHOP,1,,,
YIJQEN,1,,,
YIKHEH,1,,,
YIKRER,1,,,
YIKRIV,1,,,
YIKTOF,1,,,
YIKVEX,1,,,
YIKVUN,1,,,
YIKWAU,1,,,
YILGEF,1,,,
YILJEK,1,,,
YILJIO,1,,,
YILJOU,1,,,
YILPUG,1,,,
YILVUO,1,,,
YILZOK,1,,,
YIMDOQ,1,,,
YIMDUU,1,,,
YIMNIS,1,,,
YIMPOZ01,1,,,
YINKOV,1,,,
YIPZII,1,,,
YIPZOO,1,,,
YIPZUU,1,,,
YIQBAD,1,,,
YIQZIL,1,,,
YIRLAQ,2,,,
YIRMAR,1,,,
YIRPUM,1,,,
YIRQAT,1,,,
YIRQEX,1,,,
YIRQIB,1,,,
YIRRIC,1,,,
YIRXOQ,1,,,
YIRZII,1,,,
YISDIP,1,,,
YISKIX,1,,,
YISKOC,1,,,
YISNIB,1,,,
YISNOH,1,,,
YISSUR,1,,,
YISTIH,1,,,
YISTON,1,,,
YISTUT,1,,,
YISVAB,1,,,
YISXEG,1,,,
YISZAD,1,,,
YITDEL,1,,,
YITFIR,1,,,
YITFOX,1,,,
YITMEW,1,,,
YITMIA,1,,,
YITTIH,1,,,
YITVUW,1,,,
YITZIO,2,,,
YIVFOZ,1,,,
YIVKIY,1,,,
YIVQAW,1,,,
YIVYOU,1,,,
YIWPON,1,,,
YIWPUT,1,,,
YIXFEQ,1,,,
YIXFIX,1,,,
YIXGIV,1,,,
YIXLUM,1,,,
YIXMIC,1,,,
YIXNIF,1,,,
YIZVIN,1,,,
YIZVOT,1,,,
YIZWIO,1,,,
YIZWOU,1,,,
YOCHUV,1,,,
YOCJAD,1,,,
YOCYAT,1,,,
YOCYAU,1,,,
YODMAJ,1,,,
YODMEN,1,,,
YOFBII,1,,,
YOFBOO,1,,,
YOFBUU,1,,,
YOFCOP,1,,,
YOFLEK,1,,,
YOFLIO,1,,,
YOFWAU,1,,,
YOFWEY,1,,,
YOFWIC,1,,,
YOGYOM,1,,,
YOGYUO,1,,,
YOGZAV,1,,,
YOHSUM,1,,,
YOHXEA,1,,,
YOJNUH,1,,,
YOJXAX,1,,,
YOJXUQ,1,,,
YOJZUU,1,,,
YOKCUX,1,,,
YOKKAL,1,,,
YOKNOB,1,,,
YOKNUH,1,,,
YOKTEY,1,,,
YOKTIC,1,,,
YOLCIP,1,,,
YOLDIM,1,,,
YOLLUI,1,,,
YOLMAP,1,,,
YOLRUM,1,,,
YOLRUO,1,,,
YOMTOJ,1,,,
YOMTOJ01,1,,,
YOMTOJ02,1,,,
YOMTOJ03,1,,,
YOMWAY01,1,,,
YOMZIJ,2,,,
YOPFOZ,1,,,
YOPFUF,1,,,
YOPGIU,1,,,
YOPWAC,1,,,
YOQGIW,1,,,
YOQTEH,1,,,
YOQTIL,1,,,
YOQTUX,1,,,
YORKUL,2,,,
YORLOK,1,,,
YORMIF,1,,,
YORMUR,1,,,
YORNEC,1,,,
YORNIG,1,,,
YOVRIO,1,,,
YOVVAG,1,,,
YOVVEK,1,,,
YOWFIZ,1,,,
YOWNAA,1,,,
YOWNUX,1,,,
YOXJIH,1,,,
YOXNIL,1,,,
YOXSUA,1,,,
YOZCAT,1,,,
YOZHEA,1,,,
YOZKUV,1,,,
YOZNAC,1,,,
YUBLIU,1,,,
YUBPET,1,,,
YUBPIX,1,,,
YUBPOD,1,,,
YUBPUJ,1,,,
YUBQAQ,1,,,
YUBRIW,2,,,
YUBTIB,1,,,
YUCLEO,1,,,
YUCLIS,1,,,
YUCLOY,1,,,
YUCLUE,1,,,
YUCMUI,1,,,
YUCNAP,1,,,
YUCNET,1,,,
YUCNIX,1,,,
YUCQET,1,,,
YUCVUP,1,,,
YUCWIE,1,,,
YUDFOV,1,,,
YUDVIE,1,,,
YUDXIE,1,,,
YUDYIH,1,,,
YUDYON,1,,,
YUDZEE,1,,,
YUDZII,1,,,
YUDZOO,1,,,
YUFMAQ,1,,,
YUFQAU,1,,,
YUGBIO,1,,,
YUGHOZ,1,,,
YUGXUX,1,,,
YUHWED,1,,,
YUHYUY,1,,,
YUHZAF,1,,,
YUHZEJ,1,,,
YUHZIN,1,,,
YUHZOT,1,,,
YUHZUZ,1,,,
YUJBEN,1,,,
YUJBUD,1,,,
YUJDEM,1,,,
YUJZAH,1,,,
YUJZEL,1,,,
YUKKUN,1,,,
YUKRIF,1,,,
YUKWAF,1,,,
YUKWEG,1,,,
YUKWIK,1,,,
YUKWUW,1,,,
YUKYEL,1,,,
YUKZOV,1,,,
YUKZUB,1,,,
YULBAK,1,,,
YULFES,1,,,
YULJOF,1,,,
YULMAU,1,,,
YULPOO,1,,,
YULSEG,1,,,
YULSII,1,,,
YULXAE,1,,,
YULYOW,1,,,
YULYUC,1,,,
YUMCOZ,1,,,
YUMNEZ,1,,,
YUNXEN,1,,,
YUNXOX,1,,,
YUNYUC,1,,,
YUNZAK,1,,,
YUNZEO,1,,,
YUPGEX,1,,,
YUPHAS,1,,,
YUPHEW,1,,,
YUPHIA,1,,,
YUPKEZ,1,,,
YUPLUS,1,,,
YUQRUB,1,,,
YURFID,1,,,
YURHAX,1,,,
YURHEB,1,,,
YURLAZ,1,,,
YURLED,1,,,
YURLIH,1,,,
YURLIH01,1,,,
YURLUT,1,,,
YURNAB,1,,,
YUSFIE,1,,,
YUSKUT,1,,,
YUSTAL,1,,,
YUSWER,1,,,
YUSXOA,1,,,
YUSXUG,1,,,
YUTDEW,1,,,
YUTFEB,1,,,
YUTFIC,1,,,
YUTFIF,1,,,
YUTFOL,1,,,
YUTWUH,1,,,
YUVGUV,1,,,
YUVKAF,1,,,
YUVYUK,1,,,
YUVYUK01,1,,,
YUVZIZ,1,,,
YUVZOF,1,,,
YUVZOI,1,,,
YUVZUO,1,,,
YUWBAX,1,,,
YUWJAF,1,,,
YUWJOT,1,,,
YUWLUX,1,,,
YUWTIU,1,,,
YUWTIW,1,,,
YUXDUS,1,,,
YUXFAA,1,,,
YUXJAE,1,,,
YUXKAG,1,,,
YUXKEI,1,,,
YUXKIM,1,,,
YUXKOR,1,,,
YUXKUX,1,,,
YUXMEJ,1,,,
YUYCAA,1,,,
YUYCOO,1,,,
YUYJUA,1,,,
YUYYEW,1,,,
YUYYOG,1,,,
YUZCOL01,1,,,
YUZFOS,1,,,
YUZNOW,1,,,
YUZNUC,1,,,
YUZRAQ,1,,,
YUZREU,1,,,
YUZRUH,1,,,
YUZSAO,1,,,
ZABJAR,1,,,
ZABJEV,1,,,
ZACDIT,1,,,
ZACMOF,2,,,
ZACPAX,1,,,
ZACYOW,1,,,
ZADJIX,1,,,
ZADKUK,1,,,
ZAFDIY,1,,,
ZAFDOE,1,,,
ZAGNEE,1,,,
ZAGPIK,1,,,
ZAGSEF,1,,,
ZAGSEJ,1,,,
ZAGTUB,2,,,
ZAGTUZ,1,,,
ZAGZOZ,1,,,
ZAHKAZ,2,,,
ZAHMOK,1,,,
ZAHMOK01,1,,,
ZAHPUY,1,,,
ZAJMAY,1,,,
ZAJMEC,1,,,
ZAJSAE,1,,,
ZAJZAO,1,,,
ZAKBOF,1,,,
ZAKHAU,1,,,
ZALDAR,1,,,
ZALHUP,1,,,
ZALJIF,1,,,
ZALJIF01,1,,,
ZALJIF02,1,,,
ZALJIF03,1,,,
ZALSEN,1,,,
ZALXES,1,,,
ZALXIW,1,,,
ZAMJIK,1,,,
ZAMQOW,1,,,
ZAMQUC,1,,,
ZAMREN,1,,,
ZAMRIR,1,,,
ZANHEF,2,,,
ZANLOS,1,,,
ZANLOS01,1,,,
ZAPDEZ,2,,,
ZAPROZ,1,,,
ZAPRUG,1,,,
ZAPSAN,1,,,
ZAPTUF,1,,,
ZAPTUF10,1,,,
ZAPZIZ,1,,,
ZAPZOF,1,,,
ZAQBOL,1,,,
ZAQPAI,1,,,
ZAQPEM,1,,,
ZAQPIQ,1,,,
ZAQPOW,1,,,
ZAQTEQ,2,,,
ZARBIF,1,,,
ZARFED,1,,,
ZARFED01,1,,,
ZARFIH,1,,,
ZARFON,1,,,
ZARFUT,1,,,
ZARJUB,1,,,
ZARQEO,1,,,
ZARTUH,1,,,
ZASPUG,1,,,
ZASXIE,1,,,
ZASXOK,1,,,
ZASXUQ,1,,,
ZAVLIT,1,,,
ZAVPOB,1,,,
ZAVPUH,1,,,
ZAVQES,1,,,
ZAVQIW,1,,,
ZAVSIY,1,,,
ZAVSUK,1,,,
ZAVVUN01,1,,,
ZAWMUI,1,,,
ZAWNAP,1,,,
ZAYMOD,1,,,
ZAZJAP,1,,,
ZAZJET,1,,,
ZAZNIZ,1,,,
ZAZRAV,1,,,
ZAZYOQ,1,,,
ZAZZAD,1,,,
ZEARLN01,1,,,
ZEARLN02,1,,,
ZEARLN04,1,,,
ZEBWIM,1,,,
ZEBWOS,1,,,
ZEBWUY,1,,,
ZEBZUE,1,,,
ZECJEZ,1,,,
ZECKEX,1,,,
ZECKEX10,1,,,
ZECRUW,1,,,
ZECVEL,1,,,
ZECVIP,1,,,
ZECVOV,1,,,
ZEDCIW,1,,,
ZEDYUF,1,,,
ZEDZAM,1,,,
ZEDZEQ,1,,,
ZEDZIU,1,,,
ZEDZOA,1,,,
ZEDZUG,1,,,
ZEFBAQ,1,,,
ZEFBEU,1,,,
ZEFBIY,1,,,
ZEFBOE,1,,,
ZEFBUK,1,,,
ZEFCAR,1,,,
ZEFJID10,1,,,
ZEFNAB,1,,,
ZEGFIE,1,,,
ZEGFOK,1,,,
ZEGFUQ,1,,,
ZEGGIE,1,,,
ZEGGOK,1,,,
ZEGNIL,1,,,
ZEHCEU,1,,,
ZEHMOR,1,,,
ZEHWIV,1,,,
ZEJKOR,1,,,
ZEJPAJ,1,,,
ZEJRIP,1,,,
ZEJZOD,1,,,
ZEJZUJ,1,,,
ZEKBIA,1,,,
ZELCAX,1,,,
ZELDIH,1,,,
ZELDON,1,,,
ZELFEB,1,,,
ZELFEB01,1,,,
ZELWIZ,1,,,
ZEMGEH,1,,,
ZEMZUQ,1,,,
ZENJIO,1,,,
ZENJOU,1,,,
ZENJUA,1,,,
ZENMUD,1,,,
ZENSIU,1,,,
ZENXEV,1,,,
ZEPHAG,1,,,
ZEPHEK,1,,,
ZEPHIO,1,,,
ZEPHOU,1,,,
ZEPHUA,1,,,
ZEPJAI,1,,,
ZEPVUO,1,,,
ZEQXOL,2,,,
ZEQXUR,2,,,
ZEQYAY,2,,,
ZEQYEC,2,,,
ZEQYIG,2,,,
ZEQYIG01,2,,,
ZEQZED,2,,,
ZEQZED01,2,,,
ZEQZON,2,,,
ZEQZUT,2,,,
ZERBEH,2,,,
ZERBUW,2,,,
ZERBUW01,2,,,
ZERBUW02,2,,,
ZERKAI,1,,,
ZERROH,1,,,
ZESCOT,1,,,
ZESGAH,1,,,
ZESGEL,1,,,
ZESGIP,1,,,
ZESNOE,1,,,
ZETFAI,1,,,
ZETMIX,1,,,
ZETMOD,1,,,
ZETMUJ,1,,,
ZETNIY,1,,,
ZETNOE,1,,,
ZETNUK,1,,,
ZETVUS,1,,,
ZEVBOR,1,,,
ZEVBUX,1,,,
ZEVCOV,1,,,
ZEVQEW,2,,,
ZEVYUX,1,,,
ZEWQOL,1,,,
ZEXLEV,1,,,
ZEXLIZ,1,,,
ZEXLOF,1,,,
ZEXLUL,1,,,
ZEXMAS,1,,,
ZEXMEW,1,,,
ZEYGAL,1,,,
ZEYXIM,1,,,
ZEZSIG,1,,,
ZIBVOX,1,,,
ZIBWAK,1,,,
ZIBWEO,1,,,
ZIBWIS,1,,,
ZIBWOY,1,,,
ZIBWUE,1,,,
ZIBXAL,1,,,
ZIBZET,1,,,
ZIBZOD,1,,,
ZICCIB,1,,,
ZICFIA,1,,,
ZICJIE,1,,,
ZICKAX,1,,,
ZIDSIQ,1,,,
ZIFJOQ,1,,,
ZIFTUD,1,,,
ZIGPEO,1,,,
ZIGQAH,1,,,
ZIGXAR,1,,,
ZIHXIA,1,,,
ZIJROC,1,,,
ZIJRUF,1,,,
ZIJTIY,1,,,
ZIKVOH,1,,,
ZIKVUN,1,,,
ZIKWAU,1,,,
ZIKWEY,1,,,
ZIKZEY,1,,,
ZIKZIC,1,,,
ZIKZOK,1,,,
ZIKZUQ,1,,,
ZILQAM,1,,,
ZIMJOX,1,,,
ZIMJOX01,1,,,
ZIMJOX02,1,,,
ZIMJOX03,1,,,
ZINGIM,1,,,
ZIPVAY,1,,,
ZIPVEC,1,,,
ZIPVIG,1,,,
ZIPVOM,1,,,
ZIPVUS,1,,,
ZIPXAA,1,,,
ZIRCIO,1,,,
ZIRYOS,1,,,
ZISFUE,1,,,
ZISGEP,1,,,
ZISGIT,1,,,
ZITDIR,1,,,
ZIVCIQ,1,,,
ZIVCOW,1,,,
ZIVMUQ,2,,,
ZIVPAV,1,,,
ZIVYIO,1,,,
ZIWLUM,1,,,
ZIWZAG,2,,,
ZIXCIS,1,,,
ZIXQUW,1,,,
ZIYBUI,1,,,
ZIYDOE,1,,,
ZIYXAK,1,,,
ZIZFIB,1,,,
ZIZGOE01,1,,,
ZOBNIQ,1,,,
ZOBNOW,1,,,
ZOBNUC,1,,,
ZOBPEO,1,,,
ZOBPOY,1,,,
ZOCMEM,1,,,
ZOCMIQ,1,,,
ZOCMOW,1,,,
ZOCNAJ,1,,,
ZOCNEN,1,,,
ZOCNUD,1,,,
ZOCQIT,1,,,
ZOCTUK,1,,,
ZOCWEW,1,,,
ZODGUY,1,,,
ZODPIV,1,,,
ZODROC,1,,,
ZODRUI,1,,,
ZODSAP,1,,,
ZODYUO,1,,,
ZOFLIT,1,,,
ZOFRAP,1,,,
ZOFWAS,1,,,
ZOFWOG,1,,,
ZOGRIW,1,,,
ZOHFIN,1,,,
ZOHFOT,1,,,
ZOHMAK,1,,,
ZOHMEO,1,,,
ZOHNEP,1,,,
ZOHPIZ,2,,,
ZOHSUO,1,,,
ZOHTAV,1,,,
ZOHTEZ,1,,,
ZOHTID,1,,,
ZOHVUR,1,,,
ZOHWEC,1,,,
ZOJKIU,1,,,
ZOJKIU01,1,,,
ZOJKIU02,1,,,
ZOJNAN,1,,,
ZOJQIB,1,,,
ZOJWEA,1,,,
ZOKNEV,1,,,
ZOKNIZ,1,,,
ZOKNUL,1,,,
ZOKTOL,1,,,
ZOLKIU,1,,,
ZOLKOA,1,,,
ZOLQIE,1,,,
ZOMHES,1,,,
ZOMHIW,1,,,
ZONRAV,1,,,
ZOPCUC,1,,,
ZOPDEN,1,,,
ZOPWOT,1,,,
ZOQPEE,1,,,
ZORBOB,1,,,
ZORBOB01,1,,,
ZORGAO,1,,,
ZORGES,1,,,
ZORGIW,1,,,
ZORGOC,1,,,
ZORGUI,1,,,
ZORKUM,1,,,
ZORPEF,2,,,
ZORXUZ,1,,,
ZOSCUF,1,,,
ZOSDAM,1,,,
ZOTDER,1,,,
ZOTRIM,1,,,
ZOTRIM01,1,,,
ZOVDOG,1,,,
ZOVFUP,1,,,
ZOVZUJ,1,,,
ZOWBAS,1,,,
ZOWBUI,1,,,
ZOWGAT,1,,,
ZOWGEX,1,,,
ZOWGUP,1,,,
ZOWREL,1,,,
ZOWTUA,1,,,
ZOXJOO,1,,,
ZOXLON,1,,,
ZOXRAI,1,,,
ZOXREM,1,,,
ZOXRIQ,1,,,
ZOXTUB,1,,,
ZOXVEN,1,,,
ZOYNEK,1,,,
ZOYVAM,1,,,
ZOYVAN,1,,,
ZOYVEQ,1,,,
ZOYVIU,1,,,
ZOYXEU,1,,,
ZOYYET,1,,,
ZOZPIR,1,,,
ZOZZIZ,1,,,
ZOZZOF,1,,,
ZUBBIH,1,,,
ZUBFOR,1,,,
ZUBFOR01,1,,,
ZUBQAQ,1,,,
ZUBQEU,1,,,
ZUBXEB,1,,,
ZUBXOL,1,,,
ZUCLIU,1,,,
ZUCPUK,1,,,
ZUCQEV,1,,,
ZUCQIZ,1,,,
ZUDCOU,1,,,
ZUDDIL,1,,,
ZUDHIS,1,,,
ZUDHUE,1,,,
ZUDJOA,1,,,
ZUDJUG,1,,,
ZUDRID,1,,,
ZUDROJ,1,,,
ZUFKIY,1,,,
ZUFMEV,1,,,
ZUFMIZ,1,,,
ZUFMOF,1,,,
ZUFQOI,1,,,
ZUFQOK,1,,,
ZUFWOQ,1,,,
ZUGMIB,1,,,
ZUGWUW,1,,,
ZUGXAD,1,,,
ZUGXEH,1,,,
ZUGXIL,1,,,
ZUGXOR,1,,,
ZUHLOF,1,,,
ZUHWOS,1,,,
ZUJYIO,1,,,
ZUJYOU,1,,,
ZUKTII,1,,,
ZUKTIK,1,,,
ZUKVAG,1,,,
ZUKZAG,1,,,
ZUKZEK,1,,,
ZUKZUA,1,,,
ZULHET10,1,,,
ZULLOJ,1,,,
ZUMKEZ,1,,,
ZUMLIC,1,,,
ZUMNOO,1,,,
ZUMRAA,2,,,
ZUMRII,2,,,
ZUNFEV,1,,,
ZUNMAY,1,,,
ZUNMEC,1,,,
ZUNNOL,1,,,
ZUNPUV,1,,,
ZUNQAC,1,,,
ZUNRUV,1,,,
ZUPFEX,1,,,
ZUPFOH,1,,,
ZUPFUN,1,,,
ZUPGAU,1,,,
ZUPQAE,1,,,
ZUQBUI,1,,,
ZUQNUX,1,,,
ZUTFUS,2,,,
ZUTPUZ,1,,,
ZUTQAG,1,,,
ZUTWET,1,,,
ZUTWIX,1,,,
ZUTWUJ,1,,,
ZUTXIY,1,,,
ZUTXOE,1,,,
ZUVKUW,1,,,
ZUVNIR,1,,,
ZUVQAL,1,,,
ZUVQEP,1,,,
ZUVYIC,1,,,
ZUVYOI,1,,,
ZUVYUO,1,,,
ZUWBAW,1,,,
ZUWBEA,1,,,
ZUWBIE,1,,,
ZUWBOK,1,,,
ZUWJUA,1,,,
ZUXFEH,1,,,
ZUXNAI,1,,,
ZUXNAI01,1,,,
ZUZQES,1,,,
ZUZYOI,1,,,
ZUZYUO,1,,,
ZZZIOM01,1,,,
ZZZLKY01,1,,,
ZZZMZM01,1,,,
BUYXIF,1,,,
DAVXAC,1,,,
DTCOPM,1,,,
EQITEF,1,,,
FACJOK,1,,,
FACJUQ,1,,,
HONVIR,1,,,
HONVOX,1,,,
NAHHUZ,1,,,
PUWFAR,1,,,
QEKCIW,1,,,
QOPMEO,1,,,
QUKRUM,1,,,
QUKSAT,1,,,
RAMSIK,1,,,
RAMSUW,1,,,
TIDZAH,1,,,
XEGSUY,1,,,
SOZXOU,1,,,
ACDHBA,1,,,
ACDMFM,1,,,
ACDMSM,1,,,
ACDPNP,1,,,
ACDPRO,1,,,
AFEFUM,1,,,
AFEGAT,1,,,
AGAZIR,1,,,
AGAZOX,1,,,
AGAZUD,1,,,
AJUVAC,1,,,
AJUVEG,1,,,
AKEPAJ,1,,,
APOXUY,1,,,
APUGOH,1,,,
ASIQOI,1,,,
ASIQUO,1,,,
ASIXAB,1,,,
ASUBAU,1,,,
ATEZII,1,,,
ATOMUR,1,,,
AVUDUS,1,,,
AWITIJ,1,,,
BADTAC,1,,,
BADTEG,1,,,
BAFBUF,1,,,
BAFCAM,1,,,
BAGCAQ,1,,,
BAHXIR,1,,,
BAJJAX,1,,,
BAJTUC,1,,,
BAMJOR,1,,,
BAWJOZ,1,,,
BAYXEE,1,,,
BCDEXD03,1,,,
BCDEXD04,1,,,
BCDEXD05,1,,,
BCDEXD10,1,,,
BEBJAT,1,,,
BEBNAX10,1,,,
BEBNEB10,1,,,
BEDKAX,1,,,
BEFDIA,1,,,
BEFDUM,1,,,
BEFJOL,1,,,
BEFLIK,1,,,
BEFWUG,1,,,
BEGSEM,1,,,
BEGSIQ,1,,,
BEGWEQ,1,,,
BETJUG,1,,,
BEVKAO,1,,,
BEVVAA,1,,,
BEYLOG,1,,,
BEZCIU,1,,,
BEZCOA,1,,,
BIDMOQ,1,,,
BIHJEH,1,,,
BIJHOR,1,,,
BISTAY,1,,,
BOBPEN,1,,,
BOGCAB,1,,,
BOHWUQ,1,,,
BONYOT,1,,,
BOPYOU,1,,,
BOSZEP,1,,,
BOYFOK03,1,,,
BOYFOK04,1,,,
BUDKEQ,1,,,
BUPDEV,1,,,
BUPDIZ,1,,,
BURXUI,1,,,
BURYAP,1,,,
BUVSEQ01,1,,,
BUVSEQ02,1,,,
CACQED,1,,,
CAKDIE,1,,,
CAKMEG,1,,,
CAMPIP,1,,,
CAMVEU,1,,,
CAMWAR,1,,,
CAQPAL,1,,,
CAQPEP,1,,,
CAZDAI,1,,,
CDETAN,1,,,
CDEXKR10,1,,,
CDEXTI10,1,,,
CECMAY10,1,,,
CECMAY11,1,,,
CECMEC10,1,,,
CECVIS,1,,,
CECVOY,1,,,
CEDKIF,1,,,
CEFWAM,1,,,
CEGZIX,1,,,
CEJWIX,1,,,
CEPKOX,1,,,
CEQCUW,1,,,
CEVPAU,1,,,
CHAIPL,1,,,
CHXAMH,1,,,
CHXAMH03,1,,,
CIFQAJ,1,,,
CIGLAG,1,,,
CIHHEH,1,,,
CIWMIE10,1,,,
CONQOP,1,,,
COYXAP10,1,,,
COYXET20,1,,,
COZDUR,1,,,
CUBVIG,1,,,
CUJVIO,1,,,
CULCAN,1,,,
CULCIV,1,,,
CUWQUG,1,,,
CUWVIX,1,,,
CUXDIJ,1,,,
CUXJUB,1,,,
CYCBOE10,1,,,
CYDXKR10,1,,,
CYDXPL,1,,,
DAKREM,1,,,
DAKRIQ,1,,,
DAKSEN,1,,,
DAKSEN10,1,,,
DAKSIR,1,,,
DAKSIR10,1,,,
DEBGOG,1,,,
DEJZUO,1,,,
DEMMIV,1,,,
DEWCOY,1,,,
DEWMEA,1,,,
DEWMIE,1,,,
DEWQEE,1,,,
DEZGIY,1,,,
DEZMIE10,1,,,
DEZMOK10,1,,,
DIFHOP,1,,,
DIRVOP,1,,,
DIVTUA,1,,,
DIZVEN,1,,,
DIZZOB,1,,,
DOCVUM04,1,,,
DOCVUM06,1,,,
DOCVUM07,1,,,
DOCVUM08,1,,,
DOCVUM09,1,,,
DOCVUM10,1,,,
DOCVUM11,1,,,
DOCYID,1,,,
DOGGAH,1,,,
DOHKES,1,,,
DOHLET,1,,,
DOLDEP,1,,,
DOQPOO,1,,,
DOQPUU,1,,,
DORLEC,1,,,
DOXWOC,1,,,
DUCMOF,1,,,
DUCMUL,1,,,
DUCNAS,1,,,
DUCNEW,1,,,
DUTLIN10,1,,,
EBAWEJ,1,,,
EBUBIO,1,,,
EDELIK,1,,,
EDIDIF,1,,,
EDUGAO,1,,,
EFINOW,1,,,
EHAYUL,1,,,
EHUZEQ,1,,,
EJIRUO,1,,,
EKOGUG,1,,,
EMIWAB,1,,,
EPANIT,1,,,
EPAZUR,1,,,
EQIBOY,1,,,
ERAJOW,1,,,
EVEGOD,1,,,
EVOFAZ,1,,,
EYAQAX,1,,,
EZAVOQ,1,,,
FAFPIL,1,,,
FAHDOH,1,,,
FAQVOM,1,,,
FASXUS,1,,,
FAZKEW,1,,,
FAZKEW10,1,,,
FEDKOO,1,,,
FEDKUU,1,,,
FEGLIM,1,,,
FEMXIE,1,,,
FENZUT,1,,,
FETFEP,1,,,
FETFEP10,1,,,
FEXBOA,1,,,
FEXBUG,1,,,
FICJIM,1,,,
FIKWAX01,1,,,
FINPOH,1,,,
FIPYUC,1,,,
FISSAC,1,,,
FODBIK,1,,,
FOYVEU,1,,,
FOYVIY,1,,,
FUBSIG,1,,,
FULVEN,1,,,
FULVIR,1,,,
FUTKIP,1,,,
GAHSAM,1,,,
GAKPOA,1,,,
GARGUF,1,,,
GEDPAI,1,,,
GEJDEG,1,,,
GEJMAL,1,,,
GEJPOC,1,,,
GEKNUH,1,,,
GEKRUK,1,,,
GEKWIF,1,,,
GEKWOL,1,,,
GELKEN,1,,,
GELKEN10,1,,,
GETLUN,1,,,
GETPAW,1,,,
GETPEA,1,,,
GEVTOQ,1,,,
GEWZUH,1,,,
GILCAF,1,,,
GIPZEL,1,,,
GOCWIG,1,,,
GOLYEN,1,,,
GOSQOU,1,,,
GOTMUZ,1,,,
GOZHOV,1,,,
GUMYOE,1,,,
GUNYOD,1,,,
GUXZOO,1,,,
HACYIU,1,,,
HADYAQ,1,,,
HADYEU,1,,,
HADYIY,1,,,
HAGMOS,1,,,
HAJPAK,1,,,
HAKQAN,1,,,
HALTEU,1,,,
HAXMUO,1,,,
HAYZUG,1,,,
HAZKUQ,1,,,
HEBBUL,1,,,
HEGXUM,1,,,
HEZWAK,1,,,
HEZWAK02,1,,,
HIHJOA,1,,,
HIMNEX,1,,,
HIVRIN,1,,,
HORGED,1,,,
HOTZOG,1,,,
HUFZAL,1,,,
HUJBUK,1,,,
HUKSOX,1,,,
IBOVAX,1,,,
ICUFOB,1,,,
IDEGUT,1,,,
IDEHAA,1,,,
IKEWUT,1,,,
INURER,1,,,
IQOZIX,1,,,
ISAVON,1,,,
ISAWEE,1,,,
ISAWII,1,,,
ITATAB,1,,,
IXEYIT,1,,,
IXEYIT01,1,,,
IZALEB,1,,,
JACJUS,1,,,
JAKRIW,1,,,
JANWOO,1,,,
JEJWOK,1,,,
JEJXAX,1,,,
JEMVIG,1,,,
JIFFOT,1,,,
JIFFUZ,1,,,
JOKYAL,1,,,
JORSEO,1,,,
JOSWOD,1,,,
JUCFOF,1,,,
JUMYOF,1,,,
JUMYUL,1,,,
JUPJUZ,1,,,
JUWFIT,1,,,
KAFFUS10,1,,,
KAFGAZ10,1,,,
KAJFAC,1,,,
KAJFAC01,1,,,
KAPXOP,1,,,
KAPXUV,1,,,
KECVEX,1,,,
KEMZIN,1,,,
KEQYEK,1,,,
KESQEF,1,,,
KESQOP,1,,,
KESROT,1,,,
KIFPAQ,1,,,
KIJNID,1,,,
KIJQOK,1,,,
KIRJOK10,1,,,
KOFJEU,1,,,
KOGSEE,1,,,
KOGSEF,1,,,
KOMWIV,1,,,
KORMAH,1,,,
KOWYAW,1,,,
KOYYUS,1,,,
KUFHOI,1,,,
KUNYAT,1,,,
KUTKOZ,1,,,
LACDIC,1,,,
LADBAV,1,,,
LAHZAV,1,,,
LALFOT,1,,,
LEDROB,1,,,
LEDRUH,1,,,
LIBQUI,1,,,
LIJYAE01,1,,,
LILLUN,1,,,
LINLID,1,,,
LIYTAR,1,,,
LOHPUT,1,,,
LOTCIK,1,,,
LUHFED,1,,,
LUHPAJ,1,,,
LURHAI,1,,,
LUXLAU,1,,,
MACCUP,1,,,
MACDAW,1,,,
MASBAJ,1,,,
MASBIR,1,,,
MASBOX,1,,,
MAXTOW,1,,,
MEBYID01,1,,,
MEFPOG,1,,,
MEJSAV,1,,,
MESYAK,1,,,
MESYEO,1,,,
MEWFUP,1,,,
MEYHON,1,,,
MIPMOO,1,,,
MIQYUG,1,,,
MNPOCA01,1,,,
MOBTON,1,,,
MOCMOH,1,,,
MOJZIV,1,,,
MOJZOB,1,,,
MOJZUH,1,,,
MOWKIS,1,,,
MUCYIU,1,,,
MUNHEJ,1,,,
MUXBIT,1,,,
MUXVOR,1,,,
NAJJAK,1,,,
NATFET,1,,,
NATTAF,1,,,
NEDDUV,1,,,
NETKUS,1,,,
NINKUQ,1,,,
NITSIS,1,,,
NIWJIM,1,,,
NIWJIM01,1,,,
NOBBOV,1,,,
NOBBOV01,1,,,
NOBBOV03,1,,,
NOBBUB,1,,,
NOBBUB01,1,,,
NOHNED,1,,,
NOHNED01,1,,,
NOHNED02,1,,,
NOHNED03,1,,,
NOJPAD,1,,,
NOJPEH,1,,,
NOKZOC,1,,,
NOLBAR,1,,,
NUFTUE,1,,,
NUJCOK,1,,,
NULJOW,1,,,
NULKAJ,1,,,
NUNRIX,1,,,
NUPGOU,1,,,
ODEJOW,1,,,
OGEPUP,1,,,
OGIVEF,1,,,
OHIZUB,1,,,
OHOGIB,1,,,
OKAQAT,1,,,
OLUYAW,1,,,
OSECIB,1,,,
OXIMIS,1,,,
OYAPAG,1,,,
OYAPIO,1,,,
PABBID,1,,,
PABNEM,1,,,
PACHUX,1,,,
PAFSOE,1,,,
PAFYIG,1,,,
PAJDEL,1,,,
PAYZEU,1,,,
PAZHAB,1,,,
PELYAG,1,,,
PEMRAA,1,,,
PIDBIN,1,,,
PIJGIY,1,,,
PIJGOE,1,,,
PIRDEZ,1,,,
PIWMAJ,1,,,
PIWTIZ,1,,,
PIZHOY,1,,,
POBRON,1,,,
POBRON01,1,,,
POHXUG,1,,,
POKREO,1,,,
POPTIX,1,,,
POVSIC,1,,,
PUKPIU,1,,,
PUKPOA,1,,,
PUPTEZ,1,,,
QACCEE,1,,,
QACXEX,1,,,
QAFBAC,1,,,
QAFBOQ,1,,,
QAJGUH,1,,,
QAJHES,1,,,
QAKNUL,1,,,
QAKVED,1,,,
QAPKEX,1,,,
QAYXAP,1,,,
QAYXET,1,,,
QISQIS,1,,,
QIYKEO,1,,,
QIZMES,1,,,
QUHRUI,1,,,
RACVIA01,1,,,
RAKCAJ,1,,,
RAKCAJ01,1,,,
RASVUF,1,,,
RAWTOY,1,,,
RAXJAB,1,,,
REWKOU,1,,,
REZXEZ,1,,,
ROCVEK,1,,,
ROMHAE,1,,,
RONXUN,1,,,
ROQVOI,1,,,
ROQVUO,1,,,
ROQWAY,1,,,
RUKPOE,1,,,
SAKKAQ,1,,,
SEBWAX,1,,,
SEBWEB,1,,,
SEGNUN,1,,,
SEGREB,1,,,
SEGREB01,1,,,
SEKBEP,1,,,
SEVBIF,1,,,
SIBJAO,1,,,
SIBJES,1,,,
SIGHOF02,1,,,
SISZID,1,,,
SOBGOG,1,,,
SOGQUA,1,,,
SOGWIU,1,,,
SOJZUM,1,,,
SOKGEG,1,,,
SORQUO,1,,,
SUBRIT,1,,,
SUBSIV,1,,,
SUBXES,1,,,
SUFZUO,1,,,
SUVLEA,1,,,
SUYLAZ,1,,,
SUYLED,1,,,
SUYLIH,1,,,
SUYLON,1,,,
SUZNUW,1,,,
TACXAY,1,,,
TACXEC,1,,,
TADGOU,1,,,
TARNIK,1,,,
TASXAO,1,,,
TAYVEU,1,,,
TECYIJ,1,,,
TEFLUP,1,,,
TEMCIX,1,,,
TENLED,1,,,
TEVCAY,1,,,
TEVCEC,1,,,
TEVCUS,1,,,
TEVZID01,1,,,
TEZZUV,1,,,
TIBBAJ,1,,,
TIBBEN,1,,,
TIJFID,1,,,
TIZVEE,1,,,
TMTUBC,1,,,
TOMNEO,1,,,
TOMNIS,1,,,
TONFOR,1,,,
TOVLOF,1,,,
TUBDEZ,1,,,
TUCMEJ,1,,,
TUKHEN,1,,,
TUSHEV,1,,,
TUSHIZ,1,,,
TUSHUL,1,,,
TXHBNP,1,,,
UCEZOU,1,,,
UCEZUA,1,,,
UCIZOV,1,,,
UDAHAJ,1,,,
UDAWUR,1,,,
UDULIO,1,,,
UMUJOE,1,,,
UNIFAY,1,,,
UNISOC,1,,,
UWUFAU,1,,,
UYIKAP,1,,,
VACZIJ,1,,,
VADNET,1,,,
VANCMN,1,,,
VASQIQ,1,,,
VEKKOL,1,,,
VEKKOM,1,,,
VEKKUR,1,,,
VERVET,1,,,
VEVYEA,1,,,
VEWNOE,1,,,
VIJMAD,1,,,
VIJXAN10,1,,,
VIMSAN,1,,,
VIXDUC,1,,,
VIXFAK,1,,,
VIXFEO,1,,,
VIXFIS,1,,,
VIXFOY,1,,,
VOFJUW,1,,,
VOFKAD,1,,,
VOFKIL,1,,,
VOHVIX,1,,,
VOHWOE,1,,,
VOQDOU,1,,,
VOQDUA,1,,,
VOWYUB,1,,,
VOYSIL,1,,,
VOYSOR,1,,,
VUXTOY,1,,,
WAGHAN,1,,,
WAGHAN01,1,,,
WAGLOG,1,,,
WARHAC,1,,,
WEGCEU,1,,,
WEJWOX,1,,,
WEJWUD,1,,,
WEMSOW,1,,,
WEXKOZ,1,,,
WEXLEQ,1,,,
WILJAC,1,,,
WILNOU,1,,,
WILNUA,1,,,
WILTIY,1,,,
WIMDAX,1,,,
WIVYEF,1,,,
WODTOB,1,,,
WOLKAM,1,,,
WOQCEK,1,,,
XAGHES,1,,,
XAQJII,1,,,
XASDUR,1,,,
XASFAZ,1,,,
XASLOU,1,,,
XAZPOD,1,,,
XEFLIE,1,,,
XERSOC,1,,,
XERTAP,1,,,
XERTET,1,,,
XIBHIA,1,,,
XIGBOE,1,,,
XIRWOK,1,,,
XIYDIS,1,,,
XIYSAZ,1,,,
XOLKAM,1,,,
XONPUL,1,,,
XOPKAR,1,,,
XOPTED,1,,,
XUDGEJ,1,,,
XUMTOO,1,,,
XUXFIF,1,,,
YAGPAB,1,,,
YAGVIL,1,,,
YAGVIL01,1,,,
YALMIJ,1,,,
YEGROR,1,,,
YEGWOX,1,,,
YIYSII,1,,,
YIYSOO,1,,,
YOKLOD,1,,,
YONTAW,1,,,
YORREC,1,,,
YOVVIO,1,,,
YOVVIO01,1,,,
YUFPIY,1,,,
YUFTEC,1,,,
YUWLOR,1,,,
YUWMAE,1,,,
YUWMEI,1,,,
YUWMEI01,1,,,
YUXJUA,1,,,
ZABREZ,1,,,
ZAHKUO,1,,,
ZASWEV,1,,,
ZASYOH,1,,,
ZAXREV,1,,,
ZEBYEK,1,,,
ZERQOC,1,,,
ZIBHIB,1,,,
ZIFQOU,1,,,
ZIGZIY,1,,,
ZOKFIR,1,,,
ZOSQED,1,,,
ZOSQED01,1,,,
ZOSQED02,1,,,
ZULQAY,1,,,
ZUTBIZ,1,,,
ZUZXOH,1,,,
ACIYOC,1,,,
ALEJIO,1,,,
BAQWUO,1,,,
BEYCIV,1,,,
BUDHEQ,1,,,
BUGLUK,1,,,
BUYLUF,1,,,
CAYGOC,1,,,
CENXOM,1,,,
CEWFAP,1,,,
CIGRIX,1,,,
CIZFID,1,,,
COSREL,1,,,
COVTEQ,1,,,
CUXJOX,1,,,
DAYWIL,1,,,
DOQYUG,1,,,
ECEFOJ,1,,,
ESIGUK,1,,,
ESIHEV,1,,,
ESIHUL,1,,,
FEWDIY,1,,,
FEWFIA,1,,,
FEWFOG,1,,,
FEWGAT,1,,,
FEWGEX,1,,,
FUSBED,1,,,
FUZQID,1,,,
GEMWED01,1,,,
GEMWUT,1,,,
GEXHUO,1,,,
GOBHAK,1,,,
GUJQIP,1,,,
GUJQOV,1,,,
HIYDIF,1,,,
HUFRAF,1,,,
HUZHUJ,1,,,
IGEHOU,1,,,
ILABOM,1,,,
IMAJAJ,1,,,
IMOTUC,1,,,
INOLAZ,1,,,
IVOLAJ,1,,,
JUVNEX,1,,,
KADSAO,1,,,
KADSES,1,,,
KOHWAJ,1,,,
KOHWIR,1,,,
KOHWOX,1,,,
KOVNAN,1,,,
KOVYUR,1,,,
KOVYUR01,1,,,
LASXEM,1,,,
LASYEN,1,,,
LICBEE01,1,,,
LIQHOM,1,,,
LOCJOG,1,,,
LUWLUO,1,,,
MAFQER,1,,,
MANLIA,1,,,
MAWJED,1,,,
MIZROG,1,,,
MIZRUM,1,,,
MOVSUL,1,,,
NECJOY,1,,,
NIKGAS,1,,,
NUHGOQ,1,,,
NUMNES,1,,,
NUQSIF,1,,,
NUQSOL,1,,,
OBUPAG,1,,,
OKICOC,1,,,
OMAGOA,1,,,
PEHMOH,1,,,
PEVCIG,1,,,
POYKEW,1,,,
PUFSAN,1,,,
QUCZOF,1,,,
QUYCOF,1,,,
REFHAP,1,,,
ROKBAW,1,,,
SALGAS,1,,,
SANNUT,1,,,
SOGSIQ,1,,,
SOGTUD,1,,,
TATHEB,1,,,
TAVLOU01,1,,,
TISPAM,1,,,
TOZFOG,1,,,
URUMUS,1,,,
URUNED,1,,,
USOVIK,1,,,
VITYEC,1,,,
VOHGIL,1,,,
VUCQOD,1,,,
VUNGOE,1,,,
WONBAF,1,,,
XAJLOO,1,,,
XEJRAF,1,,,
XERJAH,1,,,
XERJEL,1,,,
XINQUI,1,,,
XOVTAH,1,,,
YABWED,1,,,
YEKHUV,1,,,
YERNER,1,,,
YERTAT,1,,,
YIMDAD,1,,,
YIMPOA,1,,,
YIMPUG,1,,,
YIWFOC,1,,,
ZAYCUB,1,,,
ZEWYAE,1,,,
ZILSIA,1,,,
AHOYEB,1,,,
JIXKAG,1,,,
LUZZUB,1,,,
NUCLOM,1,,,
NUGXAO,1,,,
OGOMEC,1,,,
SUPMEV,1,,,
SUPSIF,1,,,
VEPGUV,1,,,
VESHAD,1,,,
ACERUZ,1,,,
ADAJEU,1,,,
AMANCW,1,,,
ARAZUQ,1,,,
BAFZEN,1,,,
BIJWAS,1,,,
BIZMUU,1,,,
BIZVEN,1,,,
BIZVIR,1,,,
BOBQOY,1,,,
BOBZAT,1,,,
BODJOT,1,,,
BOHWEA,1,,,
BOVPOR,1,,,
BOVYET,1,,,
BUMLEA,1,,,
BUVTIZ,1,,,
CENHAE01,1,,,
CENJAG,1,,,
CISSAA,1,,,
COBTOC,1,,,
COBTOC10,1,,,
COCLOV,1,,,
COHZII,1,,,
COHZUU,1,,,
COYBOH,1,,,
CUCMOC,1,,,
CUCMUI,1,,,
DAWYOP,1,,,
DBDVBM,1,,,
DEKTUI10,1,,,
DESHEO,1,,,
DIKHEK,1,,,
DIWMOL10,1,,,
DKHOOD,1,,,
DOBMEN,1,,,
DOGXON,1,,,
EWAYEJ,1,,,
FAHHUR,1,,,
FAHHUR01,1,,,
FAPLEO,1,,,
FIDYAS,1,,,
FOPGAS10,1,,,
FUFMEZ,1,,,
FUNTAJ,1,,,
FUWWOL,1,,,
GABTIM,1,,,
GIJNAO,1,,,
GUANCW,1,,,
GUBHIU,1,,,
HEFCUU01,1,,,
HEFCUU02,1,,,
HOSLUX,1,,,
HOSMEI,1,,,
HOSMOS,1,,,
HOXBSA,1,,,
HOYWOJ01,1,,,
HUDJAR,1,,,
HUMTUE,1,,,
ITOBAW,1,,,
JEMWAZ,1,,,
JEMWED,1,,,
JIBNUD,1,,,
KEGXUP,1,,,
KEGZUR,1,,,
KICCII,1,,,
KOKLOL,1,,,
KOPBID,1,,,
LACKAB,1,,,
LAHQEU,1,,,
LAHQEU01,1,,,
LDOXVL10,1,,,
LEKYIJ01,1,,,
LEMYUX,1,,,
LEMZAE,1,,,
LEMZAE01,1,,,
LEMZEI,1,,,
LEPYIO,1,,,
LIFBEH,1,,,
MAGXAU,1,,,
MEGMAM,1,,,
NABPOX,1,,,
NIDBEL01,1,,,
NIDBIP01,1,,,
NIKKUN,1,,,
NIWJUA,1,,,
NUNQAO,1,,,
NUXJUL,1,,,
OBEDOO,1,,,
OGINIE,1,,,
PAVPUX,1,,,
PIYMOD01,1,,,
PIYMOD02,1,,,
POKKOS,1,,,
QOBJAS,1,,,
QOBJEW,1,,,
QUQREC01,1,,,
QUQWAD,1,,,
RACYOJ,1,,,
RAVJOO,1,,,
REKXEL,1,,,
RIHKUS,1,,,
RIHPEH,1,,,
SAFZII,1,,,
SEKXEL,1,,,
SOVJIW,1,,,
SOVJOC,1,,,
SOVXOT,1,,,
TESFUS01,1,,,
TESGAZ01,1,,,
THYMEA10,1,,,
TONFIL,1,,,
TUCMIN,1,,,
TUJKAN,1,,,
TUSPEC,1,,,
UZUKOQ,1,,,
VAHMAS,1,,,
VIPRAN,1,,,
VIPRAN10,1,,,
VITWIE,1,,,
VOKQUH,1,,,
VUQZAJ,1,,,
WASJAD,1,,,
XATKUB01,1,,,
XOBWUI,1,,,
XOMCAD,1,,,
XOWPAE,1,,,
YIQZUX,1,,,
ZABRAV,1,,,
ZAGGIX,1,,,
ZAGGOD,1,,,
ZAJKOK,1,,,
ZAPHUT01,1,,,
ZAQMAH,1,,,
ZIJQOY,1,,,
ZIVMAS,1,,,
ZOBBEX,1,,,
ZOBCIC,1,,,
ZOBCOI,1,,,
FAMPES,1,,,
IKIHOD,1,,,
AAGAGG10,1,,,
AMOFER,1,,,
ANEJIO,1,,,
ANTAHC10,1,,,
APUSAG,1,,,
BANWAO01,1,,,
BAZQAU,1,,,
BEHXAO,1,,,
BEXNAT,1,,,
BICKON,1,,,
BIXPAZ10,1,,,
BODHEH,1,,,
BOHFEJ,1,,,
BOQRUU,1,,,
BOUVAR,1,,,
BOZBIC,1,,,
BRAXGU,1,,,
BUFKIY,1,,,
BUNYEO10,1,,,
BUVKIM,1,,,
BUVKOS01,1,,,
CACYEK,1,,,
CACYEK10,1,,,
CAZSEB,1,,,
CDILIH10,1,,,
CGDLLL10,1,,,
CGLEGL,1,,,
CGLPGL,1,,,
CHPSAR,1,,,
CLPGDH,1,,,
COGHUC,1,,,
COMMUM,1,,,
CORJAU,1,,,
COSARC10,1,,,
CTILIH10,1,,,
CTVHVH,1,,,
CUDTEC,1,,,
CUQSAI,1,,,
CUQYUI,1,,,
CYCAPP,1,,,
CYDGPA,1,,,
CYHEXG,1,,,
DASXIE,1,,,
DEPJIS,1,,,
DESYIJ,1,,,
DEWFEQ,1,,,
DEXJEX,1,,,
DOFLUJ,1,,,
DOFMOE,1,,,
DUKDUI,1,,,
DUKDUI10,1,,,
DUNLON,1,,,
DUPFAV,1,,,
EJOYEH,1,,,
EJOYIL,1,,,
EKOLUL,1,,,
EVAPUM,1,,,
FADQOQ,1,,,
FADQUW,1,,,
FAPYEC,1,,,
FAPYIG,1,,,
FAZJUL,1,,,
FAZJUL11,1,,,
FEXZEO,1,,,
FEXZIS,1,,,
FILPEW,1,,,
FOLWOT,1,,,
GAGDIB,1,,,
GAJDUQ,1,,,
GAJFAY,1,,,
GGAAGG,1,,,
GIPKAR10,1,,,
GOCJEP,1,,,
GOKSEE,1,,,
GONCER,1,,,
GONXOA,1,,,
GUHGIZ,1,,,
HEBKUU,1,,,
HEZDID,1,,,
HIYHOM,1,,,
HIYLEK,1,,,
HOZGOU,1,,,
ICIVUO,1,,,
ILAMYC,1,,,
JEHMAK,1,,,
JOZZUT,1,,,
JUJHUR,1,,,
JUVJAL10,1,,,
KETZOB,1,,,
KINBAK,1,,,
LEPMOJ,1,,,
LERGUO,1,,,
LERHUP,1,,,
LERJEB,1,,,
LERPIL,1,,,
LERQAE,1,,,
LERQEI,1,,,
LERQIM,1,,,
LERRAF,1,,,
LERROT,1,,,
LERSEK,1,,,
LERSUA,1,,,
LERTOV,1,,,
LERVIR,1,,,
LICSOF,1,,,
LOWGOT,1,,,
LOWHAG,1,,,
LOWHAG01,1,,,
LUQSAS,1,,,
MEALVL10,1,,,
MEALVL20,1,,,
MESGID,1,,,
MOQMAH,1,,,
NIVQOZ,1,,,
NIWHEH,1,,,
NIYDUX,1,,,
NUDWIS,1,,,
NUKFII,1,,,
NUPREZ,1,,,
NUPRUP,1,,,
OFUDUR,1,,,
OHIFIU,1,,,
OHUXIY,1,,,
OXAYES,1,,,
PAANTD,1,,,
PAANTD01,1,,,
PAPRVA,1,,,
PEFTEA,1,,,
PEMLAU,1,,,
PICXEH,1,,,
PIJPAZ,1,,,
POGKEB,1,,,
POGKEB01,1,,,
POHMUU,1,,,
PVANTS,1,,,
QEMCAM,1,,,
QOPXAW,1,,,
QQQARD10,1,,,
QUWTOV,1,,,
RACKAH01,1,,,
RAGFOX,1,,,
REDMIA,1,,,
REHYIN,1,,,
REQXUH,1,,,
REQYAO,1,,,
REQYIW,1,,,
RIRBID,1,,,
RIWZIJ,1,,,
RIXBAE,1,,,
RUGDUS,1,,,
SAFREW,1,,,
SARVIP,1,,,
SAVBOG,1,,,
SEJHEU,1,,,
SIKMUU10,1,,,
SIMVIT,1,,,
SIZJUG,1,,,
SONCOO,1,,,
SOTFEQ,1,,,
SUNVIK,1,,,
SUQNUN,1,,,
TEZGUA01,1,,,
TSQRRR10,1,,,
TULSAX,1,,,
UCUDEC,1,,,
UGOWET,1,,,
UGOWIX,1,,,
VAFPEX,1,,,
VALINM30,1,,,
VALINO,1,,,
VARGEB,1,,,
VEDJIX,1,,,
VEDJUJ,1,,,
VEGROO,1,,,
VEJGUO,1,,,
VENXER,1,,,
VEZZIK,1,,,
VHVIMH10,1,,,
VIXQAU,1,,,
VOKBIG,1,,,
VOKBOM,1,,,
VOYZOY,1,,,
VPGVGB10,1,,,
WOVKAX,1,,,
XAWRAO,1,,,
XENNAG,1,,,
XEYJOD,1,,,
XINPAN,1,,,
XIWDUC,1,,,
XOPZEH,1,,,
YAGKOG,1,,,
YICMUS,1,,,
YILMUB,1,,,
YODVEV,1,,,
YOMNOE,1,,,
YUPBAN,1,,,
YUSSIR,1,,,
ZADREB,1,,,
ZADRIF,1,,,
ZASQOZ,1,,,
ZAZQIA,1,,,
ZAZSUS,1,,,
ZOFSOC,1,,,
ZOHMIS,1,,,
ZORRED,1,,,
ZUKRAY,1,,,
BEWKOE,1,,,
NOLKAE,1,,,
BONJAQ,1,,,
IPULIQ,1,,,
JOJJIB,1,,,
KIYPEO,1,,,
SUCLOV,1,,,
YELKIK,1,,,
YELLAD,1,,,
DICSIS,1,,,
DAJJOQ,1,,,
DESFOA,1,,,
KAZMUW,1,,,
TIHDOG,1,,,
TIHFUO,1,,,
ZUVYUM,1,,,
ALUCER,1,,,
BOGTOI,1,,,
DAMDAA,1,,,
DETXOQ,1,,,
DUCLOE,1,,,
EGEDIF,1,,,
FACLEC,1,,,
FAWBEL,1,,,
FAWBEL02,1,,,
FAWBIP,1,,,
FITVAI,1,,,
HIJSIE,1,,,
IMORIL,1,,,
IMORIL01,1,,,
JILFUF,1,,,
RAZYUM,1,,,
RUPZUX,1,,,
SENTOV,1,,,
SUYZIY,1,,,
UCUVOH,1,,,
UPEWUI,1,,,
UZEQOI,1,,,
VUSFIY,1,,,
ZOHNAL,1,,,
AJETES,1,,,
ROHDIF,1,,,
COKLEX,1,,,
DAQHUB,1,,,
DAQHUB01,1,,,
DAQHUB02,1,,,
DAQJAJ,1,,,
DAQJEN,1,,,
DAQJIR,1,,,
DAQJUD,1,,,
DIPWAD,1,,,
GERFIS,1,,,
REFMIB,1,,,
VIRZOO,1,,,
VIRZUU,1,,,
VISBAD,1,,,
ZOLHEQ,1,,,
TOYPOO,1,,,
LUPYII,1,,,
TOPNAO,1,,,
VAWYIE,1,,,
WEZTUQ,1,,,
AJANUX,1,,,
AJAPAF,1,,,
INAFIM,1,,,
LILBUG,1,,,
NIFJAO,1,,,
VICQUX,1,,,
XORPIG,1,,,
ADUYAC,1,,,
ADUYIK,1,,,
ADUYOQ,1,,,
AFILOQ,1,,,
AFOJAJ,1,,,
BOCGUY,1,,,
BOHTOI,1,,,
BUYWAX,1,,,
CAHHOK,1,,,
CANWOD,1,,,
CAPHUX,1,,,
CAQKIS,1,,,
CIFPIR,1,,,
CRSBBZ10,1,,,
CUFWAF,1,,,
CUGHOF,1,,,
CYOLBU,1,,,
DAPVEW,1,,,
DATSIE,1,,,
DATZUW,1,,,
DEBVUC,1,,,
DOLTOP,1,,,
DOVHIF,1,,,
ECAPAC,1,,,
ELUSIR,1,,,
ELUSOX,1,,,
EZUGAH,1,,,
FELRIB,1,,,
FELRIB01,1,,,
FEMLUF,1,,,
FINCAH,1,,,
FINCAH01,1,,,
FINCEL,1,,,
FINCIP,1,,,
FIWDAU,1,,,
FIYWIT,1,,,
GIWXUJ,1,,,
GIWYAQ,1,,,
GOCZII,1,,,
GOMPED,1,,,
HAGPOW,1,,,
HEMSUR,1,,,
HETHOE,1,,,
HEXGIB,1,,,
HUBQAZ,1,,,
HUKZUL,1,,,
HUMXUJ,1,,,
HUMYAQ,1,,,
HUVBOR,1,,,
IFAKIJ,1,,,
IJAFUV,1,,,
ILIJOC,1,,,
ILIJUI,1,,,
ILOHIE,1,,,
IRENID,1,,,
ITELAU,1,,,
IXAZOX,1,,,
JEBZOG,1,,,
JEZYUI,1,,,
KAHJOS,1,,,
KAHJUY,1,,,
KALYEC,1,,,
KALYIG,1,,,
KECFAB,1,,,
KENBUA,1,,,
KOHGEU,1,,,
KUCGEX,1,,,
KUCGIB,1,,,
KUPNEP,1,,,
LAFDEF,1,,,
LAYKUR,1,,,
LIDMAN,1,,,
LODNIB,1,,,
TAHCIP,1,,,
XAGYOT,1,,,
XAQQUB,1,,,
ABAWUZ,1,,,
ARAWOH,1,,,
CAGKEB,1,,,
CAGKIF,1,,,
CEDHIG,1,,,
CIYYUI,1,,,
CIYZIX,1,,,
DOQMOO,1,,,
EGUPAB,1,,,
EHEBOI,1,,,
FANTEU,1,,,
FASFEL,1,,,
HAJWUO,1,,,
HAKFUY,1,,,
HOHCUD,1,,,
INEVAB,1,,,
LAXBES,1,,,
LIQQAD,1,,,
NORXIB,1,,,
NORXOH,1,,,
OLUMAM,1,,,
OLUMEQ,1,,,
OQOQER,1,,,
OVOSOJ,1,,,
POZQIF,1,,,
QERYOB,1,,,
RABJEF,1,,,
RILNEI,1,,,
SAKPAX,1,,,
SUJXUU,1,,,
TOMXAV,1,,,
TOPDEK,1,,,
TUXPAD,1,,,
VAMDOF,1,,,
VAYMAM,1,,,
VAYMEQ,1,,,
VAYMIU,1,,,
VEFYUB,1,,,
VEFZIQ,1,,,
WUJPUM,1,,,
XUWLUA,1,,,
YONCOT,1,,,
YUNTAC,1,,,
ZOZPUD,1,,,
ATAFAE,1,,,
AYITOU,1,,,
DAHJII,1,,,
DBZCDC,1,,,
DECHIC,1,,,
DIXWUC,1,,,
ERAWUP,1,,,
ERAXAW,1,,,
FIHSEW,1,,,
FIHSIA,1,,,
FINSEA,1,,,
FOYNAI,1,,,
FOYNAI01,1,,,
FUDYAE,1,,,
GAVJIW,1,,,
GAVJOC,1,,,
GAVJUI,1,,,
GEFLOU,1,,,
GOFYUX,1,,,
HEPOPH01,1,,,
HUDNAX,1,,,
IFUSAH,1,,,
IVUPOH,1,,,
JALHOT,1,,,
JUKBIA,1,,,
KADLEK,1,,,
LENLEV,1,,,
MEANLD,1,,,
MOKVEO,1,,,
MUGCIB,1,,,
MUJLUY,1,,,
NAWXAM,1,,,
NAWXEQ,1,,,
NAWXIU,1,,,
NOSCON,1,,,
NOSCUT,1,,,
OCOQUT,1,,,
ODIYIJ,1,,,
PIBTUQ,1,,,
QONFAB,1,,,
RACRET,1,,,
RALVIK,1,,,
REFNEY,1,,,
SABGUX,1,,,
SOWCEO,1,,,
TECKAQ,1,,,
VAXLEM,1,,,
VAXQOB,1,,,
VIJLAE,1,,,
VIJLEI,1,,,
VUTVEL,1,,,
VUXGIE,1,,,
WEJJUQ,1,,,
XEWDEI,1,,,
YEVPUK,1,,,
YODLEK,1,,,
HIWHUU,1,,,
MANRIG,1,,,
MOFYUB,1,,,
SENBIA,1,,,
TEPYOG,1,,,
BEDGEW,1,,,
BEDGEW01,1,,,
CERMER,1,,,
PIBXOR,1,,,
VIYCEP,1,,,
VUKBEL,1,,,
ACUZAD,1,,,
ASIMEU,1,,,
BAHXAN,1,,,
BEQPUJ,1,,,
CIQYIM,1,,,
COGZIJ,1,,,
COXMUB,1,,,
DASMOA,1,,,
DOQKID,1,,,
DUQMEJ,1,,,
DUXBUV,1,,,
EPUWIY,1,,,
FUDXAD,1,,,
GISCUH,1,,,
GOFXOO,1,,,
IDUYIS,1,,,
IJULUU,1,,,
IXAZUD,1,,,
KAHQEP,1,,,
KAHQIT,1,,,
KUBCOZ,1,,,
LAMNIX,1,,,
LEZHAA,1,,,
LEZHEE,1,,,
MOZQOH,1,,,
NAHTIZ,1,,,
RISBOK,1,,,
ROPKEM,1,,,
ROPKIQ,1,,,
SEQMOQ,1,,,
TAYJUY,1,,,
TOTCEK,1,,,
TUGWAV,1,,,
TUJXIH,1,,,
VUWLEG,1,,,
VUWLOQ,1,,,
VUWMIL,1,,,
VUWNAE,1,,,
VUWNOS,1,,,
VUWNOS01,1,,,
WASNIQ,1,,,
WURYAN,1,,,
WUZTES,1,,,
WUZTIW,1,,,
XAQQOV,1,,,
XAVBOL,1,,,
XIDLEC,1,,,
XIDLIG,1,,,
YIZPAC,1,,,
YOYHUS,1,,,
ZALGUO,1,,,
ZATFUX,1,,,
ZEFFAR,1,,,
ACIHOK,1,,,
AKUPIJ,1,,,
ATUFAY,1,,,
BOPGEV,1,,,
EZOCON,1,,,
GILKAP,1,,,
IZABOC,1,,,
JEMNOI,1,,,
JEZSIU,1,,,
MORVIA,1,,,
NUXRAC,1,,,
OFOLOL,1,,,
REYQAR,1,,,
TEJNUU,1,,,
VOTJOF,1,,,
RETKAC,1,,,
UGEGOF,1,,,
UGEGUL,1,,,
UGEHEW,1,,,
UGEHIA,1,,,
VUPHIY,1,,,
YOZYEU,1,,,
MUDGOH,1,,,
WUKXIJ,1,,,
ABIQEL,1,,,
DOKFUF,1,,,
ICEKEK,1,,,
ICEKIO,1,,,
MOHSUX,1,,,
NAQKEW,1,,,
QEJHIW,1,,,
UTEVOG,1,,,
XUWCUP,1,,,
ZIXBIR,1,,,
FUZPOJ,1,,,
HICTEW,1,,,
WAFFUI,1,,,
WAFGAP,1,,,
ZILPUJ,1,,,
PULJAK,1,,,
WOXBIY,1,,,
WOXBUK,1,,,
YOHGIP,1,,,
AXOQUB,1,,,
AXORAI,1,,,
CANQAJ,1,,,
DOQDOE,1,,,
ELAWOD,1,,,
EPEWIG,1,,,
LUMKAF,1,,,
MAPCAI,1,,,
NENDUF,1,,,
NICHAI,1,,,
NIJHEU,1,,,
NIMLUQ,1,,,
NIPFIE,1,,,
NOBLAS,1,,,
NOKZIW,1,,,
NUBMEC,1,,,
NUBMIG,1,,,
NUBMOM,1,,,
NUBMUS,1,,,
NUNHEJ,1,,,
OCBUME,1,,,
OXOKUK,1,,,
PEHSAA,1,,,
PIBSID,1,,,
QAMYOU,1,,,
QURGIT,1,,,
RALQEA,1,,,
RANZEP,1,,,
RANZOZ,1,,,
RAYBIF,1,,,
REFPIB,1,,,
SESFUT,1,,,
SUBZEX,1,,,
SULDUY,1,,,
SUXFIA,1,,,
UBUMIP,1,,,
UFOGOM,1,,,
ULOLIQ,1,,,
UWIWAZ,1,,,
VIKDEY,1,,,
VIPFIK,1,,,
VIVNAQ,1,,,
WETWIC,1,,,
WETXAV,1,,,
WILVUJ,1,,,
WILWOE,1,,,
WORMEV,1,,,
XELXUH,1,,,
XEWDAE,1,,,
XEZQUS,1,,,
XIZMID,1,,,
YEHQUX,1,,,
YENTAQ,1,,,
YUCWEA,1,,,
ZIMSEW,1,,,
ZUDJAM,1,,,
ULOXAY,1,,,
VABXOQ,1,,,
ZIDNUV,1,,,
WUKBEK,1,,,
WUKBEK01,1,,,
BIJJOT,1,,,
CEYHIX,1,,,
CEYHOD,1,,,
DERFOV,1,,,
DERFUB,1,,,
HUFWOX,1,,,
POZTON,1,,,
PUTMIE,1,,,
WEPVAO,1,,,
YUZNEM,1,,,
FUMROU,1,,,
FUMROU01,1,,,
HOGROM,1,,,
YOBTOY,1,,,
DIYSIQ,1,,,
RIKHUR,1,,,
ACAWUW,1,,,
AGAZEN,1,,,
DUKSAF,1,,,
ECOLIR,1,,,
ELUNOP,1,,,
FANLOW,1,,,
FANLUC,1,,,
GOMTOS,1,,,
LUMXIC,1,,,
QOCZEO,1,,,
SEDXEF,1,,,
SEDXIJ,1,,,
TAVLAE,1,,,
UKAPUU,1,,,
WETWUO,1,,,
XERHAE,1,,,
XIZMEZ,1,,,
XIZMOJ,1,,,
YUFQEW,1,,,
YUFQOG,1,,,
COGRAS,1,,,
ECEZAN,1,,,
ECEZER,1,,,
FIXTEL,1,,,
IVIPAG,1,,,
JEWFIA,1,,,
VEYDAE,1,,,
XIPPEV,1,,,
XIZMIF,1,,,
YABPOI,1,,,
TAXLIN,1,,,
XEJLEG,1,,,
YILJOS,1,,,
GATCUZ,1,,,
JUYWUV,1,,,
LOHXOV,1,,,
ABOMAF,1,,,
ADOZUO,1,,,
AGAJUP,1,,,
ALENUC,1,,,
AMOQAX,1,,,
ANOSON,1,,,
APUPAE,1,,,
AQITOM,1,,,
AQIVII,1,,,
AQIVUU,1,,,
ASIMIA01,1,,,
ATUFIG,1,,,
AYUWOH,1,,,
BAGKOM,1,,,
BANQUG,1,,,
BANRIU,1,,,
BANWUK,1,,,
BAPHAE,1,,,
BAPHIM,1,,,
BAPLUD,1,,,
BEBPIH,1,,,
BEBPIH10,1,,,
BIKXUQ,1,,,
BIMZOO,1,,,
BIVBOA,1,,,
BOBGIL,1,,,
BOSMEC,1,,,
BOYMUZ,1,,,
BPPHOX,1,,,
BUFGOB,1,,,
BUFNAS,1,,,
BUTYIB,1,,,
CABQAB,1,,,
CAKSEP,1,,,
CAZBEN,1,,,
CAZZAG,1,,,
CAZZEK,1,,,
CEHKOS,1,,,
CEHYIA,1,,,
CEHYOG,1,,,
CELMUD,1,,,
CERDUB,1,,,
CERFEN,1,,,
CERNIZ,1,,,
CERNOF,1,,,
CESWAC,1,,,
CESWEG,1,,,
CESWIK,1,,,
CESWOQ,1,,,
CESWUW,1,,,
CESXAD,1,,,
CESYIM,1,,,
CHTZDO01,1,,,
CIGMEO,1,,,
CIPXAA,1,,,
CISWOQ01,1,,,
CISXAD01,1,,,
CITBOY,1,,,
CITBUE,1,,,
COFFEK,1,,,
COFKUE,1,,,
COKYAD,1,,,
COLYIO,1,,,
COLYUA,1,,,
CONKIA,1,,,
CONKOG,1,,,
COQCUI,1,,,
COSQIL,1,,,
COZNIR,1,,,
CUGKAR,1,,,
CUGKAR01,1,,,
CUHKIC,1,,,
CUHKOI,1,,,
CUWKUD,1,,,
CUWLEO,1,,,
CUWLIS,1,,,
CUWLUE,1,,,
DABGUM,1,,,
DAFMAA,1,,,
DAFMEE,1,,,
DAHXIX,1,,,
DASZIH,1,,,
DEKTOC,1,,,
DEKYEB,1,,,
DEKYOL,1,,,
DEKYUR,1,,,
DEVVUW,1,,,
DEVWAD,1,,,
DEWWOS,1,,,
DIDMOV,1,,,
DIFPIT,1,,,
DIHBEE,1,,,
DIMVOM,1,,,
DIPGER,1,,,
DIRKUK,1,,,
DISPEC,1,,,
DIZDOH,1,,,
DIZFAV,1,,,
DODRAR,1,,,
DOJWOQ,1,,,
DUYFAH,1,,,
DUYFOV,1,,,
DUZBUW,1,,,
EFIVIB,1,,,
EGICIG,1,,,
EJAZUN,1,,,
EKAFUU,1,,,
EKUNEF,1,,,
EPITOP,1,,,
EPITUV,1,,,
EQOJEB,1,,,
EROYES,1,,,
ESIXAI,1,,,
ESOYOD,1,,,
ETERUT,1,,,
ETESAA,1,,,
ETESEE,1,,,
EVANIB,1,,,
EVOHED,1,,,
EWAVEG,1,,,
EWEXIP,1,,,
EWIPEH,1,,,
EZIXIV,1,,,
EZOPAN,1,,,
EZOPER,1,,,
EZOPIV,1,,,
FAFFUR,1,,,
FAFGIG,1,,,
FAFTAL,1,,,
FAHQEO,1,,,
FAHQIS,1,,,
FAHREP,1,,,
FALGUY,1,,,
FAQTAV,1,,,
FATSOI,1,,,
FENFOX,1,,,
FOLDIV,1,,,
FUFXIQ,1,,,
FUGKIE,1,,,
FUGKOK,1,,,
FUHFAS,1,,,
FUYHEN,1,,,
GATNAQ,1,,,
GEHBED,1,,,
GEHBIH,1,,,
GEVKOK,1,,,
GIWWEP,1,,,
GIWWIT,1,,,
GOCTUO,1,,,
GOCZAZ,1,,,
GUBHOB,1,,,
GUHLUR,1,,,
GUHMEB,1,,,
GUHMIG,1,,,
GUJBUL,1,,,
GUJNEG,1,,,
HAGMOS01,1,,,
HANGUC,1,,,
HAVDOY,1,,,
HEGBEE,1,,,
HEGTEW,1,,,
HIGROF,1,,,
HIZGOP,1,,,
HOBGAI,1,,,
HOBRIA,1,,,
HODCOV,1,,,
HONVIS,1,,,
HOPDUM,1,,,
HTMDEC01,1,,,
HUBXOU,1,,,
HUBXUA,1,,,
HUDQIJ,1,,,
HUPXAU,1,,,
HUXJIU,1,,,
ICERAK,1,,,
IDUSEI,1,,,
IFIJAJ,1,,,
IGODUG,1,,,
IHOCAM,1,,,
ILOZIV,1,,,
ILUTUH,1,,,
IMOGOI,1,,,
INUGAA,1,,,
IQUZOK,1,,,
ISEZEO,1,,,
ISEZIS,1,,,
ITABAJ,1,,,
ITOZUP,1,,,
ITUBAD,1,,,
IVIXAP,1,,,
IWEMIH,1,,,
IWIVIW,1,,,
IWOREU,1,,,
IXASEI,1,,,
IXAVIP,1,,,
IXAVUB,1,,,
IXOCIK,1,,,
IYUPOK,1,,,
IYUPUQ,1,,,
IYUQAX,1,,,
IZUZEL,1,,,
JABDOJ,1,,,
JAKGAH,1,,,
JEPFIW01,1,,,
JERRAA,1,,,
JERRII,1,,,
JERROO,1,,,
JERRUU,1,,,
JERSAB,1,,,
JEVZAM,1,,,
JIGLET,1,,,
JILMOJ,1,,,
JOGSEG,1,,,
JOXJIR,1,,,
JOYVOL,1,,,
JUJDID,1,,,
JUSMES,1,,,
JUSMIW,1,,,
JUSMOC,1,,,
JUWSOM,1,,,
JUYFUH,1,,,
KAMQAU,1,,,
KEFRUJ,1,,,
KIBMEQ,1,,,
KIFMEV,1,,,
KIFMIZ,1,,,
KIFMUL,1,,,
KIJFAK,1,,,
KILVUZ,1,,,
KIMMUR,1,,,
KINWEM,1,,,
KIQGEZ,1,,,
KIRYOA,1,,,
KIVHUU,1,,,
KIVJAC,1,,,
KODMIC,1,,,
KODYUY,1,,,
KOHKUP,1,,,
KUHMIL,1,,,
KUJPAJ,1,,,
KUPROF,1,,,
KUPXOL,1,,,
KUTDUB,1,,,
KUVXUW,1,,,
KUWXIK,1,,,
KUXSAY,1,,,
LAGBUU,1,,,
LAJDOT,1,,,
LAJMES,1,,,
LAJWUR,1,,,
LAJXAY,1,,,
LAJXEC,1,,,
LAKGUB,1,,,
LAXKOM,1,,,
LAXXUG,1,,,
LAXYAN,1,,,
LEGREX,1,,,
LEHPIA,1,,,
LEHPOG,1,,,
LELBUD,1,,,
LERHEZ,1,,,
LERREJ,1,,,
LETSUZ,1,,,
LEVLIJ,1,,,
LEVLOP,1,,,
LEWLIJ,1,,,
LEYMOT,1,,,
LIBFOV,1,,,
LIBPER,1,,,
LICTIC,1,,,
LIRTUB,1,,,
LIRZOE,1,,,
LIRZUK,1,,,
LOWGEL,1,,,
LOYRAV,1,,,
LOYXIJ,1,,,
LOZHIU,1,,,
LOZMOC,1,,,
LUCRIL,1,,,
LUHDEA,1,,,
LUKMAI,1,,,
LUMXUO,1,,,
LUPLAK,1,,,
LUPLEO,1,,,
LUPLIS,1,,,
LUPLOY,1,,,
LUPVOK,1,,,
LUTFIR,1,,,
LUVNAU,1,,,
MADKUB,1,,,
MALPAS,1,,,
MALPEW,1,,,
MAMJAO,1,,,
MANMOD,1,,,
MANPIE,1,,,
MANPOK,1,,,
MANPUQ,1,,,
MANQAX,1,,,
MANQEB,1,,,
MANQIF,1,,,
MANQOL,1,,,
MANQUR,1,,,
MAQBOY,1,,,
MAQBOY01,1,,,
MATZUF,1,,,
MAVBAP,1,,,
MAVXEQ,1,,,
MAVXIU,1,,,
MAVXUG,1,,,
MAVYAN,1,,,
MEGGEK,1,,,
MEMHIW,1,,,
MESCOG,1,,,
MESCUM,1,,,
MIGGER,1,,,
MIGHES,1,,,
MIGRAV,1,,,
MITKIM,1,,,
MIWCEC,1,,,
MIWCIG,1,,,
MIWPAL,1,,,
MIWPEP,1,,,
MIWPIT,1,,,
MIWPOZ,1,,,
MIWPUF,1,,,
MIWQAM,1,,,
MIWQEQ,1,,,
MIWQIU,1,,,
MIWQOA,1,,,
MIWQUG,1,,,
MIWVIZ,1,,,
MODGAQ,1,,,
MOJFEY,1,,,
MOVSUO,1,,,
MUPNEQ,1,,,
MURJAM,1,,,
NACJEK,1,,,
NADJOU,1,,,
NAGWAX,1,,,
NAJMIY,1,,,
NAQQUV,1,,,
NAQSAD,1,,,
NAWYUF,1,,,
NEBDII,1,,,
NEMNIG,1,,,
NEZROC,1,,,
NOMWUI,1,,,
NUHTES,1,,,
NUHZOI,1,,,
NUMJEL,1,,,
NUMJIP,1,,,
NUVNAW,1,,,
NUYYEO,1,,,
OBAVIW,1,,,
OBECUV,1,,,
OBOQAB,1,,,
OCADAX,1,,,
OCELER,1,,,
OCUYEU,1,,,
OCUYOE,1,,,
ODEMOD,1,,,
ODIVUV,1,,,
OFOMAY,1,,,
OGEFEN,1,,,
OGIGES,1,,,
OGUBAW,1,,,
OGUBEA,1,,,
OHIGIX,1,,,
OJIFEV,1,,,
OMIQUZ,1,,,
OMOYUM,1,,,
ONIZIV,1,,,
OQATEI,1,,,
OREKUU,1,,,
OSARAD,1,,,
OSEHIG,1,,,
OVIJOV,1,,,
OVOFOX,1,,,
OVOFUD,1,,,
OWUWOV,1,,,
OYOGIV,1,,,
OYOGOB,1,,,
OYOHAO,1,,,
OZIHAJ,1,,,
PAHMIY,1,,,
PASJAY,1,,,
PASYUG,1,,,
PAVLAD,1,,,
PAVLEH,1,,,
PAZDUR,1,,,
PAZFAZ,1,,,
PCYPTR01,1,,,
PEGWAA,1,,,
POBHIY,1,,,
POBHOE,1,,,
PUBQUA,1,,,
PUBREL,1,,,
PUBROV,1,,,
PUDZEW,1,,,
PUGTAP,1,,,
PUGTET,1,,,
PUGTIX,1,,,
PUGTOD,1,,,
PUJYUR,1,,,
PULBAC,1,,,
PUNNIW,1,,,
PUWMEC,1,,,
QABBIE,1,,,
QABPOA,1,,,
QABQAN,1,,,
QACPIV,1,,,
QAGGEM,1,,,
QEBKAL,1,,,
QEBKEP,1,,,
QEJWOV,1,,,
QEKBUE,1,,,
QILGAX,1,,,
QOGKIH,1,,,
QOGKON,1,,,
QOGKUT,1,,,
QOXWAE,1,,,
QQQHCD01,1,,,
QUFLOU,1,,,
QUFMAH,1,,,
QUNZUW,1,,,
QUPBAG,1,,,
QUPBEK,1,,,
QUQKET,1,,,
QUXYIU,1,,,
QUZLAB,1,,,
QUZLEF,1,,,
RAJXAC,1,,,
RAZMIQ,1,,,
REDMET,1,,,
REFLEX,1,,,
RELVAI,1,,,
RENYIU,1,,,
RENYUG,1,,,
RESLOR,1,,,
RIKLIJ,1,,,
RIPJUX,1,,,
RIPKUX,1,,,
RIRYEY,1,,,
RIXNAQ,1,,,
RIXXII,1,,,
RIZQEZ,1,,,
ROBNEE,1,,,
ROBNII,1,,,
RODHOK,1,,,
RODNIK,1,,,
ROJMEK,1,,,
ROKGII,1,,,
ROZMAV,1,,,
RUHWEW,1,,,
RUPLUM,1,,,
RUQCIS,1,,,
SAVHIH,1,,,
SAXCOM,1,,,
SEPTEO,1,,,
SEPTIS,1,,,
SIFXIR,1,,,
SIFXOX,1,,,
SIHNEG,1,,,
SISCII,1,,,
SISCOO,1,,,
SOCGEY,1,,,
SOCGIC,1,,,
SOKYUP,1,,,
SOLMEO,1,,,
SOLMIS,1,,,
SUFXOJ,1,,,
SUFYAW,1,,,
SUMVII,1,,,
SUTDUJ,1,,,
TABNIX,1,,,
TABNOD,1,,,
TADCEI,1,,,
TADCIM,1,,,
TAKGIV,1,,,
TAXQOZ,1,,,
TAYDAA,1,,,
TAZTCD01,1,,,
TEBREB,1,,,
TEGGOF,1,,,
TERYOH,1,,,
TIKHOL,1,,,
TIKVOZ,1,,,
TILDAX,1,,,
TONGIP,1,,,
TONKAL,1,,,
TOSDEM,1,,,
TOZCAP,1,,,
TUDTUK,1,,,
TUKTUR,1,,,
TUNWOQ,1,,,
TUTQIL,1,,,
UBIBOZ,1,,,
UCIZOZ,1,,,
UCOBEX,1,,,
UDIYIT,1,,,
UKAVOU,1,,,
UKEMAB,1,,,
UKEMEF,1,,,
UKINAF,1,,,
UKOYAX,1,,,
ULECOG,1,,,
UMUBIQ,1,,,
UNUNIC,1,,,
URIPAP,1,,,
URUMAX,1,,,
URUVIP,1,,,
URUXOX,1,,,
UTUFOH,1,,,
UTUGAS,1,,,
UYAQOD,1,,,
UYAVUM,1,,,
VAMWOX,1,,,
VAMYUH,1,,,
VAWRIY,1,,,
VAWYEB,1,,,
VAWYUR,1,,,
VAZKOZ,1,,,
VENSUD,1,,,
VERBEA,1,,,
VETSEU,1,,,
VIJLUW,1,,,
VIYYAG,1,,,
VIYYIO,1,,,
VIYYOU,1,,,
VIYYUA,1,,,
VIZHEU,1,,,
VODBAS,1,,,
VOFWIY,1,,,
VUWLUW,1,,,
WADCAJ,1,,,
WADCOX,1,,,
WAFHER,1,,,
WAFYEL,1,,,
WAFZIQ,1,,,
WAKGOI,1,,,
WATJOT,1,,,
WAXWEZ,1,,,
WERDIH,1,,,
WESWOG,1,,,
WEXQIA,1,,,
WOWYIT,1,,,
WOWYOZ,1,,,
WUBNIT,1,,,
WUKTOL,1,,,
WUPXAI,1,,,
WUVJOP,1,,,
WUVNUZ,1,,,
WUYWEV,1,,,
XAHTAB,1,,,
XAKCAQ,1,,,
XALKAY,1,,,
XAPGIG,1,,,
XASNAJ,1,,,
XEGYAL,1,,,
XELVER,1,,,
XEZYOQ,1,,,
XIFBAT,1,,,
XOLVID,1,,,
XOVYAI,1,,,
XOYZAO,1,,,
XUBYID,1,,,
XUBYOJ,1,,,
XUBYUP,1,,,
XUDPOC,1,,,
XUDROG,1,,,
XUDROG01,1,,,
XUDROG02,1,,,
XUDROG03,1,,,
XUDROG04,1,,,
XUKGUI,1,,,
XUKHAP,1,,,
YABCEM,1,,,
YAFFIV,1,,,
YAPLAG,1,,,
YARYID,1,,,
YARYOJ,1,,,
YEMJIM,1,,,
YICBAP,1,,,
YIDWOX,1,,,
YIDWOX10,1,,,
YIJQIR,1,,,
YITSUS,1,,,
YITTED,1,,,
YODREQ,1,,,
YUDFIP,1,,,
YUFJEP,1,,,
YUFJIT,1,,,
YUJBAJ,1,,,
YUJBIR,1,,,
YUJBOX,1,,,
ZACDOA,1,,,
ZADROL,1,,,
ZAGGET,1,,,
ZAGNII,1,,,
ZAGPAC,1,,,
ZAGPEG,1,,,
ZAWGIQ,1,,,
ZERQIW,1,,,
ZERSIA,1,,,
ZIBGEZ,1,,,
ZIJVEX,1,,,
ZILSUM,1,,,
ZISGAL,1,,,
ZODLUB,1,,,
ZOFQUI,1,,,
ZUQGUP,1,,,
ZUTVUI,1,,,
ZUTWOD,1,,,
GOXFIL,1,,,
CUVHIN,1,,,
DIJCEH,1,,,
GACCOH,1,,,
DUMWOA,2,,,
GENREA,2,,,
NUWVOU,2,,,
QUFYOH,2,,,
SUNSIG,2,,,
VABFEO,2,,,
YOFLEM,2,,,
KAFSEU,2,,,
KAFSUK,2,,,
LEZRAN,2,,,
LEZSAO,2,,,
OCEFIP,2,,,
XUHPAV,2,,,
ABIZUG,2,,,
ADOCAZ,2,,,
AKEDUP,2,,,
AKEFAX,2,,,
ALABEV,2,,,
ALABIZ,2,,,
AVEROI,2,,,
BAGBUJ,2,,,
BAGROQ,2,,,
BEKXIC,2,,,
CAWYEF,2,,,
CAZCUB,2,,,
CEFHUQ,2,,,
CHBZOB20,2,,,
CIRZOV,2,,,
COGTIE,2,,,
COYCAU,2,,,
CUNLUS,2,,,
CUSCEY,2,,,
DAPQET,2,,,
DAXMOE,2,,,
DAXMUK,2,,,
DIJJUB,2,,,
DOLCIS,2,,,
EGECAW,2,,,
FEQRIC,2,,,
FINRUQ,2,,,
FOBLIR,2,,,
GUFXIP,2,,,
HACYOA,2,,,
IFEMOV,2,,,
IGONIB,2,,,
IYETUB,2,,,
IYEVAJ,2,,,
IYEVEN,2,,,
KAKKUE,2,,,
KAKLAL,2,,,
LOSROC,2,,,
LOWJOW,2,,,
LUMQAL,2,,,
MAXDAR,2,,,
MERDIA,2,,,
MIQYOA,2,,,
NOTJEL,2,,,
NUGZEW,2,,,
NUNYAW,2,,,
NUNYEA,2,,,
NUVMEW,2,,,
NUVMIA,2,,,
OCLPHA,2,,,
ONEPIH,2,,,
OXEJOT,2,,,
OXEJUZ,2,,,
QETWAN,2,,,
QIFHOC,2,,,
QOPQUI,2,,,
RADBIH,2,,,
RAMPUR,2,,,
RAPNOL,2,,,
REFYOS,2,,,
RELZIU,2,,,
REMBET,2,,,
RIDMIA,2,,,
ROXTOP,2,,,
RUDTES,2,,,
RUDTIW,2,,,
RUDTOC,2,,,
SAKTII,2,,,
SELNAA,2,,,
SICNAU,2,,,
SIGCIU,2,,,
SIGCOA,2,,,
SIGDAN,2,,,
SIGDAN01,2,,,
SIGDER,2,,,
SOCXOX,2,,,
SUWLAX,2,,,
SUWLAX01,2,,,
SUWLAX02,2,,,
TACTOI,2,,,
TADCOQ,2,,,
TATCAU,2,,,
TAYKIN,2,,,
TENMAA,2,,,
TOKSUH,2,,,
UBUQEP,2,,,
URURUX,2,,,
VASPIP,2,,,
VEHYIQ,2,,,
VETGAD,2,,,
VINPUE,2,,,
VUHXUT,2,,,
WAFXEI,2,,,
WINWOH,2,,,
XELJOO,2,,,
XEMZOI,2,,,
XEQYEY,2,,,
XODHIH,2,,,
XOZBAP,2,,,
YIBWOY,2,,,
ZAGYIT,2,,,
ZEVPIZ,2,,,
ZOQRAA,2,,,
CIQMOI,2,,,
DIPXEI,2,,,
WEHSUA,2,,,
YADVIM,2,,,
ZEZBUF,2,,,
ZEZCAM,2,,,
DOGFOU,2,,,
THYMEA20,2,,,
WEPVIW,2,,,
ACEBUG,2,,,
AHAWUF,2,,,
APEGEK,2,,,
BAMANT10,2,,,
BEHXIW,2,,,
CAZFIS,2,,,
CAZFOY,2,,,
CEMXEX,2,,,
CIDMOR,2,,,
CIDMUX,2,,,
CIDNAE,2,,,
CIDNEI,2,,,
CIFHII,2,,,
CIYQEG,1,,,
CIZQAH,2,,,
CUGPUT,2,,,
CUHVIM,2,,,
CULVUA,2,,,
DISKEV,2,,,
DISKEV01,2,,,
DISYIN,2,,,
DUGDER,1,,,
DULYIS,2,,,
GEXJIC,2,,,
HILCUE,2,,,
JAWTIK,2,,,
JAZVOW,2,,,
JIVXAR,2,,,
JOYRUK,2,,,
NINKOK,2,,,
NOSHEP10,2,,,
RICCIR,1,,,
TANDEM30,2,,,
WEDNEZ,2,,,
WEGZAJ,2,,,
YAJPEF,2,,,
YEBMEX,2,,,
ZAPKOQ,2,,,
ZILHAD,2,,,
ZOMPEZ,2,,,
AZULAL,2,,,
BEQSOJ,2,,,
BIXKOL,2,,,
CEPCIK,2,,,
CEPCOQ,2,,,
EMEZOO,2,,,
JOJJOI,2,,,
JOJKEZ,2,,,
KEQLOH,2,,,
KEWYUH,2,,,
LALCUY,2,,,
LEWBUK,2,,,
NOJZER,2,,,
NUWRAB,2,,,
OKONIN,2,,,
QAVMUX,2,,,
QIXPES,2,,,
QOYLIC,2,,,
QOYLUO,2,,,
SIRZAU,2,,,
TAXMAH,2,,,
TAXMEL,2,,,
UYIXOS,2,,,
VURMOK,2,,,
ZARWUN,2,,,
ZERQIZ,2,,,
ZERQOF,2,,,
NANHIX,2,,,
GIPXIP,2,,,
KIDVAV,2,,,
RAKHIU,2,,,
YELSER,2,,,
ATOYUG,2,,,
ATOYUG01,2,,,
ATOZOB,2,,,
ATOZUH,2,,,
ATUBAV,2,,,
AVAFIN,2,,,
AZIMAA,2,,,
BAFFAU,2,,,
DAMLAI,2,,,
DAMLIQ,2,,,
DAMLOW,2,,,
DAMLUC,2,,,
DAMMAJ,2,,,
DANYAV,2,,,
DIWVIO,2,,,
DUPCIE,2,,,
EBUDIO,2,,,
EBUDIO01,2,,,
ELACUT,2,,,
EVISAG,2,,,
EVISEK,2,,,
FIFLIT,2,,,
IMUMUB,2,,,
IMUNEM,2,,,
IMUNOW,2,,,
IMUNUC,2,,,
JUMZAS,2,,,
JUYGUI,2,,,
JUYHET,2,,,
JUYHUJ,2,,,
JUYJAR,2,,,
KOMPEI,2,,,
NERYOB,2,,,
YAZPEY,2,,,
PUHVAP,2,,,
ECALUT,2,,,
GULZUM,1,,,
JOWWOL,2,,,
JOWWUR,2,,,
JOWXAY,2,,,
JOWXUS,2,,,
JOWYAZ,2,,,
KATJAS,2,,,
LEJPAT01,2,,,
MOGLED,2,,,
MOVBAC,2,,,
NOKWET,2,,,
PAJDUZ,2,,,
QARFOI,2,,,
TAHKAR,2,,,
UHICEX,2,,,
UZEMET,2,,,
XAHKIA01,2,,,
XUWLEK,1,,,
XUWLIO,1,,,
XUWLOU,1,,,
BAKVAO,2,,,
IXEWOX,2,,,
JUPWIA,2,,,
MANTUU,2,,,
NEGMER,2,,,
PAXWUK,1,,,
YEFHOK,2,,,
TIWLUG,2,,,
TUCKUX,2,,,
VURBUF,2,,,
XAVBIF,2,,,
YUTYAO,2,,,
REFVON,2,,,
JABTIU,2,,,
QEYDIL,2,,,
TIDVUB,2,,,
PYRAMM,2,,,
PUBYIU,2,,,
NUHBAT,2,,,
WONVUQ,2,,,
BIHPUE,2,,,
TAWFAY,2,,,
XEJTAH,2,,,
XEJTEL,2,,,
PAWWAN,2,,,
GABKUP,2,,,
HODZCH,2,,,
PYCRYT,2,,,
TOXYOU,2,,,
VOCKEE,2,,,
ZOXHPB,2,,,
DUGBUD01,2,,,
YILSIW,2,,,
SOMSIW,2,,,
HOMNEC,2,,,
KINLEA,2,,,
KEFMEQ,2,,,
YUZHAE,2,,,
REKYEN,2,,,
ASIMIA,2,,,
AVUNOX,2,,,
AVUPAL,2,,,
AWUROA,2,,,
AWUWUL,2,,,
BIHQAL,2,,,
BIMXOL,2,,,
BIMXUR,2,,,
BURKAB,2,,,
BURKEF,2,,,
BURKUV,2,,,
CENKUF,2,,,
CEVJOE,2,,,
CEVZOS,2,,,
CIMCIM,2,,,
COMTII,2,,,
CURFIG,2,,,
DAGKAB,2,,,
DATNOF,2,,,
DOGFUA,2,,,
DUWFIL,2,,,
EKAGUS03,2,,,
ELAKUY,2,,,
ELALAF,2,,,
ELUCEU,2,,,
EPIRUR,2,,,
EXESAC,2,,,
FEKWAU,2,,,
FIFTAR,2,,,
FOMLUQ,2,,,
FOQYAO,2,,,
FUSGIK,2,,,
FUWJEP,2,,,
GANDAC,2,,,
GANDEG,2,,,
GAQXIG,2,,,
GEFVIZ,2,,,
GUGPOO,2,,,
GUHMEB01,2,,,
GUHMEB02,2,,,
HEQQOJ,2,,,
HIBNAJ,2,,,
HIJXOO,2,,,
IFAJOR,2,,,
IFAJUX,2,,,
IFAKAE,2,,,
IFAKEI,2,,,
IFAKIM,2,,,
IFAMUX,2,,,
IFAVOC,2,,,
IFOLUM,2,,,
IGIBAC,2,,,
IGIBIK,2,,,
IGIBOQ,2,,,
IGICAD,2,,,
IHOCEQ,2,,,
IHOCIU,2,,,
IMIYAE,2,,,
IPATIC,2,,,
ITUREX,2,,,
IXOYIF,2,,,
JAGFUS,2,,,
JAXQEE,2,,,
JIHFEL,2,,,
JIHFIP,2,,,
KANMUI,2,,,
KEVWUE,2,,,
KINMEB,2,,,
KOBYEF,2,,,
LAMROH,2,,,
LAMRUN,2,,,
LIDWUU,2,,,
LUPLUE,2,,,
LUQSUL,2,,,
MARHUM,2,,,
MOKSUC,2,,,
MUHDOL,2,,,
MUZGOF,2,,,
MUZJOJ,2,,,
NACMIQ,2,,,
NACMOW,2,,,
NADJIO,2,,,
NAYJON,2,,,
NAYKUU,2,,,
NEMYOW,2,,,
NODVIN,2,,,
NODWEK,2,,,
NOVMUI,2,,,
NURMOE,2,,,
NURMOE01,2,,,
NUTBIQ,2,,,
NUXHIZ,2,,,
OFOQIM,2,,,
OPAWUA,2,,,
OZEBUR,2,,,
OZECAY,2,,,
OZECAY01,2,,,
OZECAY02,2,,,
PIBREA,2,,,
PIFJEW,2,,,
PIFJIA,2,,,
PIFJUM,2,,,
PIFTUW,2,,,
PIFVAE,2,,,
PIFVIM,2,,,
PIFVOS,2,,,
PIFWAF,2,,,
PIWBEC,2,,,
POZZEK,2,,,
PUBYAM01,2,,,
PUDWUH,2,,,
PUDXAO,2,,,
PUDZEU,2,,,
PUDZIY,2,,,
PUXGUK,2,,,
PUZLAY,2,,,
QELTIL,2,,,
RAWQUD,2,,,
REFWII,2,,,
RIBLUJ,2,,,
RIZZEI01,2,,,
RIZZOS,2,,,
ROZQEE,2,,,
SABMIS,2,,,
SARPAE,2,,,
SEPHEB,2,,,
SEQNEK,2,,,
SOLMAK,2,,,
SUBZIY,2,,,
SUBZOE,2,,,
TETVUN,2,,,
TUHWOL,2,,,
UVUJUR,2,,,
VETZAX,2,,,
VIXNUM,2,,,
VOFRIT,2,,,
WECPAV,2,,,
WEHTEL,2,,,
WEPHUV,2,,,
WIQHUC,2,,,
WIQJAK,2,,,
WITHAI,2,,,
WOHJOS,2,,,
XACVED,2,,,
XAHHAR,2,,,
XAHHEV,2,,,
XAHHOF,2,,,
XAHHUL,2,,,
XAMQOU,2,,,
YEVMIZ,2,,,
YEVWAB,2,,,
YIBDIY,2,,,
YUJFUE,2,,,
ZAXPUM,2,,,
ZIVDEN,2,,,
ROYVAE,2,,,
BUNMIK,2,,,
APUPOR,2,,,
APUPUX,2,,,
DOYKIM,2,,,
DOYKOS,2,,,
GIBZIC,2,,,
GIBZOI,2,,,
GIGSIZ,2,,,
INALAN,2,,,
JIPTOS,2,,,
JIPTUY,2,,,
LUMXOJ,2,,,
MUFDUN,2,,,
NILKIE,2,,,
OKECOW,2,,,
QIWCAC,2,,,
